RISK_RANK,UNITID,INSTNM,FINANCE_SECTOR,OOS_CLOSURE_RISK,CLOSED_WITHIN_3Y,ENROLLMENT_CHANGE_2019_2022_W,LIABILITIES_TO_ASSETS_W,OPERATING_MARGIN_W,TUITION_DEPENDENCE_AUDITED_W
1,451857,Remington College-Houston Southeast Campus,Private nonprofit,0.4216593688735996,0,-0.6039483821263482,2.5930047696427296,-0.3500709356458667,0.7781047263810137
2,447801,University of East-West Medicine,For-profit,0.4007012794937764,0,-0.4715909090909091,2.5930047696427296,0.04304822579946905,0.8298746349862932
3,445133,American InterContinental University-Houston,For-profit,0.34950966137830697,0,-0.4375,2.5930047696427296,-0.22050226343265883,0.9991140350508778
4,445203,Remington College-North Houston Campus,Private nonprofit,0.34595508726642105,0,-0.5465686274509803,2.5609987451881153,0.04330290748351753,0.8111897119416072
5,244233,City College-Fort Lauderdale,For-profit,0.32590778229591205,0,-0.6039483821263482,1.4035728799024705,0.17266237082705646,0.720422048020716
6,456205,Miller-Motte College-Raleigh,For-profit,0.32316809100388166,0,-0.6039483821263482,1.6233214036865775,-0.22683645507317463,0.9982376506227556
7,494551,Glasgow Caledonian New York College,Private nonprofit,0.2914002852099692,0,-0.47692307692307695,2.5930047696427296,0.001158777801004169,0.06780230572328955
8,458681,Fortis College-Indianapolis,For-profit,0.2750028576770617,0,-0.34507042253521125,2.5930047696427296,-0.13124324256452272,1.0000026906420814
9,198978,Miller-Motte College-Wilmington,For-profit,0.2609172487938087,0,-0.6039483821263482,1.272849711332889,0.10076542641977591,0.9987619719628218
10,164641,Bay State College,For-profit,0.25166756261603235,1,-0.6039483821263482,1.7205750923740646,-0.2074151555284584,0.7777315197282176
11,449861,Milwaukee Career College,For-profit,0.24865690899254056,0,-0.6039483821263482,0.8610368157359604,-0.5657035628137295,0.9358596138116061
12,114123,Empire College,For-profit,0.24830923640622704,0,-0.6039483821263482,0.704901431850101,-0.5232982338782409,0.9799526963668181
13,205559,Hussian College-Daymar College Columbus,For-profit,0.24210513781997536,0,-0.6039483821263482,0.7325143627649491,-0.4258403174952096,0.9988677911067971
14,446002,American Academy of Health and Wellness,For-profit,0.23629392708075922,0,-0.6039483821263482,0.9786125970619974,0.19351528097664594,0.9527787390956717
15,461953,Colorado Academy of Veterinary Technology,For-profit,0.23507440422291873,1,-0.6039483821263482,0.6721716322798722,0.036830151211137085,0.7674203090416399
16,416458,Premiere Career College,For-profit,0.23259038826259337,0,-0.6039483821263482,0.4454590936645841,-0.5904813323156037,0.9828715281871795
17,382957,Fortis College-Richmond,For-profit,0.22651711455827786,0,-0.31189083820662766,2.5930047696427296,-0.1671157159835994,0.9991476707721241
18,220002,Hussian College-Daymar College Nashville,For-profit,0.2263175843003764,0,-0.6039483821263482,0.8774982218004935,0.07751878532057566,0.9976196658876483
19,419341,Jna Institute of Culinary Arts,For-profit,0.22163597645792635,0,-0.6039483821263482,0.4145143147796446,-0.28980954900145484,0.6898525327337653
20,451820,The Art Institute of Austin,For-profit,0.2209669680658876,0,-0.6039483821263482,0.275454031621274,0.11738631602103002,0.5846603149240798
21,458982,The Art Institute of San Antonio,For-profit,0.21985353730582619,0,-0.6039483821263482,0.2802263683887222,-0.08782830102257877,0.6910119207483632
22,458496,The Art Institute of Virginia Beach,For-profit,0.21918316081070371,0,-0.6039483821263482,0.36145016361086585,0.011171438661053648,0.602464678567999
23,120184,Notre Dame de Namur University,Private nonprofit,0.2191594644843127,0,-0.6039483821263482,0.4063716632509818,-1.1991091586273903,0.42471554495150526
24,133854,Concorde Career Institute-Miramar,For-profit,0.21456964201619316,0,-0.35306122448979593,1.6650270536153469,-0.24307304785894207,0.7407340770061173
25,460835,Miller-Motte College-Conway,For-profit,0.21346334024014002,0,-0.6039483821263482,0.7799573143909154,0.20971323184187776,0.9996241082601129
26,441025,Miller-Motte College-Charleston,For-profit,0.2116407216488658,0,-0.5766423357664233,0.8700603066515343,-0.0676528439780394,0.9986282948119962
27,204608,Ohio Technical College,For-profit,0.19960747437357781,0,-0.6038135593220338,0.5508146967423191,-0.029827663736594213,0.9851898653852496
28,224776,Miami International University of Art & Design-Art Institute Dallas,For-profit,0.19861552086072087,0,-0.48940269749518306,0.537591800840447,0.033282790794192815,0.6028476085130665
29,367112,Miller-Motte College-McCann-Monroe,For-profit,0.19720564241412258,0,-0.5272206303724928,1.046012108449592,0.14892848160994812,0.9985237286574055
30,212434,Erie Institute of Technology Inc,For-profit,0.19406606632190795,0,-0.39555555555555555,0.3311037106329903,-5.074293558030919e-05,0.18878708571048253
31,444361,ATA College,For-profit,0.19386738772834006,0,-0.34146341463414637,1.0,-0.2527270394891567,0.5010437081750607
32,408729,Laurel Technical Institute,For-profit,0.19321021404863753,0,-0.6039483821263482,0.07572807225271569,-0.07500434834207292,0.8846317346713878
33,483221,Learnet Academy Inc,For-profit,0.1919721967050815,0,-0.6039483821263482,0.384258617738399,0.05758004385206499,0.9134907350408433
34,102058,Selma University,Private nonprofit,0.18874892796451345,0,-0.6039483821263482,0.2862551282895268,0.6092666656112815,0.0438915505383184
35,460817,Miller-Motte College-Jacksonville,For-profit,0.1886363618549779,0,-0.5698630136986301,0.467988431242017,-0.057561224244819416,0.9999420121774427
36,369400,Universal Technical Institute-Auto Motorcycle & Marine Mechanics Institute Division-Orlando,For-profit,0.18801485671143467,0,-0.5636279500231375,0.591607386982413,0.09394860458690246,0.9726641140015
37,138813,The Art Institute of Atlanta,For-profit,0.18495780749745563,1,-0.5,0.5721637134332574,-0.06880539300026983,0.6641675477364232
38,208725,New Hope Christian College-Eugene,Private nonprofit,0.1849218701047374,0,-0.5869565217391305,0.294879210213755,0.001293393834565586,0.1294049531241161
39,460376,Fairfax University of America,Private nonprofit,0.17899774806589397,0,-0.6039483821263482,0.06655985174286076,0.08660383661050278,0.044003502283950675
40,135610,Trinity International University-Florida,Private nonprofit,0.17726700930253486,0,-0.42857142857142855,2.5930047696427296,-0.275993276417026,0.891385123904782
41,142887,American Academy of Art College,For-profit,0.1754610618539559,1,-0.4585365853658537,0.9785247222602186,-0.1886514155990282,0.8885683554154461
42,203739,Ohio Business College-Sandusky,For-profit,0.17545343520212112,0,-0.6039483821263482,0.1944278080689446,-0.38633566245801493,0.9986474431279948
43,458405,Miller-Motte College-Fayetteville,For-profit,0.1736224224400342,0,-0.5599078341013825,0.5772770226402627,0.16440367590773616,0.997538095396163
44,480851,Miami Media School,For-profit,0.1725331807162782,0,-0.6039483821263482,0.34383157063896685,0.17492644465848742,0.9155870654883776
45,112570,Columbia College Hollywood,Private nonprofit,0.1706826561546994,1,-0.6039483821263482,1.4654410096981072,0.02184975050726121,0.6885639939977882
46,460756,Hawaii Medical College,For-profit,0.16889097872023104,0,-0.5638977635782748,0.1677424039151345,0.05935785596725442,0.9382957709795928
47,369516,Bryan University,For-profit,0.16798712483556427,0,-0.5072992700729927,0.3931595422808489,-0.32838159321516774,0.9617115576652121
48,461643,Bergin University of Canine Studies,Private nonprofit,0.16735189632134737,0,-0.5932203389830508,0.2378940197950817,0.07503600210958852,0.16057891592369053
49,153427,Orion Technical College,For-profit,0.16201074239644267,0,-0.44029850746268656,0.7699872989054688,0.06775861540549652,0.7822150053196381
50,490319,Yeshiva Bais Aharon,Private nonprofit,0.16195457102467806,0,-0.6039483821263482,0.32695493799089115,0.012999463723437084,0.4226228817325428
51,146667,Lincoln Christian University,Private nonprofit,0.16150893986494466,1,-0.6039483821263482,0.39267182194423605,-0.07180985477618049,0.3635700049148006
52,459268,South University-Virginia Beach,For-profit,0.16006002287175997,0,-0.39086294416243655,0.3786705520746454,-0.35503397380672486,0.5935318103854534
53,456579,Miller-Motte College-McCann-Allentown,For-profit,0.15637353742774607,0,-0.5254582484725051,0.6446511453459479,0.02560813809663832,0.9969160498635006
54,458441,Miller-Motte College-Columbus,For-profit,0.15461847877474574,0,-0.3736951983298539,1.4971717875382042,0.33955657331095856,0.9998088477513051
55,451228,MyComputerCareer at Indianapolis,For-profit,0.15073396860083574,0,-0.32342007434944237,1.5291215649964125,-0.441142015988045,1.0
56,133526,Edward Waters University,Private nonprofit,0.1485690094667295,0,-0.6039483821263482,0.23828719986465832,0.05859222415663004,0.3303847595436274
57,206394,The North Coast College,For-profit,0.14801662977783536,1,-0.38961038961038963,0.8800538619962749,-0.17868748340011778,0.7200053119623082
58,480037,MyComputerCareer at Raleigh,For-profit,0.14552851546206175,0,-0.3876651982378855,1.0431551972605486,-0.29403718470390217,1.0
59,212993,Hussian College-Philadelphia,For-profit,0.1421729710326422,1,-0.375,0.8774982218004935,0.07751878532057566,0.7697903120364968
60,461281,Jose Maria Vargas University,For-profit,0.13954623328332955,0,-0.6039483821263482,0.007800661403613337,0.27418111839535875,1.0
61,375416,Remington College-Cleveland Campus,Private nonprofit,0.13798804541690327,0,-0.5441176470588235,1.7747202989182753,0.11952099571452741,0.8153710146632756
62,445461,Altierus Career College-Bissonnet,Private nonprofit,0.13658479217854336,0,-0.4247787610619469,2.5930047696427296,0.1423360178977896,0.7926264101578617
63,392415,Fortis College,For-profit,0.1365520568924987,0,-0.31016042780748665,1.3385108466068225,-0.22873022845189375,1.0000031409296475
64,377111,Remington College-Fort Worth Campus,Private nonprofit,0.13626747886009294,0,-0.6039483821263482,0.9851564505943665,0.19777039964159712,0.7619127034949535
65,222938,The Art Institute of Houston,For-profit,0.13615609166110218,1,-0.5541490857946554,0.24994105560184834,-0.31187763337170804,0.648424195247398
66,450067,Fortis College-Cincinnati,For-profit,0.13569477619630163,0,-0.14564831261101244,2.5930047696427296,-0.022382618234792928,0.9999017573376088
67,366605,Southwest Acupuncture College-Santa Fe,For-profit,0.13386283221974982,1,-0.6039483821263482,0.07463529065821618,-0.255764771776144,0.7701851736064954
68,373085,Ross College-Davenport,For-profit,0.13352456484670175,0,-0.48148148148148145,0.38158887276221676,-0.14467078451547924,1.0
69,197993,Bennett College,Private nonprofit,0.13101811421810225,0,-0.45980707395498394,0.1863888936384722,-0.02948791256081574,0.01778100755888318
70,172477,Western Michigan University-Thomas M. Cooley Law School,Private nonprofit,0.12904950022796988,0,-0.5331125827814569,0.5332277417417073,-1.6321584461883332,1.1168692167552512
71,198677,Heritage Bible College,Private nonprofit,0.12739104503860837,0,-0.6039483821263482,0.024813622531943868,0.02340482393149765,0.5034818260629619
72,490054,HCI College,For-profit,0.12683447229640146,0,-0.5519379844961241,0.4302032234813082,0.07122754366104224,0.8601506954776478
73,442134,Pima Medical Institute-Colorado Springs,For-profit,0.12676656419297275,0,-0.377431906614786,0.6384977191226744,-0.09123026070710043,0.8018422720860384
74,124283,Claremont School of Theology,Private nonprofit,0.1267550704492054,0,-0.4078549848942598,0.5041446387843815,-0.9644459577918763,0.25768930709326665
75,220118,Chattanooga College Medical Dental and Technical Careers,For-profit,0.12577481735613125,0,-0.562624254473161,0.5119155844155844,-0.037653218664049144,0.9630320057277258
76,385503,Fortis Institute-Scranton,For-profit,0.1250605455644329,0,-0.2526690391459075,1.6354134874047996,-0.1888260677307077,0.9987419716061207
77,131803,Strayer University-District of Columbia,For-profit,0.12349114525413292,0,-0.5558282208588957,0.5592001113372649,0.05782003946160308,0.9926619976948172
78,203289,International College of Broadcasting,For-profit,0.12337020288053627,1,-0.48717948717948717,0.5748482976708541,-0.16775192986669002,0.7209265165624134
79,475060,Miller-Motte College-Macon,For-profit,0.12329291263459662,0,-0.3558282208588957,1.2194104478927361,0.1779375950512448,0.997386498304512
80,112394,University of Silicon Valley,For-profit,0.12327116576293516,0,-0.29347826086956524,1.430649654165323,-0.04897899427445637,0.9890438704106129
81,434432,Myotherapy Institute,For-profit,0.12188924426560115,0,-0.23529411764705882,0.43069784464977495,0.4131282586027112,0.2473166492874522
82,488068,Huntington University of Health Sciences,For-profit,0.12105296519673968,1,-0.4928571428571429,0.30594026741876845,0.0677319687938149,0.9234360619338455
83,452124,Fortis Institute-Nashville,For-profit,0.12046127972361623,0,-0.10304449648711944,2.5930047696427296,-0.04487388898392649,0.9999051266418231
84,104090,Brookline College-Phoenix,For-profit,0.12033671959916316,0,-0.38800827015851136,0.7636217334332013,0.20869439306371482,1.0
85,417752,Messenger College,Private nonprofit,0.11940220090883283,0,-0.5869565217391305,0.016627670823851224,-0.04052359241692176,0.3608079748759175
86,486017,Yeshiva Ohr Yisrael,Private nonprofit,0.11802799614452102,0,-0.5,0.13081215476844352,0.5319606872428317,0.14655356735751487
87,388520,College of Biblical Studies-Houston,Private nonprofit,0.11681491635033034,0,-0.5543478260869565,0.07653114397211576,0.00036594310783176845,0.21345040671886462
88,418889,North Central Institute,For-profit,0.11604708291047203,0,-0.33766233766233766,0.10310868333272132,0.016991621825184218,0.4984796602141521
89,145239,Fox College,For-profit,0.11492267252144676,0,-0.44124168514412415,0.13944751644268874,0.27427169044255795,0.852777791870416
90,121275,Platt College-San Diego,For-profit,0.11240978499317632,1,-0.4,0.7212573938275588,-0.09816907807737729,1.0
91,456506,Ross Medical Education Center-Fort Wayne,For-profit,0.11200267784497209,0,-0.4,0.4780109010565772,0.11119074482532591,1.0
92,455983,Columbia College,For-profit,0.11103459809062352,0,-0.5,0.24914196752217915,0.2039797211860594,0.998377252460884
93,456454,Fortis College-Salt Lake City,For-profit,0.10959747671405178,0,-0.13948919449901767,2.5930047696427296,-0.06969629272089631,0.9914794654873644
94,412599,Remington College-Memphis Campus,Private nonprofit,0.10843637223697951,0,-0.47560975609756095,1.3130941545909833,0.21605432874195574,0.7454853738102531
95,110778,Sofia University,For-profit,0.10792969175481788,0,-0.2972572275759822,0.8447907830229692,0.03467533644778059,0.9122500476364019
96,183600,Assumption College for Sisters,Private nonprofit,0.10788317232496926,0,-0.4,0.007220273073363436,-0.3227829427104809,0.04712397854369057
97,213534,Miller-Motte College-Berks Technical Institute,For-profit,0.10772658409014943,0,-0.46286701208981,0.8594964841155867,-0.033632645220222794,0.992633441382571
98,459514,Peloton College,For-profit,0.10703084199470736,0,-0.32432432432432434,0.6166796652736084,-0.10715159866716116,0.8230606570072345
99,219204,National American University-Rapid City,For-profit,0.10675705507745922,0,-0.25933075933075933,2.2201144102259174,-0.2719576812275152,1.0
100,237437,Huntington Junior College,For-profit,0.1058399680250369,0,-0.4693140794223827,0.13885501096896669,0.11187548436789767,0.9911291691243578
101,437769,Chester Career College,For-profit,0.10570748878032347,0,-0.3577981651376147,0.49232727909003127,0.0013195016250869183,0.6882049449744987
102,400558,Los Angeles Pacific College,For-profit,0.10545243568752125,0,-0.2962962962962963,1.0023220629696277,-0.2248259952284244,0.8944101583295542
103,112084,San Diego Christian College,Private nonprofit,0.10536162056307632,0,-0.35571687840290384,1.1145345264424937,0.1355338752628019,0.5729970433979705
104,120838,Pacific States University,Private nonprofit,0.10477626431141386,0,-0.39285714285714285,0.834271124404175,-1.611914905312921,0.8590385619657532
105,241386,Caribbean University-Carolina,Private nonprofit,0.10426778629751958,0,-0.49310344827586206,0.4975338575632407,-0.08555210834043213,0.6268210814682877
106,490124,Los Angeles Academy of Figurative Art,For-profit,0.10221625116556987,0,-0.16666666666666666,0.4954516750395123,0.2342565377677808,0.2135083924409343
107,461023,National Paralegal College,For-profit,0.10207102112780393,0,-0.36883116883116884,0.5201563617686478,0.1790497820296939,1.0
108,366553,Southern Technical College,For-profit,0.10196381825837589,0,-0.391578947368421,0.3957596091868155,0.19617503186706486,1.0
109,219505,American Baptist College,Private nonprofit,0.10127556315214652,0,-0.46464646464646464,0.36230218707736217,0.20916729299570633,0.08592419687303954
110,193894,New York Theological Seminary,Private nonprofit,0.1002189264106231,1,-0.45098039215686275,0.4799313129847339,-0.2678378578369549,0.4980566893209675
111,223463,Remington College-Dallas Campus,Private nonprofit,0.09993811189755686,0,-0.5129032258064516,0.5972276753893,0.2482550561410825,0.8341514953737058
112,242112,Huertas College,For-profit,0.09958449929485923,0,-0.4012251148545176,0.2833959730014971,-0.06297574365301459,0.9749684721951993
113,442930,University of Antelope Valley,For-profit,0.0975317708365338,1,-0.36486486486486486,0.5653014858795778,-0.15124143906774834,0.9193140110032255
114,217077,YTI Career Institute-York,For-profit,0.09719474322774843,0,-0.36884306987399773,0.558443488253599,-0.0009476521269342421,0.9054612176372008
115,461148,New York Film Academy,For-profit,0.09629594628620373,0,-0.32082452431289643,0.5477042988481532,0.048329853332435266,0.8505726065993824
116,421513,Ross College-Hopkinsville,For-profit,0.0962521579689936,0,-0.35135135135135137,0.4096874903064883,-0.12016261905080841,1.0
117,372921,Fortis College-Smyrna,For-profit,0.09539733016047611,0,-0.3706293706293706,0.1413938724343514,-0.03886224120474388,0.9954006738837865
118,418126,New York College of Health Professions,Private nonprofit,0.09432708732559025,0,-0.6039483821263482,0.04474176916594453,0.1116833081355409,0.6889502558702661
119,214777,Pennsylvania State University-Main Campus,Private nonprofit,0.09419308742831838,0,-0.45280934516061994,0.3607711713148375,-0.001206602153879945,0.22956368083223502
120,439969,Acupuncture and Massage College,For-profit,0.09377486402056633,1,-0.3300970873786408,0.45195783642232534,0.08669499626425042,0.8447670960350887
121,486488,California Jazz Conservatory,Private nonprofit,0.09364250305585851,1,-0.5106382978723404,0.1545720143494932,-0.06584717336169517,0.2576542856363686
122,241100,American University of Puerto Rico,Private nonprofit,0.0934161795986092,1,-0.44110275689223055,0.40051799914240677,0.24045133313422798,0.06132729225163806
123,116226,Interior Designers Institute,For-profit,0.09292372492989867,0,-0.30935251798561153,0.5139508689887224,-0.04583258422052585,0.9523044329661465
124,119775,Newschool of Architecture and Design,For-profit,0.09225144737153224,0,-0.4084507042253521,0.38685134453980397,-0.13787010896210755,0.7032275375459328
125,201751,Chatfield College,Private nonprofit,0.09209155865685531,1,-0.5186567164179104,0.1752936773627489,-0.7405791182805614,0.4335684574191296
126,157298,Louisville Presbyterian Theological Seminary,Private nonprofit,0.09197349692877806,0,-0.34210526315789475,0.12392189808277307,-1.9716823808572745,0.2914147342983305
127,448239,Careers Unlimited,For-profit,0.09172288020236097,0,-0.3407821229050279,0.5401512569016945,0.31271245070138104,0.9810261500993002
128,450571,Rasmussen University-Wisconsin,For-profit,0.09167218941453377,0,-0.29098966026587886,0.9941517610261826,0.03857138113107296,1.0
129,454184,The King's College,Private nonprofit,0.0916542719679076,0,-0.4007352941176471,0.5239093457192829,-0.5602269199800198,0.3818741343367542
130,461865,Best Care College,For-profit,0.09160872891279621,0,-0.3902439024390244,0.16808806138951618,0.1412003667360695,1.0
131,245962,Miller-Motte College-Tulsa,For-profit,0.09159837937774813,0,-0.28936170212765955,0.5958035504845898,-0.43613650587083014,0.9991159777106108
132,249609,Fortis Institute-Forty Fort,For-profit,0.09124902007054275,0,-0.005952380952380952,2.5930047696427296,-0.09669486694527182,0.9993914478030587
133,439020,Midwest College of Oriental Medicine-Skokie,For-profit,0.09006286923994226,0,-0.34285714285714286,0.16949437227519557,0.04677761464781575,0.9086646714617465
134,461883,Millennia Atlantic University,For-profit,0.09003565431826135,0,-0.5198237885462555,0.0704765591562005,0.012578176335908232,1.0
135,171881,Kuyper College,Private nonprofit,0.08947860362831689,0,-0.42657342657342656,0.0323858445325998,-0.22212738953188596,0.29834907505968133
136,446385,Los Angeles College of Music,For-profit,0.08916176368740497,0,-0.1701388888888889,1.162766709890369,-0.3919358335139822,0.985160514750803
137,177083,Conception Seminary College,Private nonprofit,0.08897000085872749,0,-0.425531914893617,0.007220273073363436,0.0,0.20919836481272486
138,438221,Miller-Motte College-McCann-Lewisburg,For-profit,0.088063566983097,0,-0.38197424892703863,0.472456380406809,0.11784052592783936,0.9990080207916641
139,203720,Ohio Business College-Sheffield,For-profit,0.08726945707608597,0,-0.3644859813084112,0.13976533661451926,-0.09206162060805864,0.9967746772906109
140,438586,American InterContinental University-Atlanta,For-profit,0.08654138540687276,0,-0.40442427680090753,0.06887712480382022,0.6423980912192129,0.9946747184842426
141,454786,Laurus College,For-profit,0.08630541836676055,0,-0.26993166287015946,0.7280191182106084,-0.05849907958017589,0.9924802613515608
142,480073,South University-Austin,For-profit,0.08571346603928576,0,-0.22077922077922077,0.5809245760236135,-0.22354144517813596,0.661243885225442
143,441371,Ultimate Medical Academy,Private nonprofit,0.08483421219442208,0,-0.6039483821263482,0.7225803653604727,0.045382829110000744,1.0005249716048419
144,190080,Colgate Rochester Crozer Divinity School,Private nonprofit,0.0842640975024898,0,-0.463768115942029,0.012300634747897117,0.770292306394654,0.0
145,178989,Research College of Nursing,For-profit,0.08378419810711923,0,-0.1631578947368421,0.8069306827317623,-0.061501388675980394,0.6662954479819548
146,213473,Lansdale School of Business,For-profit,0.0830296946096247,0,-0.27419354838709675,0.4962176082407854,0.045670960919896586,0.8725573781987758
147,164614,Boston Baptist College,Private nonprofit,0.08254747276135588,0,-0.31746031746031744,0.8294091839254955,-0.205916511865619,0.43300252850501747
148,191205,Five Towns College,For-profit,0.08199736578078548,0,-0.1676829268292683,0.23387631362758987,-0.1537413969251911,0.44618574096030605
149,450304,Brite Divinity School,Private nonprofit,0.08177490266021042,0,-0.3473053892215569,0.02440043345440788,0.03610149111771664,0.04443640668428946
150,182917,Magdalen College,Private nonprofit,0.08109433928076158,1,-0.2891566265060241,0.858630184227442,0.11494071301049966,0.26266306777940607
151,123633,South Baylo University,Private nonprofit,0.08105272210756438,0,-0.4437869822485207,0.3398986258940512,-0.021803131924073998,0.5355876597124211
152,114354,FIDM-Fashion Institute of Design & Merchandising,For-profit,0.08083697920637918,1,-0.18545127974854064,0.7705111775296524,0.04933957636169786,0.8443605054588292
153,225991,KD Conservatory College of Film and Dramatic Arts,For-profit,0.08043717393776403,0,-0.20930232558139536,0.8824501863788458,-0.04854685053337895,0.7409833861137528
154,140720,Paine College,Private nonprofit,0.0800707583561449,0,-0.3080357142857143,0.518068793975497,0.08798716554408563,0.24276945493093685
155,199607,Salem College,Private nonprofit,0.07959573133067563,0,-0.3385049365303244,0.16816663736409795,-0.40892087569374047,0.2745022539242858
156,455178,Daoist Traditions College of Chinese Medical Arts,For-profit,0.07878479279597553,0,-0.18518518518518517,0.0631038963204871,0.17835890875349283,0.3369993936342567
157,246345,Houston Graduate School of Theology,Private nonprofit,0.0787223715230954,1,-0.6039483821263482,0.2836931621853364,0.11490223851829273,0.9903672891247636
158,159197,ITI Technical College,For-profit,0.07870613402099136,0,-0.2230769230769231,0.7269728851937152,0.1271353564258261,0.7731205059032921
159,449870,University of the West,Private nonprofit,0.07860455035654935,0,-0.4225352112676056,0.04040433267046934,-0.6626733017443673,0.5609973992922102
160,372073,Fremont University,For-profit,0.07858135672668848,0,-0.2094240837696335,1.1122822268100983,-0.2292166460040681,1.0005380325986035
161,367884,Hodges University,Private nonprofit,0.07836178479269933,1,-0.5465711361310133,0.33701156507864805,-0.32552622964901,0.7418224763213654
162,439394,East West College of Natural Medicine,For-profit,0.07825636080039833,1,-0.3037974683544304,1.0694232617139028,-0.13448219893163485,0.9215729392869625
163,434821,Blue Cliff College-Metairie,For-profit,0.07809029655414564,0,-0.29411764705882354,0.6513978925704068,0.13361033837190003,0.9999413793448859
164,166018,Hampshire College,Private nonprofit,0.07807851438238884,0,-0.3181208053691275,0.2822336807444319,-0.8404484291061536,0.3091665623382169
165,449445,Valley College of Medical Careers,For-profit,0.07806796707555798,1,-0.2553191489361702,0.9136319703709319,0.03763761621296234,0.9900575212360377
166,189228,Berkeley College-New York,For-profit,0.07787359085340158,0,-0.3628977657413676,0.319050877951124,-0.022688589130652137,0.9783767686530338
167,108232,Academy of Art University,For-profit,0.0778413368757158,0,-0.30839788014675906,0.5964226518794483,0.020069712000595194,0.9641308961817636
168,230807,Westminster College,Private nonprofit,0.07749064396515055,0,-0.4221218961625282,0.1927713685419428,-0.6240385713769421,0.6550509959393597
169,102395,United States Sports Academy,Private nonprofit,0.07644344415332814,0,-0.5190380761523046,0.016961298900113234,0.01480116351111531,0.4320488506652385
170,458034,Houston International College Cardiotech Ultrasound School,For-profit,0.07639205044315382,0,-0.31666666666666665,0.14620884966113773,0.1804270462633452,1.0
171,443748,Altierus Career College-Norcross,Private nonprofit,0.07626523531481123,0,-0.40262172284644193,1.0353503401360544,0.12423545119660544,0.7914816716287152
172,494843,Fortis College-Landover,For-profit,0.07623772952605558,0,-0.1232,1.2691837300854818,0.08669890143026059,0.9960651278554921
173,447999,WellSpring School of Allied Health-Kansas City,For-profit,0.076168200338585,0,-0.12953367875647667,1.2296012747093703,-0.021028576114967716,0.8547033787211245
174,444556,Auguste Escoffier School of Culinary Arts-Austin,For-profit,0.0760413525040518,0,-0.2630691399662732,0.4096743832564427,0.004754248870056328,0.9482096307121598
175,215415,Pittsburgh Technical College,Private nonprofit,0.07550370626959012,1,-0.38876146788990823,0.80667518665427,-0.012830647700233764,0.48739452935211997
176,154518,Waldorf University,For-profit,0.0754185045582988,0,-0.10029306414848584,0.938540095904983,-0.10430609286849604,0.7709721994191241
177,162210,Washington Adventist University,Private nonprofit,0.07501229121743443,0,-0.37755102040816324,0.5680356426178745,-0.5273442035833917,0.406386245874059
178,181941,Career College of Northern Nevada,For-profit,0.07470902290927449,1,-0.22340425531914893,0.4551695113807234,0.04125270005676354,0.733649542261058
179,475714,American Medical Academy,For-profit,0.07462217662658026,0,-0.27292576419213976,0.6795734074620331,0.11367734238174107,1.0
180,157793,Sullivan University,For-profit,0.0741017633339082,0,-0.3040988547317661,0.024892905060513854,-0.030517680917672138,0.9127686396249098
181,446224,Eastern School of Acupuncture and Traditional Medicine,For-profit,0.07400388011556364,0,-0.2857142857142857,0.11398105811466347,-0.1053152931154625,1.0
182,242121,Humacao Community College,Private nonprofit,0.07376364771375735,0,-0.4793187347931874,0.03426622221386289,0.10383287257815757,0.3376600394775928
183,129491,Hartford International University for Religion and Peace,Private nonprofit,0.07345149193435761,0,-0.2868217054263566,0.007220273073363436,0.770292306394654,0.0
184,122117,Dongguk University Los Angeles,Private nonprofit,0.07307610233336861,0,-0.2824427480916031,0.8293603584890717,0.1617011046015304,0.31404677540337805
185,251312,South University-Columbia,For-profit,0.07295519562071254,0,-0.3601003764115433,0.1622835055495399,-0.21990173921980583,0.695335892586099
186,459417,Compass College of Film and Media,Private nonprofit,0.0728534541290662,1,-0.46236559139784944,0.015604442939488013,-0.010303165339389932,0.7123678712781147
187,213914,Vet Tech Institute,For-profit,0.07271078950515528,0,-0.36578171091445427,0.5237082353722039,0.13961654011670022,0.9489152561558971
188,449074,Pima Medical Institute-Renton,For-profit,0.07265315048603917,0,-0.2315202231520223,0.43669245384299066,0.05872245861123967,0.8248597812172404
189,449348,Huntsville Bible College,Private nonprofit,0.07259161869395515,0,-0.36551724137931035,0.3204055616224293,-0.18299177980491355,0.5117227319062182
190,244279,Meridian College,For-profit,0.07244520287816485,0,-0.3230769230769231,0.3949319477698247,0.15432918117084013,0.9271715603328442
191,461847,Keser Torah-Mayan Hatalmud,Private nonprofit,0.07205042614825134,0,-0.39325842696629215,0.16015210496278748,0.08004142560565024,0.3676150000194913
192,447935,ATA College,For-profit,0.07152446939333351,0,-0.20481927710843373,0.6751815009019145,0.02968381213849146,1.0
193,455628,Fortis Institute-Birmingham,For-profit,0.0712792615316036,0,-0.2587548638132296,0.2946826833399015,-0.04068731605729223,0.9991398583990424
194,105215,Universal Technical Institute of Arizona Inc-Motorcycle Mechanics Institute Division,For-profit,0.07116179132662798,0,-0.21666666666666667,0.4880903770246359,-0.20199572344975053,0.9573770491803278
195,223083,Baptist Health System School of Health Professions,For-profit,0.07094795264634898,0,-0.228099173553719,0.45081908749424215,0.028460128390309813,0.881198925927453
196,414461,Mech-Tech College,For-profit,0.07064528561406923,0,-0.14877300613496933,0.6688654030543337,0.13091894942536647,0.8080208522163685
197,103501,Alaska Career College,For-profit,0.0701303019601358,0,-0.25761772853185594,0.35559820316676644,0.21950363955729327,0.812713106149886
198,454698,Mayfield College,For-profit,0.07000166783923462,0,-0.3504273504273504,0.6220204822326082,0.10304114503367372,0.9975841224615523
199,177816,Kenrick Glennon Seminary,Private nonprofit,0.06973888366689575,0,-0.21176470588235294,0.007220273073363436,-1.9716823808572745,0.4827808217023963
200,192509,Long Island Business Institute,For-profit,0.0694637698224492,1,-0.25625625625625625,0.23772377905954492,0.12209455644164505,0.9025145933399428
201,475608,Criswell College,Private nonprofit,0.06939370939611236,0,-0.27876106194690264,0.2673827909820824,-0.9710587645124046,0.21252588191449498
202,151467,International Business College-Indianapolis,For-profit,0.0692552803527669,0,-0.3425196850393701,0.4101615211279556,0.04370361269785985,0.8507433697493659
203,152099,Oakland City University,Private nonprofit,0.06866774599803432,0,-0.3867595818815331,0.22259401019616068,0.011259201181476858,0.4507441847510306
204,192271,LIM College,For-profit,0.06861010625967882,0,-0.2510005717552887,0.6567445510547374,0.03630802132813466,0.9258672980725632
205,451477,MyComputerCareer at Columbus,For-profit,0.06844900504291165,0,-0.24720812182741117,0.6205923408013889,0.043873675016257746,1.0
206,218399,Morris College,Private nonprofit,0.06844767479667742,0,-0.36,0.049610044683148294,0.06971910347406478,0.2874045372559918
207,425250,Gwinnett College-Sandy Springs,For-profit,0.06811202742916954,0,-0.27927927927927926,0.15294772610104276,0.1014470811969047,0.8494120991251393
208,441690,Universidad Pentecostal Mizpa,Private nonprofit,0.06808921177958877,0,-0.2761904761904762,0.6106709214673135,0.22303098379619735,0.4155056429533944
209,456038,Pima Medical Institute-East Valley,For-profit,0.067811691972303,0,-0.15418502202643172,0.7617247476843508,-0.05572727633546043,0.8238903319412411
210,481225,Mid-South Christian College,Private nonprofit,0.06762434389809077,0,-0.2916666666666667,0.021077830099961958,0.11392609493648982,0.029477996841643195
211,408844,Florida National University-Main Campus,For-profit,0.06730448607320039,0,-0.3172569706103994,0.22943526286927005,0.17200308490371644,0.9937998572486987
212,213181,Great Lakes Institute of Technology,For-profit,0.06714234651199168,0,-0.2081447963800905,0.11239502781317891,-0.023919823799991566,0.6419621380675904
213,190114,Metropolitan College of New York,Private nonprofit,0.06693045020737405,0,-0.3551020408163265,0.691339040421363,0.017903973542283624,0.6105312626338975
214,200013,Rasmussen University-North Dakota,For-profit,0.0666119145677992,0,-0.24042879019908117,0.7855573793423389,0.1648616528683727,1.0
215,214971,Pennsylvania Academy of the Fine Arts,Private nonprofit,0.06654532809218269,0,-0.36996336996337,0.22472088908223,-1.9716823808572745,0.569789034601861
216,134811,AI Miami International University of Art and Design,For-profit,0.06622302876139785,1,-0.1766304347826087,0.4085976602256233,-0.1875442690217444,0.7866375865732201
217,177542,Hannibal-LaGrange University,Private nonprofit,0.0661011010621805,0,-0.3848069738480697,0.3926602430260623,0.02372163634246014,0.37958472244095015
218,241614,Universidad Teologica del Caribe,Private nonprofit,0.06603025815708441,0,-0.27566539923954375,0.6022847098845382,0.07836001713573862,0.42596754562094624
219,486284,Bethany Global University,Private nonprofit,0.06598711459120338,0,-0.2585227272727273,0.5666797338629503,0.005589133060799763,0.0702221742686954
220,201964,Ohio Christian University,Private nonprofit,0.06556385899892413,0,-0.4372142103411889,0.24635556812407652,-0.04160850828940136,0.6854489718126378
221,150455,Earlham College,Private nonprofit,0.06535720444254145,0,-0.3216432865731463,0.15609529034487035,-1.9716823808572745,1.1168692167552512
222,156356,Brescia University,Private nonprofit,0.0653257510226189,0,-0.3629191321499014,0.22468192342315488,-0.2554867954196066,0.5803545321540499
223,243346,Universidad Ana G. Mendez-Carolina Campus,Private nonprofit,0.0644137270967586,0,-0.42558908639933857,0.06519403399415973,0.1761873637958115,0.5525669371441302
224,487995,Alhambra Medical University,For-profit,0.06379477488375104,0,-0.15384615384615385,0.3638172672187618,0.010938907568356278,0.7847243545010467
225,231095,Sterling College,Private nonprofit,0.06375800447794239,0,-0.3082191780821918,0.28966280560583985,-0.14572951601156617,0.13866186258804516
226,445230,Pima Medical Institute-Las Vegas,For-profit,0.06351602042439405,0,-0.25157894736842107,0.380761557007924,0.08155609063243266,0.7889298038933196
227,223117,Baptist Missionary Association Theological Seminary,Private nonprofit,0.06329781708501953,0,-0.31125827814569534,0.012632545465316036,-0.14993802389432337,0.287576488980027
228,480028,Digital Film Academy,For-profit,0.06319307768559974,1,-0.10989010989010989,0.7854035682372852,0.08418159739733053,0.26097811628414264
229,167792,Bard College at Simon's Rock,Private nonprofit,0.062278145928630776,0,-0.25125628140703515,0.25326344371901915,0.4263231496825982,0.22353758096873352
230,486354,United International College,For-profit,0.06223339851797562,0,-0.2,0.4661294046122249,0.017671007792289507,0.9923979058490078
231,189413,Boricua College,Private nonprofit,0.06211875384883347,0,-0.38778220451527223,0.25682452577135995,-1.2288103764386076,0.5989807090574616
232,481252,Ultrasound Medical Institute,For-profit,0.06199329914774664,0,-0.2967032967032967,0.15278995968765938,0.09204685102104415,1.0
233,103963,Miller-Motte College-Arizona Automotive Institute,For-profit,0.06182661666532684,0,-0.16122448979591836,0.6134229016633739,-0.023534464305592983,0.9990008250386346
234,444398,Baptist University of the Americas,Private nonprofit,0.06169087038213765,0,-0.28289473684210525,0.008056509953686928,0.36319839893661526,0.21487917762737951
235,494694,Texas Healthtech Institute,For-profit,0.061620164303556706,0,-0.03896103896103896,0.6386899589488508,-1.9716823808572745,0.9518660620858039
236,443702,"Bexley Hall Seabury Western Theological Seminary Federation, Inc.",Private nonprofit,0.06123370556744008,0,-0.225,0.01077609906897017,0.770292306394654,0.0
237,126784,Colorado School of Trades,For-profit,0.0610276351732971,0,-0.12751677852348994,1.0,0.26413412815689735,0.85025414263132
238,178767,Stevens-The Institute of Business & Arts,For-profit,0.06073344512552376,0,-0.2786885245901639,0.5936551842808339,0.04914917383546342,0.882129946997282
239,368629,Pima Medical Institute-Seattle,For-profit,0.060625024386096,0,-0.17850953206239167,0.786629331192089,0.025916053113413804,0.8804014381031903
240,440651,Atenas College,Private nonprofit,0.060397742725130134,0,-0.32666666666666666,0.15042274929963273,0.0033231367956747023,0.40161703413796734
241,179894,Webster University,Private nonprofit,0.06015064859229076,0,-0.3513184584178499,0.41604889821069374,-0.3851138074632614,0.7843578708191719
242,381352,Colorado School of Traditional Chinese Medicine,For-profit,0.0600236532998883,0,-0.3157894736842105,0.15046209799965124,0.07831384514294332,0.7805915666673848
243,212832,Gwynedd Mercy University,Private nonprofit,0.059504600897688345,0,-0.30066889632107024,0.30673460697350474,0.3204448467606362,0.5158670632354843
244,199209,North Carolina Wesleyan University,Private nonprofit,0.059387108151719735,0,-0.29109225874867445,0.23520325814185017,0.009302176977382958,0.4302985087586037
245,220604,Le Moyne-Owen College,Private nonprofit,0.05919761042982717,0,-0.27065868263473053,0.18007654681920424,0.012364052078069452,0.31849271491952397
246,165644,Eastern Nazarene College,Private nonprofit,0.05919389352512499,1,-0.3069948186528497,0.414601179516128,0.05904488736675428,0.2665539797729781
247,489812,Pima Medical Institute-Dillon,For-profit,0.05882737741395402,0,0.01818181818181818,2.4348930345736592,-0.29489712761088227,0.8305380969569321
248,170091,Great Lakes Christian College,Private nonprofit,0.05875532727907699,0,-0.2222222222222222,0.5016352855132541,-0.1304657250740833,0.07051532431604728
249,203757,Lourdes University,Private nonprofit,0.05871354961777145,0,-0.2656755009696186,0.44350578156357334,-0.18120700574344714,0.4536759986280475
250,461689,Pima Medical Institute-Aurora,For-profit,0.05823229914952968,0,-0.018633540372670808,1.2290186792949225,-0.020087228636824668,0.770944683355877
251,179265,University of Health Sciences and Pharmacy in St. Louis,Private nonprofit,0.05822868847009084,0,-0.32979749276759884,0.42979802257630023,-0.5039102946017694,0.721568709305566
252,212869,Harcum College,Private nonprofit,0.05809302986290983,0,-0.33235509904622157,0.25031014578552546,-0.03159619148188322,0.4735575528199327
253,194161,Alliance University,Private nonprofit,0.05804254829474363,1,-0.19485108531044926,1.0838163748531893,-0.3600557553816315,0.5797041193081733
254,475033,Relay Graduate School of Education,Private nonprofit,0.05799466942703174,0,-0.3833021515434986,0.15635209785092677,-0.06207316276717031,0.7869286942543872
255,434140,Pima Medical Institute-Chula Vista,For-profit,0.05797343919383815,0,-0.18668252080856124,0.2092239690134427,0.08372343470996474,0.7518367023992604
256,114114,Emperor's College of Traditional Oriental Medicine,For-profit,0.0579059219649358,1,-0.16455696202531644,0.35851813649647585,-0.00668127278780978,0.7909143349624776
257,460136,Pima Medical Institute-Houston,For-profit,0.05771257276133725,0,-0.0980788675429727,0.8238758210213674,0.004932115760458742,0.8159436416614683
258,459958,Fortis Institute,For-profit,0.057573693169752437,0,-0.24744897959183673,0.10327596800863227,-0.2091801358265108,0.9999957736012671
259,149514,Trinity International University-Illinois,Private nonprofit,0.0575122526313904,0,-0.2787456445993031,0.34239318304067956,-0.19567905815325523,0.48454000777827033
260,490513,Bais Medrash Mayan Hatorah,Private nonprofit,0.05748587600486721,0,-0.2608695652173913,0.3068969292702562,-0.28078605838027554,0.3895468699391108
261,213446,Lancaster Theological Seminary,Private nonprofit,0.057480094661261825,0,-0.3177570093457944,0.015947369024732986,-0.07979567659755771,0.1813297431930904
262,199458,Mid-Atlantic Christian University,Private nonprofit,0.057375335799966634,0,-0.3282828282828283,0.14066685538423887,0.20977081322829824,0.18438571058102313
263,164447,American International College,Private nonprofit,0.05735925367687552,0,-0.30473884469041856,0.3655197438139671,-0.0777188337101134,0.6098019322099983
264,125763,Whittier College,Private nonprofit,0.05720039793258826,0,-0.3525258011950027,0.21995203950434217,-0.7470422492887723,0.791005046512669
265,176789,Calvary University,Private nonprofit,0.057196943337437814,0,-0.30465116279069765,0.1628499988050363,0.02357693021398207,0.3819880919076402
266,445744,Fortis Institute-Port Saint Lucie,For-profit,0.057192500158051954,0,0.011037527593818985,2.5930047696427296,0.03843251523814977,0.9999005674392191
267,429085,American College of Acupuncture and Oriental Med,For-profit,0.05695682235387782,0,-0.16346153846153846,0.10151981440272714,0.015168710475482664,0.6640224924982229
268,217606,Northpoint Bible College,Private nonprofit,0.05689188461957451,0,-0.3515850144092219,0.016567177512846466,0.037278699300792764,0.36408836657438276
269,198613,Guilford College,Private nonprofit,0.056750644138079384,0,-0.240234375,0.35982273831816236,-0.15283514423731218,0.35787558928013
270,177278,Eden Theological Seminary,Private nonprofit,0.05627004032508313,0,-0.19130434782608696,0.03583104241354167,-0.9243204717150544,0.2714165894860996
271,177065,Columbia College,Private nonprofit,0.056227376568217094,0,-0.39009381620094824,0.04272991293288395,-0.40566727195506175,0.7627710604090371
272,446109,Cambridge College of Healthcare & Technology,For-profit,0.055837574668075964,0,-0.28292682926829266,0.3074469675089195,0.23484300058815805,1.0
273,100937,Birmingham-Southern College,Private nonprofit,0.05582060917572558,1,-0.1935483870967742,0.37157315993621154,-1.2689208966274337,0.3618276304089836
274,447014,Daytona College,For-profit,0.0557662807764367,0,-0.16279069767441862,0.29476090311526965,-0.20269354539736176,0.9739347672167812
275,195234,The College of Saint Rose,Private nonprofit,0.055637911973641034,1,-0.3041958041958042,0.40990080282384955,-0.1584568914738114,0.5004312486308665
276,442879,Southwest Institute of Healing Arts,For-profit,0.055605951823568034,0,-0.12537018756169793,0.5754364757406517,0.14123904480582347,0.7642203095135882
277,241739,Universidad Ana G. Mendez-Cupey Campus,Private nonprofit,0.05556756595137193,0,-0.41802966907569417,0.10025139785104253,0.10095616404842396,0.504876383473804
278,133997,Florida Career College-Miami,For-profit,0.05522183512750413,1,-0.03768115942028986,1.1585175896052746,0.2370864671131465,0.9983959437515089
279,483647,Ohio Institute of Allied Health,Private nonprofit,0.05519952696221662,0,-0.30434782608695654,0.3256044428960797,0.010231876523178767,0.6375672451009281
280,178183,Midwest Institute,For-profit,0.05476391615066005,0,-0.241635687732342,0.26176520390169483,0.10138205724058366,1.0
281,146490,Lake Forest Graduate School of Management,Private nonprofit,0.05460636592504243,0,-0.3458980044345898,0.07465181689926596,-0.35783764668188023,0.6244450301490134
282,237118,Alderson Broaddus University,Private nonprofit,0.054558030048282115,1,-0.15991237677984665,0.6526498994441755,-0.2612843462304791,0.2770752962900877
283,445708,Johnson & Wales University-Charlotte,Private nonprofit,0.0545418878410962,0,-0.25147734734077476,0.8522833704595801,-0.09742821892871958,0.486207990160318
284,198303,Chowan University,Private nonprofit,0.05453646907806279,0,-0.2962668784749801,0.1077813356760487,-0.1990282406145744,0.40965132039940855
285,183822,Bloomfield College,Private nonprofit,0.05442670523959479,0,-0.2917690417690418,0.3801367796573612,-0.12747762071533197,0.6013630227211528
286,153366,Graceland University-Lamoni,Private nonprofit,0.05433010168154535,0,-0.28620888632429314,0.246164119183979,-0.08590499483411747,0.4590916080407762
287,179964,William Woods University,Private nonprofit,0.0543203107812337,0,-0.29958197863446356,0.07939613370564502,-0.06992312279237749,0.4892069535780588
288,198871,Louisburg College,Private nonprofit,0.054246317209814196,0,-0.21942446043165467,0.42507611636888576,-0.010179351790172967,0.37671959763143875
289,159948,New Orleans Baptist Theological Seminary,Private nonprofit,0.054109558921217375,0,-0.2846124180485924,0.013803437925369618,0.2696849446969832,0.19187811211492567
290,441858,Eastern Virginia Career College,For-profit,0.053996630931456555,0,-0.2260536398467433,0.44392708437984885,0.1282589320513503,0.7385435210857939
291,494603,The Southwestern Baptist Theological Seminary,Private nonprofit,0.05398733515561569,0,-0.23442732752846618,0.11177235474921023,-0.5587995913529801,0.24344226160822244
292,260789,Platt College-Los Angeles,For-profit,0.053575641921029746,0,-0.08253094910591471,0.6255363864210322,0.05684172051875639,0.8979919684116134
293,147828,Olivet Nazarene University,Private nonprofit,0.05352499216972745,0,-0.24600416956219598,0.5017808888816668,-0.15678424793673598,0.5460256934236464
294,216436,Triangle Tech Inc-Pittsburgh,For-profit,0.05334336805161685,1,-0.27586206896551724,0.23883883595919722,-0.04833514382353995,0.8291025808568007
295,206862,Southern Nazarene University,Private nonprofit,0.05333573876245189,0,-0.32693166592228673,0.34178351202537516,-0.028099684240583993,0.4161974833174305
296,154493,Upper Iowa University,Private nonprofit,0.05331402995831064,0,-0.2820752512269222,0.703373432265976,-0.22571663519179777,0.7013900877276873
297,140146,Interdenominational Theological Center,Private nonprofit,0.05327125974322165,0,-0.27169811320754716,0.36075162155959994,0.09413898185439704,0.3786409548092488
298,442523,Alaska Christian College,Private nonprofit,0.05324355045503253,0,-0.18947368421052632,0.10722746599838406,0.16834251304267642,0.0914741490834458
299,444714,Gwinnett College-Marietta Campus,For-profit,0.05303771287446527,0,-0.07784431137724551,0.584514370773999,0.33384844649632334,0.821833655881901
300,192688,Mandl School-The College of Allied Health,For-profit,0.05301580142942152,0,-0.1579961464354528,0.14915729197698124,0.12386333133668401,0.41105150363562076
301,196680,Excelsior University,Private nonprofit,0.05300521119849033,0,-0.37282630223806695,0.3231356392965388,-0.15778733652765287,0.9987643812003265
302,168847,Baker College,Private nonprofit,0.05298853771911542,0,-0.4601630291874836,0.04781405792593448,-1.9716823808572745,1.1168692167552512
303,198756,Johnson C Smith University,Private nonprofit,0.052894655550418085,0,-0.2684069611780455,0.050679927687959814,0.587537180221388,0.1172823838629988
304,106342,Lyon College,Private nonprofit,0.05280581976361695,0,-0.25075528700906347,0.3676333735924791,-0.2302101045531914,0.26182118403343374
305,126359,Bel-Rea Institute of Animal Technology,For-profit,0.05273728790346353,0,-0.2881944444444444,0.20349925979749894,-0.02527366972384355,0.8734997360327456
306,110060,Bethesda University,Private nonprofit,0.052606804422325,0,-0.3350125944584383,0.007220273073363436,-0.2823787930430576,0.6280324318041526
307,188340,Vaughn College of Aeronautics and Technology,Private nonprofit,0.0525779953122222,0,-0.27356181150550796,0.6435077856072684,-0.244533767842747,0.7658178896601145
308,461254,Galaxy Medical College,For-profit,0.0525542771125509,0,-0.0392156862745098,1.0,-0.16714330999503832,0.77963572964331
309,133845,Concorde Career Institute-Jacksonville,For-profit,0.05254428314777913,0,-0.15417256011315417,0.8116419549697969,0.06042455738571303,0.7052761384656038
310,228884,Texas College,Private nonprofit,0.052539275730280804,0,-0.3170212765957447,0.11958843062369133,0.3566769739096635,0.31945193572319097
311,146728,Lutheran School of Theology at Chicago,Private nonprofit,0.0524362380809112,0,-0.18902439024390244,0.3556833109324771,0.770292306394654,0.0
312,413680,Spartan College of Aeronautics & Technology,For-profit,0.052424214880149485,0,-0.19036144578313252,0.07794248159817732,0.14692588261226955,0.9402790219897039
313,213598,Lincoln University,Private nonprofit,0.051980246625747184,0,-0.18607764390896922,0.12351321164363482,0.0023994172547273005,0.11659305796071515
314,241225,Universidad Central de Bayamon,Private nonprofit,0.05177287012092412,0,-0.39035769828926903,0.32869496780369095,-0.11745093375698407,0.6678131826611783
315,119270,Musicians Institute,For-profit,0.05173981826793806,0,-0.15459882583170254,0.3386666695588824,0.038461375838603706,0.9735438462583895
316,206154,Tri-State Bible College,Private nonprofit,0.05168203514104768,0,-0.27586206896551724,0.027177757237528646,0.00898885014751523,0.08388060845243113
317,140234,LaGrange College,Private nonprofit,0.05151555166090179,0,-0.31758793969849247,0.3113938841605602,-0.25606761544140305,0.4469109397665862
318,212975,Commonwealth Technical Institute,Private nonprofit,0.05110786667655324,0,-0.5129533678756477,0.1807077983088005,-0.005656638708580312,0.9809946129540925
319,151810,Martin University,Private nonprofit,0.05103352424767764,1,-0.32974910394265233,0.10335182618481392,0.11514385885887521,0.3106085574793837
320,446640,Harrisburg University of Science and Technology,Private nonprofit,0.050845479635762865,0,-0.28175250524353296,0.7871953480138931,-0.027511262131357513,0.7135452621992454
321,459851,Herzing University-Brookfield,Private nonprofit,0.050598578970925734,0,-0.295169946332737,0.7158826341758077,-0.3122743834646334,0.9589371484344901
322,488031,Abraham Lincoln University,For-profit,0.050568989433648244,0,-0.21333333333333335,0.3092531827461426,-0.08539307774530114,0.888846847926277
323,127918,Regis University,Private nonprofit,0.05046319782516933,0,-0.3242617255356109,0.3836958739113841,-0.03973638099968447,0.7549923887323245
324,105543,Pima Medical Institute-Albuquerque,For-profit,0.050355889497835676,0,-0.025423728813559324,0.8781887687946983,0.012165247593817704,0.7454393301853081
325,215992,Laurel Technical Institute,For-profit,0.05034160320568245,0,-0.2578616352201258,0.08425028991026186,0.2904657581357811,0.7469894966032696
326,142957,American Islamic College,Private nonprofit,0.05010677729698171,0,0.1875,1.555140735367498,-1.0648883083522684,0.011129141705310151
327,235024,Cornish College of the Arts,Private nonprofit,0.04996290693361162,1,-0.26411960132890366,0.33449953330269233,0.1427083509179952,0.49783270095971993
328,210669,Allegheny College,Private nonprofit,0.04987826438315417,0,-0.23774647887323944,0.1717660912937552,-0.6588458076777655,0.5084382701422829
329,185721,Eastwick College-Nutley,For-profit,0.049830085654695946,0,-0.18786692759295498,0.13142362864135093,0.2504470597687545,1.0
330,481030,Future Generations University,Private nonprofit,0.04978451585428172,0,-0.20754716981132076,0.14544530166206138,-0.5184540054394712,0.09408533905018465
331,448433,Universal Technical Institute of Northern California Inc,For-profit,0.04972632214971683,0,-0.11559348332040341,0.8892702651871356,0.190866037666581,0.9825984801204156
332,217235,Johnson & Wales University-Providence,Private nonprofit,0.04951573753346782,0,-0.3179985063480209,0.09489600997916417,-0.20970131756305488,0.6948768241478871
333,248934,ECPI University,For-profit,0.04949121188850759,0,-0.12953214206272706,0.4570068772442605,0.11256121361635599,0.9459197786778933
334,148876,St. Augustine College,Private nonprofit,0.04936391576192843,0,-0.2909280500521376,0.5124962677139691,0.058935917551484814,0.6182147943949866
335,243841,ICPR Junior College,For-profit,0.049270741765394165,0,-0.10384615384615385,0.33195592571588634,-0.04920884870921741,0.9097669800991145
336,431141,Institute of Technology,For-profit,0.049215443864192146,0,-0.008396946564885497,0.9268403448934389,0.11708423154888883,0.9181544190956725
337,211024,Clarks Summit University,Private nonprofit,0.0490235150319413,1,-0.2840466926070039,0.5717965524919209,0.012726308828894565,0.500194938946193
338,139579,South University-Savannah,For-profit,0.04901285013001503,0,-0.18693693693693694,0.2904986380534157,0.30541024004698,0.8780259843962902
339,163578,Notre Dame of Maryland University,Private nonprofit,0.04900350499206679,0,-0.23891084760649978,0.23030182551916467,0.19603174481158164,0.4782770271079559
340,201469,Bryant & Stratton College-Parma,Private nonprofit,0.048913011425945334,0,-0.37176470588235294,0.014632304865308495,-0.28028686316637186,1.0
341,243601,Universidad Ana G. Mendez-Gurabo Campus,Private nonprofit,0.0488773287234847,0,-0.34473616140713914,0.13137462665525157,0.3642804459892573,0.5400367110142767
342,188678,American Academy of Dramatic Arts-New York,Private nonprofit,0.04860042836562033,0,-0.2427536231884058,0.6769908347136538,0.19387916718845125,0.5006941966587594
343,188641,Alfred University,Private nonprofit,0.04855522995873068,0,-0.23887489504617967,0.12238459014541601,-0.42217297166019463,0.36014637653911225
344,102234,Spring Hill College,Private nonprofit,0.048415005203478696,0,-0.18914728682170542,0.4217172908731786,-0.1649020374395036,0.4016107238663225
345,238430,Cardinal Stritch University,Private nonprofit,0.048396188305210794,1,-0.2974683544303797,0.23278608930612393,-0.08424023023125594,0.5514951562607718
346,205887,Stautzenberger College-Maumee,For-profit,0.048384342706367385,0,-0.1988071570576541,0.2371702020376717,0.030221512945644947,0.9987132826971551
347,211352,Cabrini University,Private nonprofit,0.04829902802316394,1,-0.22265060240963855,0.47609895024125465,-0.2976034264826134,0.570919518149001
348,112127,Church Divinity School of the Pacific,Private nonprofit,0.04826819146904386,0,-0.14666666666666667,0.04176894292223457,0.4196350934833509,0.014911855698986388
349,183789,Berkeley College-Woodland Park,For-profit,0.0481107148786531,0,-0.2729181245626312,0.28896356538561974,-0.32559066423809035,0.9805883012361742
350,164085,Maryland University of Integrative Health,Private nonprofit,0.047976242005378894,0,-0.2132435465768799,1.137859069278758,-0.1392917619434279,0.9456440158485914
351,220516,King University,Private nonprofit,0.04792286298397864,0,-0.31046747967479676,0.18442993189431192,-0.40499948664373114,0.8302779296774957
352,130989,Goldey-Beacom College,Private nonprofit,0.047871828815449054,0,-0.2373775433308214,0.09442247255985076,0.770292306394654,0.0
353,428170,Southeastern College-West Palm Beach,For-profit,0.047822984864782606,0,-0.15555555555555556,0.5282612509789288,0.05087442683578383,0.8634542749510503
354,148016,Principia College,Private nonprofit,0.04771933370131118,0,-0.20638820638820637,0.07065271050791787,0.4445279669763622,0.02337327931646806
355,446233,Ecclesia College,Private nonprofit,0.04768585512749667,0,-0.26635514018691586,0.313313500960321,0.05865268560506547,0.45794830205489623
356,148593,St. John's College-Department of Nursing,Private nonprofit,0.047479804921725696,0,-0.31386861313868614,0.09261009912995227,-0.34815446002432304,0.7302319998922241
357,233408,Riverside College of Health Careers,Private nonprofit,0.047430786096662174,0,0.10819672131147541,2.5930047696427296,-0.21862185108897222,0.5379656063448932
358,450933,Columbia Southern University,For-profit,0.04742060150232282,0,-0.20395327942497754,0.39237156116043026,0.056732737442515786,0.970821559205023
359,377218,School of Automotive Machinists & Technology,For-profit,0.04741966074937261,0,-0.2469879518072289,0.4507259417851128,0.03975651471626679,1.0
360,230047,Brigham Young University-Hawaii,Private nonprofit,0.04739256659268828,0,-0.11660206718346253,0.2769350012617614,0.3685869228537855,0.05897449764741166
361,449612,Louisiana Culinary Institute,For-profit,0.047333477015659035,0,-0.09345794392523364,0.10656274054983703,-0.1859602384926855,0.8120247486006266
362,177418,Fontbonne University,Private nonprofit,0.04729988689246311,1,-0.21267723102585487,0.5016624162128813,-0.06263077916594002,0.5239089455749621
363,164216,Washington College,Private nonprofit,0.047281939722115474,0,-0.25854037267080743,0.15138362993523719,-0.13612586081979539,0.3318202685537698
364,147396,Morrison Institute of Technology,Private nonprofit,0.04722342028816312,0,-0.23863636363636365,0.3318604491018326,-0.09455984290565654,0.5038466426334304
365,221953,Tusculum University,Private nonprofit,0.047121605297717785,0,-0.24111822947000583,0.4919059998640091,-0.09133163388285478,0.45220021620516115
366,409254,Erikson Institute,Private nonprofit,0.04701924351290334,0,-0.21377672209026127,0.36226882884711137,-0.15019860606560972,0.22033929886612622
367,147369,Moody Bible Institute,Private nonprofit,0.04692817105852173,0,-0.1990694582917913,0.3501075009515506,-0.3110036254015726,0.19734420526383933
368,170806,Madonna University,Private nonprofit,0.046814388174745425,0,-0.29512032085561496,0.3992727695654643,-0.19638235048354105,0.8189620317252491
369,204617,Ohio Dominican University,Private nonprofit,0.04666138171425832,0,-0.22195121951219512,0.7108649270315801,-0.2604698016101291,0.6051355112059599
370,446039,Arizona School of Acupuncture and Oriental Medicine,For-profit,0.046656904411570894,0,-0.05714285714285714,0.9363913644542537,-0.11859181838222173,0.8401729259903354
371,114813,Fresno Pacific University,Private nonprofit,0.04664564912057894,0,-0.2948837209302326,0.20076354593900475,0.0025356160922488423,0.6360982450399645
372,369659,Oregon College of Oriental Medicine,Private nonprofit,0.04658856687372829,1,-0.30131004366812225,0.5520321381038251,0.14567532059952046,0.6794493934674647
373,133465,South University-West Palm Beach,For-profit,0.04651122956151298,0,-0.15248796147672553,0.3589580503804686,-0.10208222788686079,0.7746924631012876
374,488907,Wongu University of Oriental Medicine,Private nonprofit,0.0463961284047104,0,-0.2682926829268293,0.017134260920732534,0.2927541670042342,0.25805951279416345
375,204884,East Ohio College,For-profit,0.04638761622506511,0,-0.21164021164021163,0.2849786416027608,0.021155629175477236,0.9498235442861698
376,166391,Lasell University,Private nonprofit,0.04633417252763315,0,-0.22048015678588928,0.5432708387858438,-0.2277516903211358,0.6521124276116909
377,180647,Salish Kootenai College,Private nonprofit,0.046289499701726494,0,-0.10289855072463767,0.38762670633557733,0.0375388377496665,0.018744896582040153
378,236896,Walla Walla University,Private nonprofit,0.046258484391987424,0,-0.21791370835608956,0.11213374267933962,-0.030129447327176557,0.24313115712088681
379,236133,Northwest University,Private nonprofit,0.04623489356541851,0,-0.24271844660194175,0.42638341116407363,-0.03318087093020109,0.61525322967832
380,441742,Concorde Career College-Grand Prairie,For-profit,0.046188215969535554,0,-0.023014959723820484,0.9803249097472925,0.017839766461239054,0.7133473889069089
381,224679,Western Technical College,For-profit,0.046185723674547666,0,0.013740458015267175,0.4789795619068266,-0.20856976541872893,0.5834833529696642
382,199412,Queens University of Charlotte,Private nonprofit,0.04616297386234542,0,-0.23954526999593992,0.3452113593013805,-0.665994477050685,0.7026204084506693
383,216083,South Hills School of Business & Technology,For-profit,0.046162958404620924,0,-0.21159420289855072,0.22181779790091663,0.10161080591295271,0.75503988921505
384,215655,Robert Morris University,Private nonprofit,0.04615741170915631,0,-0.2554253472222222,0.4264534130021445,-0.03856777216126754,0.546681083452421
385,484613,University of Phoenix-Arizona,For-profit,0.04608577513899192,0,-0.0615789029179511,0.6216335657184093,0.08655096774283898,0.9941912826320293
386,241191,Universidad Adventista de las Antillas,Private nonprofit,0.04603684333230022,0,-0.2732003469210755,0.242073846506434,0.06978935421865756,0.43717921404421367
387,150066,Anderson University,Private nonprofit,0.04594487719957435,0,-0.17677089980855137,0.43768954087030115,-0.0937484012892004,0.43252161457001076
388,441636,American Institute of Alternative Medicine,For-profit,0.0457880977260919,0,-0.09090909090909091,0.39535184228014475,0.12781294962895645,0.9577091193841746
389,231059,Saint Michael's College,Private nonprofit,0.045778933701811166,0,-0.2538666666666667,0.280864156023686,-0.19377571977676952,0.6528454874780824
390,233329,Fortis College-Norfolk,For-profit,0.04564659535019412,0,0.08465608465608465,2.5930047696427296,-0.17765398523281573,0.999995396022282
391,173896,Luther Seminary,Private nonprofit,0.04556953416190703,0,-0.10675381263616558,0.11858913317755573,-1.9716823808572745,0.0746685991878243
392,140872,Reinhardt University,Private nonprofit,0.045526536492803076,0,-0.24983563445101906,0.3603610918668927,0.0073212760132920895,0.492804651499159
393,211893,Curtis Institute of Music,Private nonprofit,0.045451971957888256,0,-0.12716763005780346,0.04413174174018037,0.515132131570758,0.01952487194813418
394,124487,Epic Bible College & Graduate School,Private nonprofit,0.04544880487123805,0,-0.21379310344827587,0.4018646925049094,-0.10141886666690136,0.5039593550029983
395,211477,Central Penn College,For-profit,0.0454295268319404,0,-0.10531309297912714,0.17068081954650086,-0.15223716260330003,0.9000202728624132
396,260992,Northwestern College,For-profit,0.045288544499541006,1,-0.16828478964401294,0.8770719199405606,0.006350175442982112,1.0
397,220598,Lane College,Private nonprofit,0.04515639405170693,0,-0.20284135753749014,0.05589241420598271,-0.07156489888803873,0.3304902958091452
398,192192,Keuka College,Private nonprofit,0.045144637193786044,0,-0.2965672481710748,0.43983070849154804,-0.06431855807038886,0.5713654923239128
399,151661,Lincoln College of Technology-Indianapolis,For-profit,0.04510932881559204,0,-0.05425531914893617,0.5211632955072655,0.10353175797747904,0.7298716163745428
400,166911,Montserrat College of Art,Private nonprofit,0.04494472990267941,0,-0.20855614973262032,0.44227181492731604,-0.051524375191387466,0.5943019757952782
401,201140,Athenaeum of Ohio,Private nonprofit,0.04492790470686059,0,-0.265625,0.007220273073363436,-1.9716823808572745,1.080688328126486
402,102298,Talladega College,Private nonprofit,0.044741464857334975,0,-0.2711864406779661,0.280724513595712,0.6077842542060476,0.32297809653235127
403,206525,Wittenberg University,Private nonprofit,0.04472332214120518,0,-0.19765287214329832,0.24929168508507007,-0.11159113504629732,0.33254577418401987
404,213631,United Lutheran Seminary,Private nonprofit,0.04462024024619022,0,-0.1461038961038961,0.13710107698829957,-0.15595706075897933,0.02150894489682019
405,449922,Appalachian College of Pharmacy,Private nonprofit,0.04452226745956921,0,-0.39814814814814814,0.025785349839225417,-0.11447258700869156,1.023463943804378
406,366535,Remington College-Mobile Campus,Private nonprofit,0.044464374215935965,0,-0.16666666666666666,1.876043937526987,0.33291902059800527,0.8721081127222117
407,210571,Albright College,Private nonprofit,0.04442890056809638,0,-0.14789533560864618,0.44654323366483994,-0.333314698746973,0.36099636523964757
408,155496,Manhattan Christian College,Private nonprofit,0.04436247018580993,0,-0.22807017543859648,0.33821717393049516,-0.08337663051491274,0.3082646675314962
409,109785,Azusa Pacific University,Private nonprofit,0.044279727971119856,0,-0.22889104012046896,0.5196163172728819,-0.0452514514415434,0.743544389408382
410,490197,Regan Career Institute,For-profit,0.04425512477163838,0,-0.08695652173913043,0.39350340654029253,0.2475218720354169,0.9616858156775939
411,203128,Hiram College,Private nonprofit,0.04419826636067444,0,-0.2071651090342679,0.334527296219197,-0.6612795152832728,0.5337543878852585
412,175980,Millsaps College,Private nonprofit,0.04415941403139188,0,-0.19390243902439025,0.18014245980587024,-0.4464753831912421,0.3919047510194774
413,172608,Walsh College,Private nonprofit,0.04403914559841707,0,-0.3233333333333333,0.20145542900331387,-0.4213613084921107,1.1168692167552512
414,490975,Fortis College-Cutler Bay,For-profit,0.043897214585215866,0,0.05621301775147929,1.7982439756461963,0.0408645697206516,0.9998484544619406
415,205179,Fortis College-Centerville,For-profit,0.04385066063483718,0,-0.12151394422310757,0.08675091084446993,-0.11646765160972752,0.9997946553970597
416,107600,Philander Smith College,Private nonprofit,0.043779874328882716,0,-0.22791164658634538,0.11197620690267339,0.047695634142337504,0.1664519738376865
417,445799,Universal Technical Institute of Pennsylvania Inc,For-profit,0.04376639257348715,0,-0.010869565217391304,0.7025239824904536,-0.151111754208267,0.9746298171996335
418,126605,Spartan College of Aeronautics and Technology,For-profit,0.04366231060607395,0,-0.12615384615384614,0.16382571585601208,0.31025944405352696,0.9600568336944044
419,216339,Temple University,Private nonprofit,0.04363099964543524,0,-0.1443006650512966,0.3633582045016624,-0.016254837603754138,0.21254188333897484
420,227331,Our Lady of the Lake University,Private nonprofit,0.04358087304056562,0,-0.2178883658372562,0.2633848205334668,0.0659857670223482,0.5671591985214346
421,157100,Kentucky Christian University,Private nonprofit,0.04353605285169433,0,-0.13241379310344828,0.18192661920056521,0.1414508260495478,0.17429179498627043
422,197151,School of Visual Arts,For-profit,0.04350777601421804,0,-0.09535291538798772,0.716369374248135,0.06212992606539417,0.8756982462815682
423,140818,Piedmont University,Private nonprofit,0.043480486828682725,0,-0.2657370517928287,0.2321170901767469,-0.3618771864328193,0.7367933344985252
424,172334,Spring Arbor University,Private nonprofit,0.04347411257736279,0,-0.28112811281128114,0.23712612816973083,0.18223366085804749,0.5111496259307903
425,198862,Livingstone College,Private nonprofit,0.043462889753974325,0,-0.2522281639928699,0.0670978411870017,0.06990803686375908,0.285948459569758
426,162654,Goucher College,Private nonprofit,0.043456579475411886,0,-0.20341328413284132,0.28214904679376085,-0.43949710816686494,0.48332581319988516
427,121691,University of Redlands,Private nonprofit,0.04338508617905824,0,-0.29831677144595414,0.20510994274244845,-0.28274302130262147,0.7162149264807113
428,113582,Design Institute of San Diego,For-profit,0.04335008813326708,0,-0.1652892561983471,0.48010527593216223,0.0036099255986728114,1.0
429,174817,Saint Mary's University of Minnesota,Private nonprofit,0.04325808660518684,0,-0.25504686373467916,0.12688397137033772,-0.004825690759933674,0.6435863316005407
430,232256,Hampden-Sydney College,Private nonprofit,0.04311871061558955,0,-0.14803625377643503,0.2347721557751621,-0.7016995215969272,0.4145059473037964
431,160524,Remington College-Lafayette Campus,Private nonprofit,0.04302673457359197,0,-0.11475409836065574,1.3537151809149501,0.329187033799373,0.831718169373188
432,440059,Aviation Institute of Maintenance-Atlanta,For-profit,0.04302084531435697,0,-0.24324324324324326,0.2512467173245436,0.3516156488930745,1.0000014729412066
433,131450,Gallaudet University,Private nonprofit,0.04300724832246692,0,-0.10976430976430976,0.19670226058477067,-0.29826425046130156,0.13431717410628896
434,190983,Elmira College,Private nonprofit,0.043004837593013,0,-0.23604651162790696,0.11220168183463881,-0.41828932953981784,0.4928135362138603
435,209296,National University of Natural Medicine,Private nonprofit,0.04292415304977824,0,-0.28076923076923077,0.4898268514038393,-0.04116558648500262,0.7290083995431053
436,161518,Saint Joseph's College of Maine,Private nonprofit,0.04290710654740587,0,-0.25616507297433316,0.26614463999824683,-0.035741957161666074,0.5375638855159511
437,460826,Miller-Motte College-Augusta,For-profit,0.04285018649296959,0,-0.15734265734265734,0.5478602911479095,0.43230112919556574,0.9993544859400266
438,169099,Calvin Theological Seminary,Private nonprofit,0.04277885071503043,0,-0.18983050847457628,0.024956153392467657,-0.5773168869762806,0.12405256042490481
439,177302,Pinnacle Career Institute,For-profit,0.042751051405598706,0,-0.033707865168539325,0.6062831668294377,0.014919000984108798,0.9912088162989138
440,430935,Colegio de Cinematografía Artes y Television,For-profit,0.0427021956998042,0,-0.08035714285714286,0.09994728127908796,0.26393087254292436,0.8043829086669786
441,137962,Trinity College of Florida,Private nonprofit,0.042701473569310665,0,-0.17727272727272728,0.40160228404853604,-0.2252433064611481,0.5076754071582521
442,228486,Southwestern Christian College,Private nonprofit,0.042700254703795994,0,-0.16981132075471697,0.13570794785534063,0.007053129238936304,0.14694970655265477
443,138761,Andrew College,Private nonprofit,0.04267670598709216,0,-0.1453287197231834,0.35879839373217026,-0.14061469421995332,0.2567626707332349
444,176910,Central Christian College of the Bible,Private nonprofit,0.04267011442668781,0,-0.06862745098039216,0.561939073932635,-0.3268951161899849,0.1634653103555749
445,434751,White Earth Tribal and Community College,Private nonprofit,0.04257206367397579,0,-0.15702479338842976,0.6434591305723072,0.2450536723039072,0.02315121387882261
446,207254,Spartan College of Aeronautics and Technology,For-profit,0.04248237574802173,0,-0.05052005943536404,0.6868747369508421,0.11174551409779082,0.856476760657887
447,215105,The University of the Arts,Private nonprofit,0.042451913178103824,1,-0.2944653412144009,0.34303763312916613,-0.10734469180792466,0.5848843847966384
448,132879,Johnson University Florida,Private nonprofit,0.04233135926791666,0,-0.14835164835164835,0.7094000390854016,-0.1990040724745656,0.49365152207101115
449,215691,Rosemont College,Private nonprofit,0.04226035994367941,0,-0.164079822616408,0.41775362281131484,-0.22510004104372197,0.4778060434578875
450,429128,Urban College of Boston,Private nonprofit,0.042178700516235144,0,-0.22395833333333334,0.16816100105648712,0.07582446499683805,0.23164197956808785
451,146977,McCormick Theological Seminary,Private nonprofit,0.04208516569447899,0,-0.24651162790697675,0.17937286125386906,0.770292306394654,0.0
452,207856,Southwestern Christian University,Private nonprofit,0.042071363952564736,0,-0.17953667953667954,0.8570640223454201,0.1858819194606731,0.46808335469918433
453,217624,Allen University,Private nonprofit,0.04204126965793285,0,-0.19583843329253367,0.2639645899234504,0.12424846241466612,0.18314570513717213
454,241517,CEM College-San Juan,For-profit,0.042013353004489926,0,-0.2391304347826087,0.24326130427994222,-0.30540353007357196,0.9971047312340248
455,195702,Saint Elizabeth College of Nursing,Private nonprofit,0.04188967275423234,0,-0.22099447513812154,0.07577673312521707,-0.17090136363863995,0.29752948254798656
456,213321,King's College,Private nonprofit,0.041834746314711846,0,-0.20881302104009528,0.26770754662824076,-0.005207550223210916,0.5860003463707808
457,231581,Bridgewater College,Private nonprofit,0.04176752696757942,0,-0.18985176738882553,0.288397119887868,-0.9541067410535635,0.5827768635302365
458,125718,Westminster Theological Seminary in California,Private nonprofit,0.04164892042936942,0,-0.24060150375939848,0.036248476209863205,0.3976307637889579,0.08726867394227912
459,231411,Advanced Technology Institute,For-profit,0.041526848807143024,0,-0.08928571428571429,0.2285534372585325,0.07078887476351065,0.8974089672072294
460,363907,Caribbean University-Ponce,Private nonprofit,0.041524438590721115,0,-0.2298325722983257,0.4975337093281421,-0.056627372393888396,0.6268210746271075
461,366252,Pennsylvania College of Technology,Private nonprofit,0.04149906458666984,0,-0.14702333065164924,0.5300455853539977,-0.03522976610201118,0.5045838047299112
462,491710,Yeshiva Gedolah of Cliffwood,Private nonprofit,0.041380177465705874,0,-0.22580645161290322,0.27867542868311895,0.15325592740105956,0.3038764377412351
463,114585,Five Branches University,For-profit,0.04136701554721578,0,-0.05099150141643059,0.39579927029036605,0.08924863200392047,0.9485823135190509
464,485564,Infinity College,For-profit,0.0413501850694788,0,-0.10067114093959731,0.19312858224033988,-0.0060024662349137305,1.0
465,181543,Summit Christian College,Private nonprofit,0.04124672862954592,0,-0.12,0.15088604778184614,-0.0982725260652292,0.11241386990353429
466,229780,Wayland Baptist University,Private nonprofit,0.04123824448358232,0,-0.27081292850146915,0.26020435049554264,-0.05721094607482556,0.4821259499383918
467,101435,Huntingdon College,Private nonprofit,0.04123752708719324,0,-0.18948412698412698,0.26084977040603574,-0.132509581771136,0.5201196267277605
468,168786,Aquinas College,Private nonprofit,0.04120285344474494,0,-0.209375,0.29229432777956726,-0.41750280567524994,0.6152870021851751
469,449898,South University-Tampa,For-profit,0.04115053658784849,0,-0.1623529411764706,0.3513522229080161,0.17072075794766672,0.7883526985636188
470,184959,Eastwick College-Ramsey,For-profit,0.04112333788912412,0,-0.12742718446601942,0.1412755594089777,0.26089047473665233,1.0
471,155520,MidAmerica Nazarene University,Private nonprofit,0.041050456083499984,0,-0.21005762179151388,0.27761720959991726,-0.004387886388849415,0.6222063525382583
472,235547,Bastyr University,Private nonprofit,0.040958386965834315,0,-0.2676056338028169,0.4935828004492789,-0.03815366785865044,0.6138144012113488
473,216542,University of Valley Forge,Private nonprofit,0.04092216409740431,0,-0.029950083194675542,1.1240958278958322,-0.11318591588730072,0.40696043249395536
474,217305,New England Institute of Technology,Private nonprofit,0.04091625554505312,0,-0.24682034976152623,0.2415817688609031,-0.38007674486122983,0.7641044641599274
475,455868,National Career College,For-profit,0.04089979901083643,0,-0.07886435331230283,0.41073554403058554,0.0640613962351248,1.0
476,454689,Taft University System,For-profit,0.040850204244374126,0,-0.17165354330708663,0.34253328640093705,-0.055913817412072395,1.0
477,232265,Hampton University,Private nonprofit,0.040652968774784456,0,-0.2345679012345679,0.17738966190074879,0.022637099451606257,0.31584231222336423
478,115746,Pacifica Graduate Institute,For-profit,0.04063095395971557,0,0.026537997587454766,0.688844154563671,0.043773658594240296,0.893788776080505
479,146339,Judson University,Private nonprofit,0.040570915608661946,0,-0.21086780210867803,0.36932161863104607,-0.07997351631565391,0.46519955370395866
480,197285,The College of Westchester,For-profit,0.04050792519899957,0,-0.08609271523178808,0.5608152276997942,-0.027947200068452385,0.9999308548806224
481,182795,Franklin Pierce University,Private nonprofit,0.04040345177265929,0,-0.21333964049195836,0.5005816428714361,-0.0013033777047604935,0.5441691970420228
482,123554,Saint Mary's College of California,Private nonprofit,0.0402637578141356,0,-0.2510834236186349,0.23378356939270103,-0.09192002145275366,0.5863473334897596
483,207403,Oklahoma Baptist University,Private nonprofit,0.04021317209306322,0,-0.2510706638115632,0.09060871246570247,0.25369733709274433,0.291388398038478
484,197018,United Talmudical Seminary,Private nonprofit,0.04012889464333616,0,-0.23905967450271248,0.12346608709932115,0.05898803792547836,0.6777700073995012
485,211130,Missio Theological Seminary,Private nonprofit,0.040052420783485976,1,-0.2079207920792079,0.20307591495502741,-0.013241553606907775,0.45470520576312784
486,149505,Trinity Christian College,Private nonprofit,0.040011975757054334,0,-0.149812734082397,0.29541256226063084,-0.0484635116521048,0.4219832408791613
487,123280,Shasta Bible College and Graduate School,Private nonprofit,0.0398225427418024,0,-0.1951219512195122,0.06343207750235058,0.35484334611347107,0.08399297155133816
488,237969,West Virginia Wesleyan College,Private nonprofit,0.03980958085025321,0,-0.22430668841761828,0.1514404234878384,-0.8504664495218739,0.8710046690784151
489,144014,Chicago Theological Seminary,Private nonprofit,0.03978435888671512,0,-0.19421487603305784,0.023200714805667107,-0.0758021045661804,0.4441030124693695
490,186122,Princeton Theological Seminary,Private nonprofit,0.03969998792888856,0,-0.11263736263736264,0.1256303768389668,0.17235256018311312,0.01704568316447162
491,439792,Fortis College-Orange Park,For-profit,0.03957331747120441,0,-0.2159090909090909,0.26769623198305165,-0.17531727644105405,0.9997945348984247
492,205391,The Modern College of Design,For-profit,0.039568551664789196,0,-0.15639810426540285,0.6571702764700554,0.09689073299206788,1.0
493,446118,Career Care Institute,For-profit,0.03951492963170172,0,-0.0953125,0.6093070914921945,-0.07008016525703004,0.9344080049227117
494,444334,Advance Science International College,For-profit,0.039482579447082895,0,-0.10679611650485436,0.5777436953825635,0.24772458476885895,1.0
495,243498,Seminario Evangelico de Puerto Rico,Private nonprofit,0.03945051625327304,0,-0.1292517006802721,0.40886925029798266,-0.06764518187619656,0.31319700464265054
496,203085,Heidelberg University,Private nonprofit,0.039364994840333484,0,-0.12910986367281477,0.2385667964645233,0.10060258919817378,0.32820749661197895
497,178518,Nazarene Theological Seminary,Private nonprofit,0.0393604177381116,0,-0.23043478260869565,0.020249157483035685,-0.8085571873847536,0.5817868291244203
498,232089,Ferrum College,Private nonprofit,0.039294689016430066,0,-0.18571428571428572,0.22380725326251466,-0.3990307657036046,0.508747642762601
499,476726,Rio Grande Valley College,For-profit,0.0391759465075872,0,-0.14948453608247422,0.49234411102516984,0.06478159730098029,0.8847524113697847
500,226879,Wade College,For-profit,0.03910390084359778,0,-0.13736263736263737,0.4731289158071677,0.018608081919373527,0.9996464450570419
501,159568,Louisiana Christian University,Private nonprofit,0.039093077181439326,0,-0.16176470588235295,0.24121210025677958,-0.21663671870695192,0.4650976713713287
502,374024,Adler Graduate School,Private nonprofit,0.03906451664985358,0,-0.26537216828478966,0.34646319241855733,0.005553546057073295,0.8531261350822795
503,178721,Park University,Private nonprofit,0.039036177960104855,0,-0.3287779237844941,0.22697750667492952,0.0201783186676002,0.7029930328805244
504,145619,Benedictine University,Private nonprofit,0.038878172574540806,0,-0.2903885480572597,0.422759240548556,-0.041974311663354344,0.7071638508884885
505,155070,Barclay College,Private nonprofit,0.03887640877598848,0,-0.24888888888888888,0.20994574613158068,-0.09998107739231513,0.45444477100481345
506,165529,Curry College,Private nonprofit,0.0388706818595702,0,-0.185391028185788,0.3625188844628204,-0.19978156479158535,0.6421999730571074
507,379782,Center for Advanced Legal Studies,For-profit,0.038763911027068325,0,-0.102880658436214,0.17334009181818286,0.23105114380948008,1.0
508,490498,Digital Media Institute,Private nonprofit,0.03870777134647453,0,-0.0967741935483871,0.42048715453414465,0.0,0.327673449541608
509,141325,Wesleyan College,Private nonprofit,0.038692248854607446,0,-0.17189460476787954,0.13072954761316244,-0.7499365352147047,0.5580307043029434
510,128744,University of Bridgeport,Private nonprofit,0.03868189789328756,0,-0.21634898801336216,0.457396746530349,0.07101034010215522,0.73105768032889
511,181020,Doane University,Private nonprofit,0.03865114576356627,0,-0.22419488026424442,0.11133041544612514,-0.5375551369411692,0.7234172096175069
512,189848,Cazenovia College,Private nonprofit,0.03858831219745419,1,-0.13872832369942195,0.5687276282227413,-0.16550118739527123,0.28422401189193036
513,198598,Greensboro College,Private nonprofit,0.03855611960776581,0,-0.1909892262487757,0.3289807074913701,-0.26081409110324993,0.5111963110713268
514,176600,Aquinas Institute of Theology,Private nonprofit,0.038488382690344144,0,-0.19491525423728814,0.013366907430268603,0.4023965039503827,0.16654263284046456
515,115214,Graduate Theological Union,Private nonprofit,0.038478769241187386,0,-0.12690355329949238,0.04914227545819161,-1.2150278383057975,0.26400221922704487
516,237996,West Virginia Junior College-Morgantown,For-profit,0.03846849685730795,0,-0.07407407407407407,0.43674564136725874,0.02002725213363826,0.932154722140059
517,153278,University of Dubuque,Private nonprofit,0.03838839112188406,0,-0.22849695916594265,0.2158281550040062,-0.1613163614240557,0.6384743552668629
518,194657,Rabbinical Academy Mesivta Rabbi Chaim Berlin,Private nonprofit,0.038339921142738875,0,-0.15120274914089346,0.05431192932726863,0.009720581968319647,0.13332888687800798
519,220613,Lee University,Private nonprofit,0.03833989677330753,0,-0.24320678358065137,0.19767138795437894,-0.03562193803433198,0.6464993481985405
520,214883,Peirce College,Private nonprofit,0.03833410681304642,0,-0.2733446519524618,0.11206819617153059,-0.5017700449846111,0.8594406335549438
521,237358,Davis & Elkins College,Private nonprofit,0.03821657471757656,0,-0.16237113402061856,0.039708994075080724,-0.9002191809048399,0.48501610206950646
522,243188,University of Puerto Rico-Utuado,Public,0.03818579621363032,0,-0.4874074074074074,2.5930047696427296,0.4221819148045709,0.01630948447850062
523,437750,Professional Golfers Career College,For-profit,0.038177783825113595,0,-0.1588785046728972,0.1491717473634156,0.12710648118747545,0.8314032500785622
524,172033,Sacred Heart Major Seminary,Private nonprofit,0.03813374493818646,0,-0.24888888888888888,0.036326331135424626,-0.03357079510223019,0.3622569903412345
525,102845,Charter College,For-profit,0.038127473560730325,0,-0.14430072756669363,0.08610372501983393,-0.017912714503795217,0.997833872371432
526,175014,Rasmussen University-Minnesota,For-profit,0.03812109774842131,0,-0.2299168975069252,0.10143207726400108,-0.4506369207871969,1.0
527,191959,Island Drafting and Technical Institute,For-profit,0.03805372692976033,1,-0.22093023255813954,0.07458861727807432,-0.1878198028863143,0.9548322979954204
528,171492,Northwood University,Private nonprofit,0.038048939501260745,0,-0.23449216087252897,0.049476776123366144,-0.1297487452321739,0.6812828567099561
529,120078,North-West College-West Covina,For-profit,0.03803268875392032,0,-0.10714285714285714,0.40593989699322197,0.10805251931043829,1.0
530,197045,Utica University,Private nonprofit,0.03797800509788435,0,-0.21952698605215282,0.526428803508749,-0.05215361542621747,0.6766301641522289
531,172264,Siena Heights University,Private nonprofit,0.037967714659234646,0,-0.20539152759948653,0.2884663404650941,-0.13304912051229023,0.38965849945907227
532,490285,California Institute of Arts & Technology,For-profit,0.037901111086994115,0,-0.043010752688172046,0.7826067734590231,0.10564474503397596,0.992736097881979
533,165884,Benjamin Franklin Cummings Institute of Technology,Private nonprofit,0.03785406525326986,0,-0.16176470588235295,0.6323693755194922,0.0017291301009486973,0.4286311020257615
534,106713,Central Baptist College,Private nonprofit,0.037839761045356086,0,-0.15315315315315314,0.37791664712009915,-0.14011550236649586,0.5576509744278595
535,484066,MedQuest College,For-profit,0.03781584985298772,0,-0.12195121951219512,0.7838247602108828,0.14585351526619345,0.9980900332819569
536,175421,Belhaven University,Private nonprofit,0.037763346579954775,0,-0.2070397901180586,0.26748085307355307,-0.06410332482526464,0.713318432197787
537,480657,Rasmussen University-Kansas,For-profit,0.037683989871743165,0,-0.04065040650406504,0.40726051718918677,0.24540539043873383,1.0
538,148982,Spertus College,Private nonprofit,0.03760895800049594,0,-0.10810810810810811,0.6212205068376743,0.048963851896444886,0.04942471015851422
539,117627,La Sierra University,Private nonprofit,0.0375150565213416,0,-0.2524316813339509,0.16628225898349436,-0.29030275210132106,0.8402688707548257
540,156134,Wichita Technical Institute,For-profit,0.037473669208680976,0,0.07464454976303317,0.4740409027768227,0.10477968937722665,0.6891960989412778
541,430704,Texas Health and Science University,For-profit,0.03742672880277742,0,0.02247191011235955,0.5246616022544802,-0.025199140696532413,0.7158756093938098
542,455770,Providence Christian College,Private nonprofit,0.037401019136947655,0,-0.09933774834437085,0.7462475009911808,0.018941219735047976,0.5143988322835944
543,223472,Vet Tech Institute of Houston,For-profit,0.037383942627858484,0,-0.1116751269035533,0.36902428853440145,0.30194676469326515,0.9431487152476465
544,401250,Yo San University of Traditional Chinese Medicine,Private nonprofit,0.037372701328034406,0,-0.24647887323943662,0.07897667368779517,0.13654056465962428,0.3728208847343238
545,177339,Evangel University,Private nonprofit,0.03735976713871471,0,-0.18782608695652173,0.4203574347431958,0.12642573272832713,0.40354792822203134
546,152992,Briar Cliff University,Private nonprofit,0.03721271244160328,0,-0.17891939769707707,0.35981465829032777,-0.043761769026637615,0.48175837757967016
547,203580,Lake Erie College,Private nonprofit,0.03709027294709721,0,-0.14204545454545456,0.46013750313716134,-0.38014836797263346,0.552382937750922
548,172866,Academy College,For-profit,0.03699557325251978,0,0.0,0.4400708251816128,0.011683869410925867,0.946503578016297
549,138275,Warner University,Private nonprofit,0.03694715488749534,0,-0.19754253308128544,0.3322859257330506,0.0690499428518411,0.49306133769083044
550,155900,Southwestern College,Private nonprofit,0.0369171479209786,0,-0.22354497354497355,0.3610299686057875,-0.17368141681889054,0.5313634722297395
551,197744,Yeshivath Zichron Moshe,Private nonprofit,0.03688981320717846,0,-0.11587982832618025,0.44166093993522704,0.031274235343392374,0.18847676083598097
552,179548,Stephens College,Private nonprofit,0.03685801094284192,0,-0.0950920245398773,0.16076033888423197,0.3451869660834567,0.23516168378262567
553,213367,La Salle University,Private nonprofit,0.03684995959706992,0,-0.17920129738495844,0.5860204335630319,-0.17122126288605274,0.6685359573776136
554,189273,Beth Hamedrash Shaarei Yosher Institute,Private nonprofit,0.03681166792367988,0,-0.075,0.7111131096118104,-0.022442014124392746,0.4814707079942317
555,399869,Southern California Institute of Technology,For-profit,0.03678859669457063,0,-0.10873146622734761,0.21478785553649207,0.26211002828955426,0.6869055972155756
556,191630,Hobart William Smith Colleges,Private nonprofit,0.0367822516306527,0,-0.22367149758454105,0.18752665594701376,-0.9768606488819936,0.7491812644589638
557,173160,Bethel University,Private nonprofit,0.03667257180126681,0,-0.1146067415730337,0.3748380260219499,0.1908630202247645,0.4475276125818252
558,487302,Fortis College-Cuyahoga Falls,For-profit,0.03664308059036241,0,-0.19283276450511946,0.08771272297451138,0.02808997741793092,0.9998699077742002
559,192864,Marymount Manhattan College,Private nonprofit,0.03653058387847686,0,-0.15010570824524314,0.4038765481608327,-0.06828384379218486,0.6090092897586805
560,143288,Blackburn College,Private nonprofit,0.03651348891545436,0,-0.2074688796680498,0.1484605061651212,0.035953415100334535,0.32875671476750085
561,225247,Hardin-Simmons University,Private nonprofit,0.036414406562549205,0,-0.24053356282271945,0.1501361374038316,-0.012116673836741924,0.45042868395567864
562,108852,American Academy of Dramatic Arts-Los Angeles,Private nonprofit,0.036414277153703704,0,-0.12350597609561753,0.745807211005489,0.09019796142052858,0.715616725560199
563,219903,Concorde Career College-Memphis,For-profit,0.03640954638870957,0,0.0038109756097560975,0.007220273073363436,0.3026756620313002,0.6458304649134885
564,414966,Phillips Theological Seminary,Private nonprofit,0.036374630555154615,0,-0.16875,0.007220273073363436,0.11114441988753392,0.02966084577663228
565,460181,Concorde Career College-Dallas,For-profit,0.036327545006480416,0,-0.02689873417721519,0.007220273073363436,0.18485750744364102,0.7703105061675882
566,476683,Athena Career Academy,For-profit,0.036299087040560576,0,-0.14335664335664336,0.3838724966356186,0.19982270512000727,0.8978258300906832
567,160409,Saint Joseph Seminary College,Private nonprofit,0.036250455967163545,0,-0.15748031496062992,0.10296600172591228,0.35880425758440837,0.47523148339691024
568,127273,Iliff School of Theology,Private nonprofit,0.03623051410327078,0,-0.18502202643171806,0.01113891875350373,-0.4479914516554693,0.46910894522676233
569,414595,Pacific College of Health and Science,For-profit,0.03620702192586291,0,-0.057750759878419454,0.2526784959898704,0.12211203141282635,0.9612106349867032
570,161208,The Landing School,Private nonprofit,0.03610841171156034,0,-0.14814814814814814,0.31878650827360544,-0.0011731875879408824,0.566226417922914
571,120661,Concorde Career College-San Diego,For-profit,0.0361072765149139,0,0.0,0.19336013052561404,0.1824443710690971,0.7986708864675951
572,210331,Corban University,Private nonprofit,0.03609608128506151,0,-0.15968586387434555,0.35862541905094675,0.005956553218503575,0.5013600838050867
573,171599,Olivet College,Private nonprofit,0.03600941312243701,0,-0.17946428571428572,0.19927796803379344,-0.19450081057356178,0.44125515393320447
574,179326,Southwest Baptist University,Private nonprofit,0.03599690570704171,0,-0.2727826882048156,0.266134941126724,-0.03260736927232825,0.6421222150432586
575,138868,Point University,Private nonprofit,0.03599299107313259,0,-0.15655085809962327,0.5167711473645121,-0.003701439517214596,0.4011764369584273
576,126827,Colorado Technical University-Colorado Springs,For-profit,0.03591061876327788,0,-0.08901292596944771,0.04786583602121095,0.3620999411347781,0.9818844678781437
577,117557,Lincoln University,Private nonprofit,0.035817642591861924,0,-0.2063157894736842,0.22968492577879993,-0.009079678084720896,0.5497539231709235
578,125897,Woodbury University,Private nonprofit,0.03577348549354988,0,-0.23020408163265307,0.6413330158210925,-0.2752502800110165,0.904478418900874
579,231785,Bryant & Stratton College-Virginia Beach,Private nonprofit,0.035727045943040485,0,-0.272572402044293,0.031195940961251327,-0.27053047160412175,1.0
580,445249,Remington College-Nashville Campus,Private nonprofit,0.03571282308231125,0,-0.12727272727272726,0.9150057929885311,0.13551290604987062,0.8599385790869791
581,165945,Gordon-Conwell Theological Seminary,Private nonprofit,0.0357043588273245,0,-0.1963855421686747,0.12051771003257127,-0.7887074042042808,0.6410249156590685
582,481401,Grace School of Theology,Private nonprofit,0.03569893536640351,0,-0.046801872074883,0.4934863182101748,0.011438516733111897,0.13397705502042123
583,216694,Waynesburg University,Private nonprofit,0.035681516884114896,0,-0.16093366093366093,0.3776265479711405,-0.24598258967004671,0.4992171990769363
584,213303,Keystone College,Private nonprofit,0.03565767001665043,0,-0.17082111436950145,0.5848538078186831,-0.06374296917198796,0.509557284922622
585,154721,Bethany College,Private nonprofit,0.03554578562910085,0,-0.08823529411764706,0.47296961717319697,0.24489601439809144,0.25632704215252056
586,239080,Marian University,Private nonprofit,0.035529539175286985,0,-0.19082125603864733,0.10295007158542875,0.07983625383124003,0.6313896084981997
587,156295,Berea College,Private nonprofit,0.03545914898061513,0,-0.15106635071090047,0.06702921163006179,0.770292306394654,0.0
588,190761,Dominican University New York,Private nonprofit,0.03543890178561338,0,-0.2467880085653105,0.5580110297742604,-0.06303093335107551,0.7515761294058566
589,197230,Wells College,Private nonprofit,0.03530524658022826,1,-0.14797136038186157,0.10551881524901441,-0.4009508108613513,0.22068051545202652
590,199306,Pfeiffer University,Private nonprofit,0.03527871489226071,0,-0.15740015661707127,0.611188819647554,0.0320102235084186,0.47623104215286216
591,191676,Houghton University,Private nonprofit,0.03525759123664172,0,-0.14035087719298245,0.24746088761532745,-0.448753678662422,0.5141274671091842
592,218238,Limestone University,Private nonprofit,0.035239384191113575,1,-0.19038984587488667,0.44527063143612916,-0.22190897102846327,0.5325719636019649
593,113704,Dominican School of Philosophy & Theology,Private nonprofit,0.03518337719991607,0,-0.07462686567164178,0.007220273073363436,-0.6175985351708705,0.1017505653657345
594,486901,Milligan University,Private nonprofit,0.03517608095298431,0,-0.15648854961832062,0.11296629370711164,0.05670832409243245,0.5110660183870387
595,459259,South University-Richmond,For-profit,0.035133508205187014,0,-0.0045045045045045045,0.389331411269612,-0.18656738086535113,0.8500802118313564
596,169479,Davenport University,Private nonprofit,0.03505577698014516,0,-0.2109192720485301,0.3193088208359782,-0.013283707471597421,0.6951850480405974
597,231554,Bluefield University,Private nonprofit,0.03500711665701946,0,-0.14273356401384082,0.464566384796154,0.05007015523087597,0.5455363666567968
598,217721,Benedict College,Private nonprofit,0.03500101991058538,0,-0.09803921568627451,0.2960203415667984,0.03517849629983147,0.3912173787143174
599,238333,Beloit College,Private nonprofit,0.034908136566082756,0,-0.15660542432195976,0.15609201828457703,-0.20971052724324132,0.32874006800668576
600,460020,Fortis College-Columbia,For-profit,0.03483464680930149,0,-0.13279678068410464,0.5375294450202581,0.0672961031860903,0.9998614356145791
601,122728,William Jessup University,Private nonprofit,0.03477804512683558,0,-0.06827309236947791,0.722318965655377,-0.026293737927784458,0.5359816157202589
602,443410,DigiPen Institute of Technology,For-profit,0.03462256230365779,0,-0.04258943781942078,0.5166177423717129,0.002442037692319911,0.7787087715717171
603,460206,Concorde Career College-San Antonio,For-profit,0.03453961539115443,0,-0.07460035523978685,0.5900243309002433,0.09961572568725983,0.8076657798797912
604,232609,University of Lynchburg,Private nonprofit,0.03452818654239424,0,-0.19012178619756429,0.2582616666008992,-0.10629718065750134,0.6287511755891756
605,143659,Catholic Theological Union at Chicago,Private nonprofit,0.03443823139423469,0,-0.16141732283464566,0.04016893178490306,-1.0524058621761403,0.6983162855674364
606,188854,American Musical and Dramatic Academy,Private nonprofit,0.03443346399087051,0,-0.1652566271855612,0.7237850009319253,-0.022374278193361474,0.7348450529913
607,451079,Academy for Five Element Acupuncture,Private nonprofit,0.0344303568104379,0,-0.1511627906976744,0.536388666090245,-0.17076176398277176,0.7697115574320326
608,104717,Grand Canyon University,For-profit,0.03439246700481753,0,0.05825737181819127,0.7680357215509175,0.009839238546315694,0.7944773803017883
609,241377,Caribbean University-Bayamon,Private nonprofit,0.03437190708469222,0,-0.12076271186440678,0.4974046404743986,-0.08555209470284043,0.6268208269743129
610,488554,Burrell College of Osteopathic Medicine,For-profit,0.03428516396165828,0,0.06602254428341385,0.7943219002399257,0.08798417751366602,1.0104065644747928
611,150668,Goshen College,Private nonprofit,0.03421269220656538,0,-0.15325248070562295,0.11383614612542657,-0.5524171230509586,0.511888882336827
612,129525,University of Hartford,Private nonprofit,0.03417525913933801,0,-0.15369850878488114,0.4927640275032439,-0.4793191434901895,0.7057167310568794
613,429094,AOMA Graduate School of Integrative Medicine,For-profit,0.034154746856417374,1,-0.03571428571428571,0.2495064571717932,0.15829422684731495,0.511347181323272
614,106306,Arkansas Baptist College,Private nonprofit,0.034067599877074695,0,-0.064030131826742,0.14018912733866715,0.10128119976693077,0.0433434631843309
615,151801,Indiana Wesleyan University-Marion,Private nonprofit,0.03405165643467404,0,-0.17756714060031595,0.10774588067246664,-0.2996882127953811,0.6291802525645604
616,451750,Bryant & Stratton College-Wauwatosa,Private nonprofit,0.033966127798252345,0,-0.2634180790960452,0.02251415572645457,-0.20314080097324913,0.99884316925923
617,223223,Baylor College of Medicine,Private nonprofit,0.033904276809327345,0,0.015132408575031526,0.4540776379451149,-0.04846886344214346,0.010931641190863732
618,488448,Seattle Film Institute,For-profit,0.03389765738050076,0,-0.05660377358490566,0.059795426268676434,0.13502850492178406,0.9385770365590065
619,221892,Trevecca Nazarene University,Private nonprofit,0.0337838070541816,0,-0.1861545988258317,0.5281918088832052,0.053283099402981454,0.567465325398314
620,209409,Bushnell University,Private nonprofit,0.033769414241515874,0,-0.13167701863354037,0.27967735919958725,0.38240418011845956,0.32134671457771746
621,372329,IBMC College,For-profit,0.03375464853200879,0,0.07563025210084033,0.6946130741544225,-0.01626602067390437,0.9554683134095737
622,225548,Howard Payne University,Private nonprofit,0.03374781622628205,0,-0.19033816425120773,0.04165854365582062,0.1107811971669584,0.356846637834121
623,101675,Miles College,Private nonprofit,0.033738121245299194,0,-0.13598901098901098,0.18394784929956484,0.0058802861470619435,0.15921161735807007
624,186283,Rider University,Private nonprofit,0.0336475876497187,0,-0.1326486949080017,0.5768592610469633,-0.25910324435983634,0.6185831746931832
625,217776,Southern Wesleyan University,Private nonprofit,0.03360810678236396,0,-0.17832167832167833,0.1482061593860447,0.2074964678590178,0.4562563985095429
626,199272,William Peace University,Private nonprofit,0.0335706501731301,0,-0.19797525309336333,0.15340284876922755,-0.743267161049844,0.749568985189687
627,235422,Heritage University,Private nonprofit,0.0335491532933652,0,-0.121524201853759,0.25964505950808975,-0.13783666364333033,0.5168320832155013
628,203775,Malone University,Private nonprofit,0.03343249700745181,0,-0.21325459317585302,0.30102726834352683,-0.19425693779409922,0.5776007327440501
629,199643,Shaw University,Private nonprofit,0.033428557185858104,0,-0.1735089078233927,0.1623122232752413,0.02322367338428138,0.40417968322076503
630,460543,Universal Technical Institute-Dallas Fort Worth,For-profit,0.03341781142118299,0,0.07133995037220843,0.8073525220860645,0.3583794094212521,0.9825434000531182
631,203368,John Carroll University,Private nonprofit,0.03338354946143464,0,-0.16657159155733028,0.33525150366328865,-0.3614453434080938,0.7097224342092464
632,193247,Mirrer Yeshiva Cent Institute,Private nonprofit,0.03336469457319768,0,-0.06756756756756757,0.04134667480877115,0.3298178549450313,0.1824248026851481
633,190716,D'Youville  University,Private nonprofit,0.033359304105554904,0,-0.17388451443569553,0.3609993269020506,-0.07749438131413827,0.6811592168420495
634,230852,Champlain College,Private nonprofit,0.03331940763854544,0,-0.192018244013683,0.3789922704016366,-0.1639655184837493,0.6806767190797423
635,176628,Avila University,Private nonprofit,0.03331548056794835,0,-0.14416775884665792,0.41765165728226716,-0.02889548620418548,0.5021180836478653
636,218070,Furman University,Private nonprofit,0.033191042079075146,0,-0.13613861386138615,0.14173842184228558,-0.2434885844816694,0.4177562349606447
637,173665,Hamline University,Private nonprofit,0.03317903281297952,0,-0.22502937720329025,0.24362074154987653,-0.3150928563324877,0.8608547662490054
638,131405,Pontifical Faculty of the Immaculate Conception at the Dominican House of Studies,Private nonprofit,0.033167427885211674,0,-0.13095238095238096,0.013997573011309439,0.7001126074292224,0.055056904620303264
639,125231,Walden University,For-profit,0.033166969524912986,0,-0.1261462205700124,0.4688610890798151,0.1728889157199828,0.9980770391730025
640,166452,Lesley University,Private nonprofit,0.0331632003473384,0,-0.24478935698447893,0.37622878229904155,-0.6472587951542472,1.0922050727908277
641,192925,Medaille University,Private nonprofit,0.03310801058369503,1,-0.13736263736263737,0.6895164745372373,-0.03965136081590293,0.5404538138504154
642,174899,The College of Saint Scholastica,Private nonprofit,0.03309968347366047,0,-0.17895545314900155,0.32938098704104196,-0.26425079266862805,0.8070923710162433
643,443562,Dewey University-Hato Rey,Private nonprofit,0.033061025600088084,0,-0.17537313432835822,0.4864073355289883,0.1356023626334941,0.5834907174156276
644,168740,Andrews University,Private nonprofit,0.033021790969309586,0,-0.15693215339233038,0.19648426716544282,-0.013282406079180702,0.46956721725653733
645,224004,Concordia University Texas,Private nonprofit,0.033019321057023904,0,-0.2601270849880858,0.3071377819246069,0.12530982825471643,0.6946788542877252
646,193751,Northeast College of Health Sciences,Private nonprofit,0.033004995779617956,0,-0.32142857142857145,0.23215540067102533,-1.3926158141532896,1.1168692167552512
647,147341,Monmouth College,Private nonprofit,0.032990618599693974,0,-0.1543550165380375,0.1516534303828167,-1.9716823808572745,0.8148417692496576
648,120865,Pacific Union College,Private nonprofit,0.03292903865950694,0,-0.0429042904290429,0.7640349744198457,-0.3820458426746448,0.33786124240124954
649,146533,Lakeview College of Nursing,Private nonprofit,0.03289249453558062,0,-0.21621621621621623,0.022440224590720977,0.2585550246330709,0.4852640805903571
650,110370,California College of the Arts,Private nonprofit,0.032781293472595875,0,-0.19301075268817205,0.24449465551382385,-0.060968294772922024,0.6855327049414452
651,386153,Seminar L'moros Bais Yaakov,Private nonprofit,0.03276234920184556,0,-0.22120658135283364,0.11950458442091562,0.10416996936177372,0.6879838474255653
652,241410,Pontifical Catholic University of Puerto Rico-Ponce,Private nonprofit,0.03270827450203916,0,-0.19239373601789708,0.16149156392576472,0.025572603753094548,0.5743165269922174
653,188687,American Academy McAllister Institute of Funeral Service,Private nonprofit,0.03267970169989412,0,-0.16956521739130434,0.4913376587935597,0.1840682543165838,0.8927471442740738
654,131283,The Catholic University of America,Private nonprofit,0.03263885363748199,0,-0.13914399584127535,0.2712845262905591,0.06464473356022754,0.3988857925607666
655,183974,Centenary University,Private nonprofit,0.03263259867081746,0,-0.10886377156454491,0.5158681657954314,-0.21641262862673938,0.6556351152312613
656,178369,Missouri Valley College,Private nonprofit,0.032606363652293566,0,-0.13631221719457012,0.374616580899265,-0.043419461482629644,0.5502886024008733
657,211583,Chestnut Hill College,Private nonprofit,0.03259858375257502,0,-0.1125,0.4147679101407693,0.12556921381909852,0.4462699812753782
658,154350,Simpson College,Private nonprofit,0.03259556454639052,0,-0.15055350553505534,0.25089885149313546,-0.15612084341890733,0.4713407096125099
659,188517,Bryant & Stratton College-Albany,Private nonprofit,0.032593272838600834,0,-0.291866028708134,0.11337204968788944,-0.4984532693628776,1.0
660,230995,Norwich University,Private nonprofit,0.03259273426311925,0,-0.14492753623188406,0.19461537861594017,-0.622296068719042,0.6008652580099065
661,201548,Capital University,Private nonprofit,0.032586428615224206,0,-0.18877867327960324,0.1385653324989738,-0.30924698219745744,0.7315783739333731
662,154855,Central Christian College of Kansas,Private nonprofit,0.03255975899454127,0,-0.15657311669128507,0.5023960363919133,-0.06082937000802121,0.5159232722330985
663,150534,University of Evansville,Private nonprofit,0.03253807481169327,0,-0.14930409110080134,0.2937261433330476,-0.13744757431073237,0.5168544099999944
664,219374,Sinte Gleska University,Private nonprofit,0.032512321184800276,0,-0.009107468123861567,0.05337853537799367,-0.2679372738028944,0.003022531932885381
665,213774,Manor College,Private nonprofit,0.032473519439829505,0,-0.21849865951742628,0.13066670336512712,0.11944645664625617,0.6878708376332365
666,201104,Ashland University,Private nonprofit,0.032451756889307286,0,-0.18012178353957964,0.30342430669543247,0.17740443567784922,0.4386211297631475
667,455804,Institute of World Politics,Private nonprofit,0.03242860617828444,0,-0.08391608391608392,0.39189869168668306,0.41805797432958614,0.16689000051101813
668,184348,Drew University,Private nonprofit,0.032391822164109005,0,-0.09788702026735661,0.3777963715026224,-0.23728270214347122,0.536873242309878
669,450960,Healthcare Career College,For-profit,0.03230750781940533,0,-0.021021021021021023,0.5800498611269725,0.29176255936666873,0.9078250070800551
670,165574,Dean College,Private nonprofit,0.03225652722270707,0,-0.09924242424242424,0.42253957199944564,-0.011306643188230414,0.5794129222319483
671,127714,Nazarene Bible College,Private nonprofit,0.03223735262218186,0,-0.18911174785100288,0.3915843504184264,-0.4423577041927268,0.6354267492590528
672,193405,Icahn School of Medicine at Mount Sinai,Private nonprofit,0.0322274049355767,0,0.016220600162206,0.5527330599398043,0.14784074583116497,0.00940295254489087
673,190044,Clarkson University,Private nonprofit,0.032191447859154954,0,-0.13531736805394096,0.27465629561237465,-0.1288720152965555,0.47050065143637876
674,199069,University of Mount Olive,Private nonprofit,0.032181776517319835,0,-0.2017825311942959,0.3288398415693144,0.10623363414443117,0.54698156003811
675,130314,University of Saint Joseph,Private nonprofit,0.03212899047590054,0,-0.16930775646371976,0.43918135900818495,0.05491846107306878,0.5965541896983197
676,455336,MediaTech Institute-Dallas,For-profit,0.03209182048651743,0,-0.08520179372197309,0.6819660523439206,-0.06057353921730061,1.0
677,148511,Rush University,Private nonprofit,0.0320860931503289,0,0.041742286751361164,0.4513665841386294,0.03774126676027693,0.033459128999170855
678,233301,Randolph College,Private nonprofit,0.03207322984997494,0,-0.10372771474878444,0.07317954369941007,-0.5431098068896277,0.38306277907765984
679,145275,Garrett-Evangelical Theological Seminary,Private nonprofit,0.03207322363911089,0,-0.10828025477707007,0.11455361039770569,0.770292306394654,0.0
680,157863,Union College,Private nonprofit,0.03206801230741952,0,-0.14912280701754385,0.23172411315955366,-0.7524781140811776,0.8214248053286394
681,237783,Salem University,For-profit,0.03204773898237459,0,0.025,0.5278254458225747,0.06281498326018002,0.9000000237942077
682,134945,Jacksonville University,Private nonprofit,0.03202686006528132,0,-0.07853025936599424,0.7308476167546769,-0.06919409603401816,0.623279487169299
683,152798,Allen College,Private nonprofit,0.03202518554368085,0,-0.2423780487804878,0.04711650906366488,0.07332443969090495,0.8406534111623266
684,134510,Hobe Sound Bible College,Private nonprofit,0.0318831958397976,0,-0.03954802259887006,0.06909379084954782,0.14207211032673786,0.14178299925938703
685,219639,Baptist Health Sciences University,Private nonprofit,0.031875652562451735,0,-0.19413549039433772,0.07477678841879179,-0.521978444607808,0.8868025824579149
686,197692,Yeshivath Shaar Hatorah,Private nonprofit,0.031871101474344285,0,-0.19047619047619047,0.007220273073363436,0.007399173892361095,0.5098035521686503
687,189592,Bryant & Stratton College-Greece,Private nonprofit,0.031856359865310595,0,-0.26948775055679286,0.007575494421391162,-0.7699957204527097,1.0
688,189705,Canisius College,Private nonprofit,0.03184132292541097,0,-0.19664732430689877,0.2417353090933386,-0.07858730636987092,0.5226236999054827
689,154688,Baker University,Private nonprofit,0.03183180170148202,0,-0.18882466281310212,0.2050561784644894,-0.09967955810976925,0.6793206672936172
690,204936,Otterbein University,Private nonprofit,0.03183002786625328,0,-0.13845075359270942,0.20938928336148338,-0.12444744052370292,0.6245110986714122
691,204486,University of Northwestern Ohio,Private nonprofit,0.03173467564902769,0,-0.18814032909034462,0.2511466448230106,0.12257113995884113,0.6205279035651786
692,484871,Rabbinical College Ohr Yisroel,Private nonprofit,0.0316970786466546,0,-0.05737704918032787,0.7988690200783651,0.12603712912296725,0.6633754855782615
693,260691,Pima Medical Institute-Mesa,For-profit,0.0316727137911109,0,-0.102803738317757,0.2555832283808596,0.1656896820872044,0.8348546423509656
694,137272,St. John Vianney College Seminary,Private nonprofit,0.031658509314418035,0,-0.25,0.06366161051461255,0.16532019883139631,0.8756909454112708
695,383020,Midwest College of Oriental Medicine-Racine,For-profit,0.0316385972687728,0,-0.125,0.16949380675719422,0.046778386619667836,0.9526881527766013
696,446598,Universal College of Healing Arts,For-profit,0.03162860899977917,0,-0.07692307692307693,0.19574628485270767,0.06748027042699879,0.7609494059053887
697,150288,Concordia Theological Seminary,Private nonprofit,0.03161143259318924,0,-0.06070287539936102,0.023729248165956382,-0.8356028286319213,0.12471636314359497
698,366368,New York Academy of Art,Private nonprofit,0.03156937091387067,0,-0.14754098360655737,0.30980107182886024,-0.24139868303782358,0.5851136984243961
699,210401,Willamette University,Private nonprofit,0.031459639729614505,0,-0.12391005048187242,0.2949116593777176,-1.4142625394598387,1.1168692167552512
700,225885,Jarvis Christian University,Private nonprofit,0.03145665805108489,0,-0.15916955017301038,0.07765620316221815,0.20906545092184653,0.2646201466632112
701,174747,College of Saint Benedict,Private nonprofit,0.03139898804105481,0,-0.15903890160183065,0.20151234194581089,-0.1412637217557003,0.5604209964964262
702,217040,Yeshivath Beth Moshe,Private nonprofit,0.03139016987225752,0,-0.11904761904761904,0.23874191356714955,0.1594952170223611,0.14886474874524672
703,195030,University of Rochester,Private nonprofit,0.031362714331124066,0,-0.0029428594784599036,0.4187127951529293,-0.09638481074339228,0.06415979714957395
704,260813,Platt College-Aurora,For-profit,0.03132300410227137,1,-0.06451612903225806,0.19510021862228805,0.18564711913731663,0.9174792188948342
705,196653,Trocaire College,Private nonprofit,0.031314346031251994,0,-0.22692889561270801,0.03941318819161029,0.052571045277335596,0.6972896926611101
706,218751,Sherman College of Chiropractic,Private nonprofit,0.03129931340552721,0,-0.19181034482758622,0.342394664498322,0.15184583564454687,0.7777855030895355
707,190424,Weill Medical College of Cornell University,Private nonprofit,0.03129272170158733,0,0.0,0.4655471094833328,-0.008185145579100257,0.012352885558695622
708,422695,Pacific College,For-profit,0.0312825385711522,0,0.06666666666666667,0.21648586212137444,0.196331900669851,0.7515548253052224
709,224712,Episcopal Theological Seminary of the Southwest,Private nonprofit,0.031219770557370442,0,-0.12213740458015267,0.02129080035664803,-0.02831067995507645,0.12472431266083604
710,193201,Mildred Elley School-Albany Campus,For-profit,0.03120268346119813,0,0.013888888888888888,0.3847733800109193,0.05372789865181952,0.9278258207334762
711,207971,University of Tulsa,Private nonprofit,0.031188651070458855,0,-0.13930121032199133,0.0818134776747998,-0.022272047656415925,0.3701580452560604
712,155283,Concorde Career College-Kansas City,For-profit,0.031174732254518736,0,0.13582677165354332,1.2009543035419343,-0.1046534079938212,0.8142498551843985
713,228325,Southwestern Assemblies of God University,Private nonprofit,0.03116031058794253,0,-0.1248780487804878,0.34581809251060736,0.0917532633468781,0.426115424056939
714,488387,Claremont Lincoln University,Private nonprofit,0.031132053692711083,0,-0.13385826771653545,0.01950189612662112,-0.6449782774310232,0.5526393633645162
715,129774,Mitchell College,Private nonprofit,0.0310211860502284,0,-0.16043613707165108,0.4948561335117077,0.09385118307139338,0.6811176239571471
716,206507,Wilmington College,Private nonprofit,0.031010642472382006,0,-0.1502843216896832,0.19687477006589837,-0.37615384087668197,0.6579711108695258
717,196884,Union Theological Seminary in the City of New York,Private nonprofit,0.03094168462470113,0,-0.06910569105691057,0.23836725228859612,-0.08481384269705686,0.21696477417038357
718,115773,Humphreys University-Stockton and Modesto Campuses,Private nonprofit,0.03092212873664934,0,-0.19135802469135801,0.45067971200137125,0.007862044329031986,0.6465516377720473
719,176053,Mississippi College,Private nonprofit,0.030898254506800175,0,-0.16627931544474964,0.1810557840114189,-0.059809892192957285,0.5805649936317541
720,213251,Juniata College,Private nonprofit,0.03086745024595427,0,-0.15185444366689993,0.3522456919940204,-0.2804237427927494,0.5098906063471979
721,138309,Rasmussen University-Florida,For-profit,0.030818922315716278,0,-0.07288828337874659,0.665940817094724,0.2644202899495464,1.0
722,490559,Gwinnett Institute,For-profit,0.030788394472835177,0,-0.03209876543209877,0.11133813142731575,0.24256763288507335,0.951261275263025
723,167783,Simmons University,Private nonprofit,0.030787467494764752,0,-0.1262433052792655,0.5853316164847743,-0.28447399420112957,0.8026330477468879
724,153834,Luther College,Private nonprofit,0.03067637382894113,0,-0.17478216299333674,0.12949454593014548,-0.15361305084700105,0.43907006635310136
725,154013,Mount Mercy University,Private nonprofit,0.03064777465861583,0,-0.15550636413945768,0.16849673602344614,-0.04354994974571681,0.5064015826135977
726,450058,Fortis College-Columbus,For-profit,0.030637944197332692,0,-0.13347457627118645,0.1321609766375062,0.041616929146763924,0.9997713104913902
727,445692,Neumont College of Computer Science,For-profit,0.03062385203284941,0,0.09071729957805907,0.19017045934388563,0.10111055018165725,0.6970191210381064
728,216047,Saint Charles Borromeo Seminary-Overbrook,Private nonprofit,0.030616499558482703,0,-0.17708333333333334,0.016533813033049162,-0.8101643194016009,0.4960883324922937
729,165936,Gordon College,Private nonprofit,0.030606097676527118,0,-0.12331717824448034,0.24737191167488326,-0.5346161434153858,0.6324513665834137
730,168591,Alma College,Private nonprofit,0.03058577052360478,0,-0.1262135922330097,0.24676633063983644,-0.7906479246315619,0.6293793473161697
731,493798,New York Seminary,Private nonprofit,0.030539558864948805,0,-0.13636363636363635,0.5302685129440097,-0.02499343206550672,0.7588884471764812
732,222178,Abilene Christian University,Private nonprofit,0.030535970769264884,0,-0.040249433106575964,0.2619777393339705,0.30885608052561386,0.32147058521846295
733,224660,Western Technical College,For-profit,0.030519964302603248,0,0.13893967093235832,0.47897969662860246,0.2016899836656027,0.694623621858004
734,199759,Southeastern Baptist Theological Seminary,Private nonprofit,0.030512045311020246,0,-0.1264222503160556,0.18049986463292744,-0.030098490002448564,0.4253997414446825
735,164562,Assumption University,Private nonprofit,0.030455860695364188,0,-0.15718379042161276,0.20461667932875915,0.02548004199614495,0.518440512535152
736,175005,St Catherine University,Private nonprofit,0.03044052951667932,0,-0.1872301749602363,0.270633951993156,-0.16611393426451007,0.7964270163481239
737,225575,Huston-Tillotson University,Private nonprofit,0.030431488318783534,0,-0.08563782337198929,0.03063701438688457,0.05839775754090637,0.3648881939741851
738,363934,University of Advancing Technology,For-profit,0.03041881430456103,0,0.08998732572877059,0.5068795296565586,0.11911685368425709,0.8909329625718789
739,166683,Massachusetts Institute of Technology,Private nonprofit,0.030391271621851807,0,0.029340277777777778,0.16680797023322985,-1.816781077977445,0.2929070630292052
740,221731,Tennessee Wesleyan University,Private nonprofit,0.030380336249611832,0,-0.07800175284837861,0.5868679725653674,-0.04789168213344026,0.5624874346121611
741,239512,Northland College,Private nonprofit,0.030376428752005916,1,-0.14942528735632185,0.1320931315369136,-0.28105413615830777,0.38998566628931436
742,216667,Washington & Jefferson College,Private nonprofit,0.030367171133104883,0,-0.09011857707509881,0.20475903536521944,-0.8569230830899063,0.5776375897577735
743,188580,Albany Medical College,Private nonprofit,0.03033012011659982,0,0.010869565217391304,0.4201954930715116,0.007982164814580724,0.09309690987025822
744,206437,Walsh University,Private nonprofit,0.0303120294450911,0,-0.1429101707498144,0.14141298504233193,-0.057524224981384334,0.666960852270809
745,213668,Lycoming College,Private nonprofit,0.030288385975076777,0,-0.07105263157894737,0.16632142149616586,-0.8335597494288345,0.37661142837503186
746,132408,The Baptist College of Florida,Private nonprofit,0.030240027814151225,0,-0.0989010989010989,0.007220273073363436,-0.4189580430439585,0.38402767691624473
747,135364,Luther Rice College & Seminary,Private nonprofit,0.030212111633755794,0,-0.2570332480818414,0.11169524989353877,0.031011539990557724,0.7737325747820377
748,185572,Monmouth University,Private nonprofit,0.03021181124845818,0,-0.1555518226104485,0.12754070553683136,-0.04810604518477548,0.7143250428068264
749,154004,Morningside University,Private nonprofit,0.030197140889930557,0,-0.13466717968449404,0.23428247185796353,-0.02425776442640623,0.5181415768608696
750,117140,University of La Verne,Private nonprofit,0.030139472427704962,0,-0.23445105462412114,0.3472072519087949,-0.2170274034615814,0.9120012492001922
751,150145,Bethel University,Private nonprofit,0.030134122137483968,0,-0.10896551724137932,0.36902098087897484,-0.039828186674462855,0.5242322517505137
752,188526,Albany College of Pharmacy and Health Sciences,Private nonprofit,0.03013305231752914,0,-0.25,0.26699358712302923,-0.45734064092372484,0.8416610462024614
753,148487,Roosevelt University,Private nonprofit,0.030132345574046444,0,-0.08499140260378285,0.6868652219594222,-0.44257211873461233,0.7628094950527244
754,177214,Drury University,Private nonprofit,0.030108222382394922,0,-0.08491107286288009,0.2583741940959141,-0.2719832077275532,0.5073933282336067
755,233426,Roanoke College,Private nonprofit,0.030093700998008097,0,-0.08836744882675986,0.17103231645053113,0.0052060532515852895,0.474587611648928
756,153144,Coe College,Private nonprofit,0.030066077439478735,0,-0.11608391608391608,0.22610627254843507,-0.5169949419741194,0.5885504315489489
757,156408,Centre College,Private nonprofit,0.030046268413368264,0,-0.03827072997873848,0.2733571628106976,-0.046692959414575005,0.33458774862947077
758,186618,Saint Elizabeth University,Private nonprofit,0.029955729559799714,0,-0.1282051282051282,0.413621570408986,-0.09676583459770569,0.575162660214547
759,217059,York College of Pennsylvania,Private nonprofit,0.029936498751012567,0,-0.15114929185047596,0.19972736672204888,-0.4428599206773784,0.744461571432713
760,117575,Southern California Seminary,Private nonprofit,0.02993165688987345,0,-0.13068181818181818,0.30787067733655893,-0.12085862340763917,0.5926428705261387
761,215442,Point Park University,Private nonprofit,0.02991712698515602,0,-0.1631458386357852,0.3132759263742045,-0.0734451274866913,0.7300025908356225
762,189583,Bryant & Stratton College-Buffalo,Private nonprofit,0.02991558320316202,0,-0.2418111753371869,0.007220273073363436,-0.2499167683133387,1.0
763,207962,Tulsa Welding School-Tulsa,For-profit,0.02983137471200851,0,0.06873315363881402,0.4839685170029552,0.033299185837068125,0.9844645833158397
764,180054,Blackfeet Community College,Private nonprofit,0.029777187268382074,0,-0.0546448087431694,0.23719607011000404,0.3590690484453424,0.05018646408233358
765,237136,Appalachian Bible College,Private nonprofit,0.029742913660381058,0,0.022026431718061675,0.39992580698121294,0.060174594766200046,0.18230348517224781
766,197142,Villa Maria College,Private nonprofit,0.02973536321709997,0,-0.10576923076923077,0.25244767469847973,-0.0063980823629961785,0.609912767599481
767,165699,Endicott College,Private nonprofit,0.029714806132480513,0,-0.155030584264923,0.2934592113168405,0.0958753074965444,0.581605804310087
768,174437,North Central University,Private nonprofit,0.029677875159441987,0,-0.14112554112554113,0.17180317283556482,-0.01611840875272045,0.47403289105215907
769,376385,Universal Technology College of Puerto Rico,Private nonprofit,0.029637353970000058,0,-0.2127659574468085,0.057793172314426745,0.5061979025950663,0.45698338779192826
770,155177,Hesston College,Private nonprofit,0.029636835627711702,0,-0.1402116402116402,0.05204091859439544,0.2021961464486151,0.24557360558967636
771,206835,Oklahoma Wesleyan University,Private nonprofit,0.029630659233625026,0,-0.1694417238001959,0.04846530738203565,0.039388813701085185,0.5256392292095374
772,131469,George Washington University,Private nonprofit,0.029576429412889935,0,-0.0674120946286043,0.5119858531589746,-0.0880261018132761,0.49527148985204555
773,147013,McKendree University,Private nonprofit,0.029542486072262095,0,-0.14485165794066318,0.3857850655306465,-0.2610337655323567,0.6849392818344867
774,181446,Nebraska Wesleyan University,Private nonprofit,0.029522564115719612,0,-0.17416829745596868,0.11272857189255903,-0.02820589383742564,0.6180949537175277
775,439570,Community Care College,Private nonprofit,0.029517860885346373,0,-0.16789667896678967,0.8343819666171368,0.05988039093730752,0.8389185114511499
776,138655,Interactive College of Technology-Chamblee,For-profit,0.029469240164185558,0,-0.04401408450704225,0.580283267172691,0.20221480727044402,1.0
777,101693,University of Mobile,Private nonprofit,0.02942087114881664,0,-0.0930115635997989,0.4861111564250143,-0.037324742972393396,0.49722326986825316
778,487524,Husson University,Private nonprofit,0.02940118644728393,0,-0.1813568376068376,0.3019759266983341,-0.00793457438926959,0.5851495451683483
779,142461,Northwest Nazarene University,Private nonprofit,0.029377315019334476,0,-0.15774514448128849,0.20222354172982768,-0.017512767231140324,0.6196546787886162
780,236230,Pacific Lutheran University,Private nonprofit,0.029241098550768202,0,-0.14010450685826256,0.3210453247958295,-0.11041586692258477,0.6718746001279591
781,203960,Mercy College of Ohio,Private nonprofit,0.02923872234943481,0,-0.19166666666666668,0.2533158303576549,0.12228432647715483,0.5741075905909271
782,147244,Millikin University,Private nonprofit,0.029237109735816575,0,-0.13250120019203074,0.17424571841717115,-0.017491947014522398,0.43903046578413973
783,215114,Cairn University-Langhorne,Private nonprofit,0.029200992424681216,0,-0.15561015561015562,0.3015961579756516,0.004499303455903691,0.5053658131247415
784,237066,Whitworth University,Private nonprofit,0.02913465573176062,0,-0.1417910447761194,0.31284582602264394,-0.2518876780802054,0.7053195681811468
785,455992,Vermont College of Fine Arts,Private nonprofit,0.02910490709138639,0,-0.1235632183908046,0.7714112623573186,-0.019675661361130428,0.7407917150889133
786,182980,New England College,Private nonprofit,0.029091341340501908,0,-0.19138077686419053,0.3923697811017563,-0.09579247492862171,0.6988193544711846
787,207157,Randall University,Private nonprofit,0.029055092408735564,0,-0.1510574018126888,0.3588975400223778,0.16377080715734899,0.5556231182200406
788,218539,Presbyterian College,Private nonprofit,0.029038019161757394,0,-0.11382113821138211,0.29875905971426975,-0.22283350869105734,0.5697496648037581
789,215637,Walnut Hill College,For-profit,0.02892497126107819,0,0.10526315789473684,0.3347685651887894,0.14966730446643609,0.7901123429740952
790,438504,Universal Technical Institute of California Inc,For-profit,0.02890233763459242,0,0.010822510822510822,1.0616054107901223,0.1316433177674005,0.982051526414435
791,151777,Manchester University,Private nonprofit,0.02888824524422057,0,-0.13992932862190813,0.15253483395107117,-0.12572819762218143,0.5485568618691783
792,195049,The Rockefeller University,Private nonprofit,0.028808714368014788,0,0.10080645161290322,0.36078991443186426,-0.47081563876644417,0.0
793,177719,Barnes-Jewish College Goldfarb School of Nursing,Private nonprofit,0.02878620890323997,0,-0.2564102564102564,0.007220273073363436,0.2136970970004095,0.6443594463256023
794,214175,Muhlenberg College,Private nonprofit,0.02876967645979016,0,-0.12972012438916036,0.1631490556107414,-0.4546910705481642,0.694790886529569
795,110404,California Institute of Technology,Private nonprofit,0.028699557352150427,0,0.0733124720607957,0.4062344196719914,-0.24793973088621413,0.019076098280285773
796,152600,Valparaiso University,Private nonprofit,0.028643179333361423,0,-0.1553398058252427,0.2742978648002126,-0.47296291324457246,0.592875535433167
797,117104,Life Pacific University,Private nonprofit,0.028624483390020487,0,-0.09420289855072464,0.04605070539675582,-0.1432778785354935,0.48530288680482125
798,156286,Bellarmine University,Private nonprofit,0.028605435288528432,0,-0.10837586310417292,0.3628153904919336,-0.14043104656242128,0.7355016426276461
799,486813,Pima Medical Institute-El Paso,For-profit,0.028590824417994733,0,0.17043478260869566,0.5497185074737222,-0.024150736410834175,0.7449280894164344
800,146427,Knox College,Private nonprofit,0.0285892175946711,0,-0.1589825119236884,0.20390887867940968,-1.2637624247467185,0.7026883223572795
801,195191,St. Joseph's College of Nursing,Private nonprofit,0.02856171444112007,0,-0.29080118694362017,0.0449918713333098,0.11959576390020225,0.805439738938692
802,198950,Meredith College,Private nonprofit,0.028551232253946936,0,-0.12320441988950276,0.297998844281685,-0.49325630478606397,0.790093122395692
803,102270,Stillman College,Private nonprofit,0.028545201479704085,0,-0.13588850174216027,0.07898974682123376,0.04333539797781938,0.40511176058753884
804,212045,Douglas Education Center,For-profit,0.028528316474005767,0,-0.04807692307692308,0.11612292794917402,0.16568253032388577,0.6777958301286101
805,118693,Menlo College,Private nonprofit,0.028453539948835857,0,-0.10514541387024609,0.11746450418648276,0.32904941737551846,0.2950995249119631
806,485500,ABCO Technology,For-profit,0.028452755199494383,0,-0.07142857142857142,0.2523333075092945,0.35213160279998235,1.0
807,211468,Cedar Crest College,Private nonprofit,0.028416202500415273,0,-0.13237221494102228,0.2397290123104144,-0.1688102873217683,0.7663498184885988
808,201371,Bluffton University,Private nonprofit,0.028385752233083143,0,-0.029947916666666668,0.1838081888221435,0.04241943360250006,0.3229620857349693
809,192703,Manhattan College,Private nonprofit,0.028379279143965142,0,-0.13164925916929804,0.2831953017696516,-0.12091725030722547,0.6357771554036464
810,145628,Illinois College of Optometry,Private nonprofit,0.02822802561349631,0,-0.11904761904761904,0.3592851387754913,-0.1877130077864807,0.7930917555335032
811,237057,Whitman College,Private nonprofit,0.028198874757060583,0,-0.05446485117162761,0.12160791340110837,0.770292306394654,0.0
812,210775,Alvernia University,Private nonprofit,0.02818182398993124,0,-0.09044306114976199,0.4644485211382614,0.1321910238418632,0.5722751349625151
813,167464,Pope St John XXIII National Seminary,Private nonprofit,0.028139579992805832,0,-0.11320754716981132,0.008150296304898028,-1.0905469134238797,0.8760473227302958
814,132602,Bethune-Cookman University,Private nonprofit,0.028123049587105813,0,-0.05997931747673216,0.4430889704230798,0.12415771141672219,0.15357912622561368
815,102377,Tuskegee University,Private nonprofit,0.0281220199810253,0,-0.10639777468706536,0.05677496809153195,-0.015244704131873312,0.2547222909952258
816,493664,Yeshivat Hechal Shemuel,Private nonprofit,0.028118451484430117,0,0.0,0.007220273073363436,0.48029059140540664,0.11566112132099125
817,494852,Stautzenberger College-Rockford Career College,For-profit,0.028101561592605753,0,0.00211864406779661,0.1641251923556906,0.1553991356906372,1.0
818,220206,Welch College,Private nonprofit,0.028095495531465276,0,-0.07511737089201878,0.40849029643245305,0.1387567809818126,0.22294134203110183
819,195173,St. Francis College,Private nonprofit,0.02809019731956991,0,0.025038520801232665,0.9592045992065332,-0.9441122820726576,0.7314139178110309
820,212656,Geneva College,Private nonprofit,0.02807426062923687,0,-0.13966480446927373,0.05038681224190701,-0.03366563207322678,0.4792779052630148
821,217873,Claflin University,Private nonprofit,0.028069518560289507,0,-0.11594202898550725,0.28258987581439404,0.1756359083434995,0.3833859939122973
822,165671,Emmanuel College,Private nonprofit,0.027983021555249548,0,-0.09450945094509451,0.6534659386885164,-0.5078826734173831,0.6480582607305126
823,151263,University of Indianapolis,Private nonprofit,0.02797927092334102,0,-0.13497672815031891,0.4055492379663847,-0.16113304957129562,0.6799192727717501
824,436429,Los Angeles Film School,For-profit,0.027962955153893375,0,0.08483789555426131,0.4910813103476896,0.095684492376434,0.9972872748547577
825,133863,Concorde Career Institute-Tampa,For-profit,0.027955770463472456,0,0.08486238532110092,0.7789799072642968,0.11832850641290857,0.6859743483657427
826,404912,Pima Medical Institute-Denver,For-profit,0.02793634457312039,0,0.04563233376792699,0.28974617249152923,0.11334574372850943,0.8383497934479147
827,206279,Union Institute & University,Private nonprofit,0.027897742183092242,1,-0.08488372093023255,0.5118002306105038,-0.03250927445743581,0.6332426168186467
828,167394,College of Our Lady of the Elms,Private nonprofit,0.02787601580670285,0,-0.14715719063545152,0.26330904903623287,-0.016931869551743056,0.6953764952606136
829,217961,Converse University,Private nonprofit,0.02785226909299369,0,-0.11752577319587629,0.20092680200399632,-0.04036512831151654,0.3809462487748236
830,215381,Pittsburgh Institute of Aeronautics,Private nonprofit,0.027837460101391626,0,-0.1302250803858521,0.18992791218817112,0.06009494092036489,0.7589524930806316
831,119173,Mount Saint Mary's University,Private nonprofit,0.027830210668470946,0,-0.14535901926444833,0.18984444348318816,-0.3185095072140371,0.813132642286296
832,195216,St Lawrence University,Private nonprofit,0.027827712350002025,0,-0.10640920295809367,0.21342810500673148,-0.7785611524093127,0.6606443874611498
833,191968,Ithaca College,Private nonprofit,0.0278268142100093,0,-0.1934248324289818,0.21078336584505153,-0.45115598588150996,0.8734440770766756
834,198969,Methodist University,Private nonprofit,0.02781905325862424,0,-0.07977642276422764,0.2507940341656324,0.1714833578909825,0.5944235777553984
835,200785,Herzing University-Akron,Private nonprofit,0.027811329564743078,0,-0.2575452716297787,0.06947968945748362,0.22379615970855196,0.970029260183831
836,451556,Southwest University at El Paso,For-profit,0.02780591588976604,0,0.1006896551724138,0.8295272989396355,0.06476890317746628,0.9114477156267634
837,461032,Carolina College of Biblical Studies,Private nonprofit,0.027780541984985915,0,-0.15555555555555556,0.05513009680375301,0.02790878584728329,0.5842180999664284
838,204468,Notre Dame College,Private nonprofit,0.027770726322213935,1,-0.10421836228287841,0.47442664689131875,-0.05557836464879049,0.5044463087125464
839,154527,Wartburg College,Private nonprofit,0.027756193457872728,0,-0.04053156146179402,0.37296964456197423,-0.023583991207977273,0.5085011868004758
840,164632,Bay Path University,Private nonprofit,0.027725976707388404,0,-0.2584235860409146,0.19320578519125317,-0.25873719414276947,1.0035587829094583
841,116846,American Jewish University,Private nonprofit,0.02768335969859289,0,0.0,0.3348646954983663,-1.8405191783741588,0.28889863394630705
842,198215,Catawba College,Private nonprofit,0.027587650489831285,0,-0.1148036253776435,0.016444291130798667,0.7606828794007612,0.10622494253653292
843,168227,Wentworth Institute of Technology,Private nonprofit,0.027568616102086635,0,-0.11890312429759496,0.39454456327161636,-0.1366808880964581,0.7027488065433988
844,173045,Augsburg University,Private nonprofit,0.027563814472401107,0,-0.09839416058394161,0.357776053770616,0.008801213838884792,0.5702825686125486
845,192110,The Juilliard School,Private nonprofit,0.027543753548437213,0,0.027083333333333334,0.15976456363567199,-0.930197722227827,0.3358544672736287
846,193016,Mercy College,Private nonprofit,0.027491032071407417,0,-0.18395377474661362,0.3679822714086213,-0.14394260888804786,0.8252130340631312
847,167899,Springfield College,Private nonprofit,0.02748805920577057,0,-0.060771704180064307,0.45985835276793646,-0.26890443612354553,0.6510376584929729
848,190372,The Cooper Union for the Advancement of Science and Art,Private nonprofit,0.02747036779021369,0,0.0063025210084033615,0.30049259135582856,-0.009346662932488677,0.14713370580929117
849,216852,Widener University,Private nonprofit,0.02747018357702148,0,-0.16625615763546797,0.48003075343284785,0.02952864680428612,0.7102023504366688
850,412173,Academy for Nursing and Health Occupations,Private nonprofit,0.027465415825942176,0,-0.08333333333333333,0.08425018443733753,0.0006643140854208536,0.5213780007279287
851,176406,Tougaloo College,Private nonprofit,0.027450629189782964,0,-0.05446927374301676,0.06797998679526258,0.23155952726570367,0.1356985139977365
852,493594,Yeshiva of Ocean,Private nonprofit,0.027415143198905673,0,0.0,0.2440042973275468,0.39714748627810725,0.2906054178871836
853,218441,North Greenville University,Private nonprofit,0.027389292535921046,0,-0.12407254740313273,0.07203631340185368,-0.05674664082108379,0.4631288799219422
854,191533,Hartwick College,Private nonprofit,0.027383996126031655,0,-0.07544006705783739,0.37967183851555986,-0.5503265015433186,0.6613562081681
855,148584,University of St Francis,Private nonprofit,0.027374519605237554,0,-0.12685381355932204,0.4158635975527519,1.1714754451050881e-05,0.7087753087863907
856,144050,University of Chicago,Private nonprofit,0.027353512375673617,0,0.05082512033004813,0.3963521125029057,-0.3252508774713553,0.17207468395098727
857,210739,DeSales University,Private nonprofit,0.027314713006450234,0,-0.13554913294797688,0.2621824624267631,-0.2602356453932664,0.8047184300954153
858,139630,Emmanuel College,Private nonprofit,0.02727367221110861,0,-0.1127348643006263,0.29531423626139,0.06048342361000024,0.42691657780984343
859,198136,Campbell University,Private nonprofit,0.02725144167084977,0,-0.14761519805982215,0.26351565418558864,-0.11866799112506721,0.6578620338751093
860,243443,Universidad del Sagrado Corazon,Private nonprofit,0.02719609429859092,0,-0.11092401599663229,0.47266778575668733,0.07119704436986224,0.6173803187509667
861,181604,College of Saint Mary,Private nonprofit,0.027139194668413077,0,-0.1838095238095238,0.04946898007116512,-0.1259930169518402,0.6700858690805965
862,193584,Nazareth College,Private nonprofit,0.027128065485040605,0,-0.15340718361866398,0.2275044699898071,-0.16824808566708,0.7570247888632162
863,236577,Seattle Pacific University,Private nonprofit,0.027103897786646555,0,-0.11646358741853216,0.31100110861886715,-0.22160418289019912,0.6772944710201357
864,475398,Catholic Distance University,Private nonprofit,0.027080761397268793,0,-0.04,0.6609496818037999,-0.06947160409242369,0.508914972724048
865,461573,American Trade School,For-profit,0.02707617647779334,0,0.10434782608695652,0.8358195088569786,-0.09818009238882285,0.731687803112261
866,202073,Cleveland Institute of Music,Private nonprofit,0.027075214113511544,0,-0.08579088471849866,0.3350897519163992,0.140196999709418,0.31513218652570574
867,153825,Loras College,Private nonprofit,0.027036777097613037,0,-0.06850282485875706,0.5265583495532309,0.07150000623992248,0.38497465585038354
868,194499,Plaza College,For-profit,0.027033405171134665,0,-0.10432852386237514,0.09975490196078432,0.024276421231262373,0.9516828509474875
869,110468,Alliant International University-San Diego,For-profit,0.02702079650279236,0,0.017816742081447963,0.9140539893166805,-0.0469158692208486,0.949036610722466
870,153108,Central College,Private nonprofit,0.0270197333596036,0,0.005159071367153913,0.38832276224682394,-0.1928970068764382,0.36452056974985225
871,448691,International Institute for Restorative Practices,Private nonprofit,0.026975282348955562,0,-0.05847953216374269,0.09098622388836637,0.24314308715265387,0.10757861942819144
872,451398,Yeshiva Toras Chaim,Private nonprofit,0.026935323542702373,0,-0.09745762711864407,0.20893461060421845,0.03208268123177811,0.6802587519896847
873,203067,Hebrew Union College-Jewish Institute of Religion,Private nonprofit,0.026875707915275587,0,-0.012422360248447204,0.16734428710109617,-0.017337866342573404,0.04983184436371367
874,204194,Mount Vernon Nazarene University,Private nonprofit,0.02684824978532232,0,-0.11972789115646258,0.12313385363645943,-0.14269967851956813,0.5305714893402845
875,173452,Martin Luther College,Private nonprofit,0.026797473363958327,0,-0.11468812877263582,0.05091596058638018,0.01387275763349611,0.419183771592587
876,106041,Universal Technical Institute of Arizona Inc,For-profit,0.026792923573053476,0,0.05285638013881474,0.4896880819366853,0.19369693157823803,0.9805471943932791
877,150215,Christian Theological Seminary,Private nonprofit,0.02663767731997641,0,0.04827586206896552,0.012901527110608435,0.770292306394654,0.0
878,217518,Roger Williams University,Private nonprofit,0.026631454797023293,0,-0.09115336916081025,0.4790472315336051,0.043909212534566554,0.5483257411557939
879,167677,Saint John's Seminary,Private nonprofit,0.026560016798647477,0,-0.07207207207207207,0.007220273073363436,0.770292306394654,0.0
880,156213,Asbury University,Private nonprofit,0.026527289787474637,0,-0.14948453608247422,0.08168859891658198,0.022318250264439968,0.4599112310827445
881,181330,Midland University,Private nonprofit,0.0265076245196079,0,-0.10724156992813709,0.27745618375695674,0.017705203043531077,0.5295207609959365
882,185758,New Brunswick Theological Seminary,Private nonprofit,0.02650107053164125,0,-0.05714285714285714,0.007220273073363436,-0.572097840792926,0.2628083869677334
883,142090,Boise Bible College,Private nonprofit,0.026475017172038005,0,0.010526315789473684,0.06755266438523767,-0.367356183122431,0.17173169732877108
884,194824,Rensselaer Polytechnic Institute,Private nonprofit,0.026474183537931184,0,-0.07438894792773645,0.5496576932593701,-0.812443383736325,0.9895303463173298
885,123961,University of Southern California,Private nonprofit,0.026464218752737658,0,0.0129136400322841,0.32311680488292027,-0.1223088907409225,0.3221773261181653
886,152673,Wabash College,Private nonprofit,0.026449702323980653,0,-0.03690888119953864,0.08629741880860535,-0.624111619097174,0.2843267932508821
887,169983,Kettering University,Private nonprofit,0.026433751813793874,0,-0.2035119315623593,0.18029944772199855,-0.13917354537244572,0.7286754791867032
888,198808,Lees-McRae College,Private nonprofit,0.026426230172735734,0,0.008254716981132075,0.22310301577473715,0.04581204511557205,0.2856728220326649
889,133711,Flagler College,Private nonprofit,0.026407886078924324,0,-0.09614059269469331,0.1827259049606056,0.18490059483876822,0.4322752701564153
890,228042,Schreiner University,Private nonprofit,0.026381990789059322,0,-0.11102831594634874,0.20070312197238346,-0.006952412787234629,0.4143625817381722
891,169080,Calvin University,Private nonprofit,0.026376825835800075,0,-0.0949579831932773,0.22561596975134757,-0.0069911064878592786,0.4647024094014451
892,214272,Neumann University,Private nonprofit,0.02635585320837249,0,-0.0987034713508992,0.3808506042144961,-0.23687330937795129,0.6960527676955457
893,215293,University of Pittsburgh-Pittsburgh Campus,Private nonprofit,0.026332877982029,0,0.03307226335434131,0.3095554730912669,-0.0019186985593823709,0.24114532722143622
894,168528,Adrian College,Private nonprofit,0.026308420861622085,0,-0.0038293216630196935,0.3571010280284756,-0.06663727296478278,0.41942770420351805
895,214069,Misericordia University,Private nonprofit,0.026271899374332438,0,-0.10427487015581302,0.28413587095687226,-0.13240074152062703,0.7828242947270897
896,179946,Westminster College,Private nonprofit,0.026258848291706424,0,-0.06870229007633588,0.19165850292658743,-0.11430329527648984,0.29302413650772025
897,102049,Samford University,Private nonprofit,0.026244698245703777,0,-0.0017568517217146872,0.4249683980368976,0.28988454342729,0.46230886543239597
898,166027,Harvard University,Private nonprofit,0.026225138578830645,0,-0.03234876006949929,0.15848343467319756,-0.7685972566243419,0.3333844683182941
899,198835,Lenoir-Rhyne University,Private nonprofit,0.026201454547792383,0,-0.1415025528811087,0.18626541546452072,0.2650487122956774,0.46702981347831174
900,192749,Manhattanville College,Private nonprofit,0.026174144250276924,0,-0.11637080867850098,0.3485737136998104,-0.14756963626632058,0.6511034220826446
901,150400,DePauw University,Private nonprofit,0.02614535085789933,0,-0.11156186612576065,0.1925238427517703,-1.8639514156710721,0.7436483603786156
902,184773,Georgian Court University,Private nonprofit,0.026136814637463493,0,-0.18622978017420158,0.2653887652044309,-0.25195858514487324,0.7540546797570375
903,204264,Muskingum University,Private nonprofit,0.026126500260458832,0,-0.10675105485232067,0.15533304107779386,-0.05464883148289059,0.5171081596947992
904,168218,Wellesley College,Private nonprofit,0.02610384106069157,0,-0.028582770940849545,0.1686831635555179,0.770292306394654,0.0
905,238078,Wheeling University,Private nonprofit,0.026061028108786213,0,-0.06140350877192982,0.2930557392580542,0.08092259069600212,0.41011069457258814
906,197984,Belmont Abbey College,Private nonprofit,0.0259726765136493,0,-0.003981420039814201,0.5519339160239507,-0.10803627925071882,0.39418672874445204
907,181127,Hastings College,Private nonprofit,0.025956635148132918,0,-0.06212424849699399,0.19550345081797732,-0.47040001805037757,0.4473303559977898
908,204909,Ohio Wesleyan University,Private nonprofit,0.025955106325299498,0,-0.05622489959839357,0.16772423588785762,-0.8830779443756324,0.48120726200796116
909,490832,Ross College-Canton,For-profit,0.02593311702222482,0,0.02912621359223301,0.26557994701937565,0.2619160596572926,1.0
910,215798,Saint Vincent College,Private nonprofit,0.02591915341496194,0,-0.11673375503162738,0.08803972046809838,-0.38611863176358646,0.6150257440982725
911,173300,Concordia College at Moorhead,Private nonprofit,0.025870578167986116,0,-0.06807051909892263,0.16002471273642985,-0.1763834934831109,0.4258256671303063
912,107558,University of the Ozarks,Private nonprofit,0.025869929140920407,0,-0.04854368932038835,0.09611970583022383,-0.6015394624096199,0.4540496266036877
913,164368,Hult International Business School,Private nonprofit,0.02586856498900226,0,-0.07364836100468285,0.7863844518554427,-0.9926892712428508,0.9661943621758062
914,194958,Roberts Wesleyan University,Private nonprofit,0.025844767144027697,0,-0.11629213483146067,0.22085576657036374,-0.033620748998982423,0.6293390697845189
915,110413,California Lutheran University,Private nonprofit,0.025786895867409777,0,-0.1598884499186614,0.22772569666024742,0.010219295288122253,0.6143623367818234
916,145558,Rosalind Franklin University of Medicine and Science,Private nonprofit,0.025773843972949854,0,-0.07706945765937202,0.59780371910708,-0.15752332543916664,0.7947552581522144
917,164492,Anna Maria College,Private nonprofit,0.025760092051276114,0,-0.0034698126301179735,0.5301133563433427,-0.02292020649582643,0.5511484828647719
918,211088,Arcadia University,Private nonprofit,0.02574838325554525,0,-0.1261911637308692,0.39238192339706957,-0.0834395359032656,0.6181907160262227
919,161457,University of New England,Private nonprofit,0.0257428656903088,0,-0.14018441801416545,0.3049739535891554,0.14809111419699733,0.7574413236489429
920,444699,Institute of Clinical Acupuncture & Oriental Med,For-profit,0.025734352559896184,0,0.05357142857142857,0.11268586022996688,0.06100842415142818,0.8515100033251736
921,226383,Lubbock Christian University,Private nonprofit,0.025716313671335284,0,-0.09830508474576272,0.17048000872161354,-0.07694141959856436,0.4962559278996572
922,445735,Roseman University of Health Sciences,Private nonprofit,0.025710996035130947,0,-0.09872029250457039,0.6742711612425836,0.008114533298969493,0.8387892404659962
923,198561,Gardner-Webb University,Private nonprofit,0.025702550128027184,0,-0.10631040363843093,0.19958772101541647,-0.1425911519534163,0.6198892707013298
924,442356,Pennsylvania College of Health Sciences,Private nonprofit,0.025699668012917936,0,-0.019878520154610713,0.9389565479972278,-0.04125921395852911,0.8103493141793032
925,198066,Brevard College,Private nonprofit,0.025691954309002427,0,0.010652463382157125,0.2828896810034713,0.17979733521660354,0.3516447178195854
926,247065,Beckfield College-Florence,For-profit,0.025666684400663976,0,-0.08028169014084507,0.16815441455909355,0.09950871264142497,0.9649936318683335
927,152381,Saint Mary-of-the-Woods College,Private nonprofit,0.02565432160587607,0,0.048446069469835464,0.7760990423691426,-0.04239778597943083,0.49472204968289474
928,157207,Lexington Theological Seminary,Private nonprofit,0.02559550494450669,0,-0.0425531914893617,0.05323401435567185,0.770292306394654,0.0
929,181738,Union College,Private nonprofit,0.025585006348071985,0,-0.0987012987012987,0.11731710988928229,0.04645835968983507,0.4316814478325964
930,455479,Fortis Institute-Pensacola,For-profit,0.025540597066898766,0,0.029605263157894735,0.06987319670803982,0.05681140578984717,0.9982688795741793
931,236328,University of Puget Sound,Private nonprofit,0.025532161054144735,0,-0.22430981595092025,0.14000171897081554,-0.7502699826272049,0.9185200256679136
932,161509,Maine College of Art & Design,Private nonprofit,0.025523866582177583,0,-0.1227364185110664,0.2593792119939426,0.10079093427179851,0.5060510348081387
933,107080,Hendrix College,Private nonprofit,0.02552187259732397,0,0.020517395182872437,0.2965420800716525,-0.36939890595314356,0.3178215506097206
934,216366,Thomas Jefferson University,Private nonprofit,0.02548651418105486,0,0.0323947171692001,0.5861947153225368,-0.20599789486845763,0.03246672689813574
935,233611,Southern Virginia University,Private nonprofit,0.02548346140692813,0,-0.052205220522052204,0.4732506663372278,0.06199409368885121,0.40780899299484025
936,487588,Concorde Career College-Southaven,For-profit,0.025478257918103726,0,0.04678362573099415,0.4004702194357367,0.2789636927567962,0.6039043970078453
937,168546,Albion College,Private nonprofit,0.025465847170647024,0,-0.01288135593220339,0.2383153319173554,-0.619932709861336,0.41585700734428876
938,221971,Union University,Private nonprofit,0.025448010744785313,0,-0.13902900378310215,0.09809757984107945,0.002323320700805673,0.6315568881697674
939,156222,Asbury Theological Seminary,Private nonprofit,0.025426849140197102,0,0.028857479387514724,0.014531038560128147,0.5267050521599037,0.1357241422876192
940,133872,AdventHealth University,Private nonprofit,0.025405735468106164,0,-0.0462085308056872,0.4580310518141841,0.12054371625252487,0.7016196741490072
941,245777,Bais Medrash Elyon,Private nonprofit,0.025387806732804,0,-0.0761904761904762,0.0336744305116587,-0.04514180829349501,0.26285899015316333
942,451370,Yeshivas Be'er Yitzchok,Private nonprofit,0.02538064600619506,0,-0.04838709677419355,0.3224773112595991,0.14102054885602502,0.2969483793979521
943,152336,University of Saint Francis-Fort Wayne,Private nonprofit,0.025354400594112383,0,-0.15384615384615385,0.1634797259050668,-0.08850271806659438,0.6844884778612683
944,227845,Saint Edward's University,Private nonprofit,0.025347565099340608,0,-0.1272635814889336,0.324778230815237,-0.10069054999146668,0.6869412742476237
945,212771,Gratz College,Private nonprofit,0.02530128593594854,0,-0.11294117647058824,0.2326550074080385,-0.10926518215212828,0.6596524334140287
946,197647,Yeshiva Derech Chaim,Private nonprofit,0.0252817511290502,0,0.03007518796992481,0.1175909274415532,0.034433386732233034,0.19100509171694932
947,115728,Holy Names University,Private nonprofit,0.025273713266618075,1,-0.007246376811594203,0.6322775052556022,-0.49770727895674005,0.5169587296917336
948,202046,Cleveland Institute of Art,Private nonprofit,0.025266506206183276,0,-0.09457364341085271,0.2584454805046598,-0.21362380522329996,0.661102560043861
949,239169,Medical College of Wisconsin,Private nonprofit,0.025266040400969244,0,0.09343263371699391,0.3065690096340437,-0.3060974271817564,0.06138231959764949
950,123642,South Coast College,For-profit,0.025247480506006913,0,0.048672566371681415,0.5006553152207986,0.007001515317552887,0.7607539706319076
951,100690,Amridge University,Private nonprofit,0.025235896700330995,0,-0.22328931572629052,0.05952650491775634,0.021143386171226936,0.9738749942500058
952,481094,Sotheby's Institute of Art-NY,For-profit,0.0251934450752664,0,0.4014084507042254,2.5930047696427296,0.013907437315995776,0.5040552849376057
953,157809,Thomas More University,Private nonprofit,0.02515000570927155,0,-0.12511170688114387,0.2549804250752227,0.04228049088465173,0.6015858097246062
954,174491,University of Northwestern-St Paul,Private nonprofit,0.025130566757750782,0,-0.07716312056737588,0.14428082574070525,0.06848268629236101,0.40237299724025577
955,137546,Stetson University,Private nonprofit,0.025089503216801912,0,-0.11311808534657937,0.2721736565921803,-0.14406500346952034,0.6411355565914578
956,101189,Faulkner University,Private nonprofit,0.02508432788012423,0,-0.07213438735177866,0.43233902483120595,0.05109525257457521,0.6268694602950029
957,178697,College of the Ozarks,Private nonprofit,0.025042675324118302,0,-0.03816300129366106,0.03641531330709794,0.770292306394654,0.0
958,101912,Oakwood University,Private nonprofit,0.025035220124630306,0,-0.03669724770642202,0.33910002686639407,-0.16376788099691833,0.3235758409300285
959,163532,Ner Israel Rabbinical College,Private nonprofit,0.024988348391525195,0,-0.04740406320541761,0.012457877278852732,-0.19667056281656217,0.22254174379738528
960,206622,Xavier University,Private nonprofit,0.024974127438206418,0,-0.12318944500215115,0.30075645472211326,-0.32754821486822044,0.8212737912164726
961,193858,New York School for Medical and Dental Assistants,For-profit,0.02494442402825698,0,-0.02564102564102564,0.3623894471416206,-0.06913206985356747,1.0
962,200590,ETI Technical College,For-profit,0.024932146268055285,0,0.14285714285714285,0.6683403049169915,-0.015890698607789844,0.7784912458472522
963,216597,Villanova University,Private nonprofit,0.024919206633534505,0,-0.04286504424778761,0.1567876225063509,0.19766143671712702,0.5324135765045293
964,164173,Stevenson University,Private nonprofit,0.02487945142935854,0,-0.026823134953897737,0.4966100654151467,-0.22417376573300868,0.5481417157897377
965,225627,University of the Incarnate Word,Private nonprofit,0.024870650379991394,0,-0.10642201834862386,0.37395715894882203,-0.042226257923370716,0.7622039150000466
966,108269,Academy of Chinese Culture and Health Sciences,Private nonprofit,0.02486654796686999,0,-0.16541353383458646,0.1867430578541706,0.3440063643472922,0.5911702086216816
967,186186,Rabbinical College of America,Private nonprofit,0.024845748992946573,0,-0.08558558558558559,0.06618794493008527,0.2392570187917547,0.23263212992667573
968,195128,Russell Sage College,Private nonprofit,0.024841727380065584,0,-0.11805555555555555,0.23773709313842856,-0.091571127767402,0.7685590323263791
969,240338,Wisconsin Lutheran College,Private nonprofit,0.024762804838231227,0,-0.05400696864111498,0.40559788990268164,-0.03733146621534216,0.42314459011355693
970,209825,University of Portland,Private nonprofit,0.024729217369947817,0,-0.1083685942642219,0.15031257502011067,-0.2956095063361352,0.7942484106327602
971,235316,Gonzaga University,Private nonprofit,0.024713940198817105,0,-0.03768077484410243,0.30307212604655936,0.09076019864205151,0.6086954996913754
972,434441,Florida College of Integrative Medicine,For-profit,0.02471165362361239,0,0.08450704225352113,0.28104824003187306,0.031062858803865997,0.8709465881839983
973,161563,Thomas College,Private nonprofit,0.024711245547888075,0,-0.10877373011800924,0.21116214965146837,-0.1888703852472744,0.5179080205278542
974,131973,Wesley Theological Seminary,Private nonprofit,0.024708878085883523,0,-0.019438444924406047,0.19902363273944673,-1.0286732790890372,0.45002065559189924
975,220710,Maryville College,Private nonprofit,0.024705165182222318,0,-0.0647419072615923,0.18371277727139151,-0.45492911356463783,0.58863758376054
976,122506,San Francisco Conservatory of Music,Private nonprofit,0.024686539965431704,0,-0.033185840707964605,0.3183251850693512,-0.031129653401797176,0.23764441591784338
977,217013,Wilson College,Private nonprofit,0.024668282308391493,0,-0.15945611866501855,0.29784720072332804,-0.5944210030563187,0.8089156815113427
978,155335,Newman University,Private nonprofit,0.024660020036858715,0,-0.11138845553822153,0.2469103546723281,-0.3185461492703268,0.8681946355195944
979,215929,University of Scranton,Private nonprofit,0.024657083929021398,0,-0.09937178754997145,0.29082238600910426,-0.09558205374616845,0.6783461758265521
980,141237,Truett McConnell University,Private nonprofit,0.024634379581216136,0,-0.08477905073649754,0.5140534453371143,-0.05366622303651321,0.597543441067327
981,170037,Cornerstone University,Private nonprofit,0.02460403091235535,0,-0.1086086086086086,0.09363138113499649,0.048049630907416284,0.5370640772890312
982,446552,Southern Technical College,For-profit,0.024547156003947367,0,-0.06629834254143646,0.22016204662784225,0.19706519299276687,1.0
983,485999,Bet Medrash Gadol Ateret Torah,Private nonprofit,0.024503040912774568,0,0.011111111111111112,0.007220273073363436,-0.08957494259811961,0.12081606240924596
984,220473,Johnson University,Private nonprofit,0.02443968257539233,0,-0.09450337512054002,0.17163685788534574,-0.6133118025207555,0.6723638974663002
985,224323,University of Dallas,Private nonprofit,0.024407521778563816,0,-0.06166868198307134,0.18521600694695708,-0.07537866635146316,0.6475574542814204
986,232016,Centura College-Virginia Beach,For-profit,0.024381696756700783,0,0.018691588785046728,0.23947278724151275,-0.05088906334638569,1.0
987,241793,Center for Advanced Studies On Puerto Rico and the Caribbean,Private nonprofit,0.02436576950209502,0,-0.1971153846153846,0.019943587491454366,-0.06580510781856722,0.6912825528100481
988,145646,Illinois Wesleyan University,Private nonprofit,0.024312163137154025,0,-0.06261510128913444,0.24055622094022885,-0.042085804129208655,0.482646870528234
989,117636,Loma Linda University,Private nonprofit,0.02429981345527692,0,-0.04078888390856118,0.5735361654980325,0.04031859151508689,0.48629339683837314
990,120537,Hope International University,Private nonprofit,0.02427132727741757,0,-0.012389380530973451,0.6345561287364483,0.03983212643879274,0.5781972679603347
991,228149,St. Mary's University,Private nonprofit,0.024220034367011412,0,-0.0740108169655565,0.10849214387673865,-0.17591884608288905,0.6591997286384516
992,199865,Warren Wilson College,Private nonprofit,0.024203451726519255,0,0.0025284450063211127,0.19077271802394574,-0.14681480225687796,0.4003162224636847
993,203845,Marietta College,Private nonprofit,0.02419120314213776,0,-0.015612161051766639,0.23603994677036666,-0.7485578346863009,0.5088672875545376
994,186584,Seton Hall University,Private nonprofit,0.02417660310208178,0,-0.05832273216557393,0.44761124987476725,-0.07902675335057446,0.8052413472674412
995,227289,Oblate School of Theology,Private nonprofit,0.024176234447129376,0,-0.042682926829268296,0.051649027035999745,-0.4243384164973905,0.3684757261976388
996,212054,Drexel University,Private nonprofit,0.0241635886571795,0,-0.07688494112786615,0.4443695658498346,-0.04705512726917782,0.6152092615601735
997,228981,Texas Lutheran University,Private nonprofit,0.024150466194479744,0,-0.07249322493224933,0.1828682324553174,-0.15156492350374093,0.5078325953899057
998,199962,Wingate University,Private nonprofit,0.024140626931661198,0,-0.07742461287693561,0.32758792806219195,-0.04971866640779877,0.5983365164690704
999,451866,Remington College-Shreveport Campus,Private nonprofit,0.02413654333653827,0,0.047619047619047616,1.1418312906742427,0.3785834675054441,0.8074875492580984
1000,102580,Alaska Bible College,Private nonprofit,0.024084599848199963,0,-0.025,0.09459750173490632,-0.4795945351706588,0.4330368004061902
1001,193821,New York Law School,Private nonprofit,0.024007611860934364,0,-0.047186932849364795,0.49400351923987523,-1.075573125998941,1.1168692167552512
1002,202170,Columbus College of Art and Design,Private nonprofit,0.023967106223236886,0,-0.11070448307410796,0.19779466864187822,0.1361163945476379,0.6331695479684937
1003,167260,Nichols College,Private nonprofit,0.023919362916120672,0,-0.10064102564102564,0.23675442243615055,-0.17150152017441164,0.6389583735173512
1004,432524,Delaware College of Art and Design,Private nonprofit,0.023885553003951673,1,-0.044444444444444446,0.37599936412865614,0.05870870185622967,0.37326899458536295
1005,120254,Occidental College,Private nonprofit,0.023883178152513253,0,-0.021662468513853905,0.1449682672600535,0.05291119139659353,0.4919203649660059
1006,455813,Pontifical John Paul II Institute for Studies on Marriage and Family,Private nonprofit,0.02386403118822573,0,0.03225806451612903,0.040385395702403376,-0.21473037207258563,0.14059159897392048
1007,193353,Mount Saint Mary College,Private nonprofit,0.023863933066467915,0,-0.14221824686940965,0.2802649530000868,-0.6283876784451551,0.9559371474491298
1008,153302,Emmaus Bible College,Private nonprofit,0.023861126898894826,0,-0.04186046511627907,0.13239145192219998,-0.07684440491841311,0.25238872758206143
1009,192004,Jamestown Business College,For-profit,0.023847713647297403,1,-0.05901639344262295,0.20045627902243016,0.1696062847352022,0.9957448864294616
1010,439701,The King's University,Private nonprofit,0.023830334888766947,0,-0.12786885245901639,0.08244046328340257,-0.11846701348145844,0.5333486789437545
1011,442611,NASCAR Technical Institute,For-profit,0.02381701218206987,0,0.1254416961130742,0.8191113028472822,-0.034621608399503255,0.9734316787716856
1012,150774,Holy Cross College,Private nonprofit,0.02378823884090236,0,-0.029082774049217,0.4709254088222242,0.24400493878515941,0.38990213133762536
1013,490373,Western Michigan University Homer Stryker M.D. School of Medicine,Private nonprofit,0.02375442279466853,0,0.0030211480362537764,0.19795446148995155,0.03536216639946346,0.17377935359077537
1014,174914,University of St Thomas,Private nonprofit,0.023743667361400683,0,-0.0813314332247557,0.26515129777745894,0.02091384633932339,0.5715323871589988
1015,195304,Sarah Lawrence College,Private nonprofit,0.02373030524059055,0,0.015568862275449102,0.3455388794406765,0.19928595036728916,0.47375939419496554
1016,156365,Campbellsville University,Private nonprofit,0.023726806340724237,0,-0.04894596559244003,0.29864574251187587,0.0619377242268786,0.7043027976504038
1017,101116,South University-Montgomery,For-profit,0.02372513857851601,0,0.1758957654723127,0.11804534264541341,-0.11030075248373647,0.6958432807285844
1018,147679,North Park University,Private nonprofit,0.02372443997454977,0,-0.08022130013831259,0.27014786151510073,-0.17815527977412735,0.6830586955723216
1019,207458,Oklahoma City University,Private nonprofit,0.023685422755569494,0,-0.05098622999627838,0.3379820240550435,-0.17114945399391315,0.7340891332580305
1020,111391,California Western School of Law,Private nonprofit,0.023668093926703212,0,-0.21437578814627994,0.2277772023567066,-0.1609539925880679,0.9200658980642472
1021,237598,Mountain State College,For-profit,0.02366489905032328,1,-0.047619047619047616,0.18524176826352753,-0.002228093861559997,1.0
1022,399911,Soka University of America,Private nonprofit,0.02363951165482361,0,0.08591885441527446,0.007220273073363436,0.770292306394654,0.0
1023,138600,Agnes Scott College,Private nonprofit,0.023631037323655773,0,0.044048734770384255,0.2146611883352074,-0.03496472766812188,0.27994762542547963
1024,170000,Grace Christian University,Private nonprofit,0.023626102595527658,0,-0.0601640838650866,0.3323768170568825,0.02914133883855182,0.44124556165653556
1025,160995,Beal University,For-profit,0.02361847381011962,0,0.02564102564102564,0.5194380326758614,0.08065332719739661,0.9451667350290052
1026,177968,Lindenwood University,Private nonprofit,0.023614944439686023,0,-0.16587225929456625,0.03502615416396667,-0.3870121253200855,0.8306719738077903
1027,449764,Visible Music College,Private nonprofit,0.0235906892808208,0,-0.04564315352697095,0.7665832440149932,-0.11150208470484968,0.7250676614731915
1028,149028,Saint Anthony College of Nursing,Private nonprofit,0.02356005841848769,0,-0.1357142857142857,0.17141584378131625,-0.1470774186592165,0.9781143460724846
1029,212009,Dickinson College,Private nonprofit,0.023545214655882975,0,0.001875293014533521,0.18526249348026072,0.012124554893347742,0.4387246939269964
1030,183910,Caldwell University,Private nonprofit,0.023530344429406675,0,-0.08068902991840435,0.46272023711509963,-0.025489154854785343,0.6000776112086924
1031,212106,Duquesne University,Private nonprofit,0.023502981612176514,0,-0.11851690768728933,0.32648365353894243,-0.16035271981802354,0.8643079799248183
1032,222983,Austin College,Private nonprofit,0.023496235763877982,0,-0.1004566210045662,0.1621291984930287,-1.0656016171546523,0.8300565128187837
1033,487649,California Institute of Advanced Management,Private nonprofit,0.023478155659614332,0,-0.13245033112582782,0.271485769107771,0.06030875122531791,0.6457625987075023
1034,157076,Kentucky Wesleyan College,Private nonprofit,0.023452969164266913,0,-0.05793742757821553,0.2623660378123665,0.12037110224760258,0.38098229083314644
1035,219806,Carson-Newman University,Private nonprofit,0.023446039590097743,0,-0.05100917431192661,0.2860521823766428,-0.16108823027315883,0.7161804542137529
1036,189565,Bryant & Stratton College-Syracuse North,Private nonprofit,0.023445391226136945,0,-0.2674050632911392,0.022116925946275595,-0.2508952181129676,1.0
1037,194693,Rabbinical College Beth Shraga,Private nonprofit,0.023388812019226237,0,-0.07317073170731707,0.31681216803083234,0.1841704868101439,0.48781323888692985
1038,110097,Biola University,Private nonprofit,0.023386330603419686,0,-0.11731935113878421,0.3054312549702323,-0.16000825917834496,0.658423029786327
1039,438735,Aviation Institute of Maintenance-Indianapolis,For-profit,0.023336927566697228,0,-0.037037037037037035,0.278324304134199,0.24159276888468686,1.0
1040,213996,Messiah University,Private nonprofit,0.02332920843027167,0,-0.04238292827504446,0.2843825366152897,-0.18312535825970366,0.6862923335306049
1041,194736,Rabbinical College of Long Island,Private nonprofit,0.023296142970285136,0,-0.06329113924050633,0.249985984886438,0.5680698727036368,0.16605192111051442
1042,105659,Refrigeration School Inc,For-profit,0.023281372120233648,0,0.11406423034330011,0.2567963350131489,0.18944786477445139,0.9512006612292752
1043,173647,Gustavus Adolphus College,Private nonprofit,0.023230689453744575,0,-0.07375949932945909,0.17870173165386022,0.13335307289169254,0.39617421547479037
1044,120768,Pacific Oaks College,Private nonprofit,0.023194888359629236,0,-0.08168529664660361,0.5154722967857812,-0.03855438435674604,0.8533525000314683
1045,239716,Saint Norbert College,Private nonprofit,0.023183114516518496,0,-0.0956271023546372,0.09480899625736144,-0.18908528788659978,0.5874279469263448
1046,184612,Felician University,Private nonprofit,0.023167872557773455,0,-0.050397877984084884,0.37414853318414554,0.05610875536881893,0.5811272985214546
1047,486080,Elmezzi Graduate School of Molecular Medicine,Private nonprofit,0.0231472707487522,0,0.0,0.05578125,0.5681451612903226,0.0
1048,144351,Concordia University-Chicago,Private nonprofit,0.023123356994181714,0,-0.1371474617244158,0.5462944955691595,-0.05709326476915498,0.8609851576707606
1049,124937,Concorde Career College-North Hollywood,For-profit,0.023123039818050053,0,0.12479201331114809,0.4807008633824276,0.1578906792074628,0.7643975021201141
1050,156745,Georgetown College,Private nonprofit,0.02311736407572979,0,0.0431266846361186,0.4896469963884387,-0.29888077696769266,0.3927255717928896
1051,197133,Vassar College,Private nonprofit,0.023097567352712896,0,0.008200082000820008,0.2026321044169141,-1.9716823808572745,1.1168692167552512
1052,191597,Helene Fuld College of Nursing,Private nonprofit,0.023058556642391217,0,-0.11544715447154472,0.0898591040079672,0.10477923299253018,0.8854577647617277
1053,139348,Columbia Theological Seminary,Private nonprofit,0.023029187352803238,0,-0.0125,0.02135645648105466,0.770292306394654,0.0
1054,439738,Fortis College-Baton Rouge,For-profit,0.023021384591722326,0,-0.05303030303030303,0.12449392712550607,0.03307806161480644,1.0000317812722044
1055,201195,Baldwin Wallace University,Private nonprofit,0.022982237736676212,0,-0.08105022831050228,0.13241009990569824,-0.6190151843072053,0.7216715239156355
1056,168281,Wheaton College (Massachusetts),Private nonprofit,0.022966986364219334,0,-0.06031567080045096,0.23203581585968058,-0.19960719931504192,0.45378171668816764
1057,457484,Pacific Rim Christian University,Private nonprofit,0.022959746341722796,0,-0.09655172413793103,0.053261255606121924,0.27477298642871,0.4388817171909828
1058,143118,Aurora University,Private nonprofit,0.022934447093812874,0,-0.052513608709574125,0.29382593469800505,0.01831718906301404,0.7592752930794174
1059,405058,Yeshivas Novominsk,Private nonprofit,0.02291730613550208,0,-0.050955414012738856,0.30551907801686223,0.0020315669564263915,0.4815666518436394
1060,229887,Wiley College,Private nonprofit,0.022872819800540026,0,-0.019662921348314606,0.30074207092785343,0.040403826002803456,0.24996542528802726
1061,152390,Saint Mary's College,Private nonprofit,0.022870977250276838,0,-0.03860759493670886,0.17452111985031304,0.44341532701633884,0.23661251350652127
1062,216807,Westminster College,Private nonprofit,0.022870586615601065,0,-0.016246953696181964,0.16912109393680527,-0.08460829626117226,0.351456462490573
1063,153375,Grand View University,Private nonprofit,0.022833026638689035,0,-0.0328215987294865,0.38998523787103706,0.07629460465099475,0.4590910380173426
1064,122612,University of San Francisco,Private nonprofit,0.022819873666559826,0,-0.08913125235050771,0.29032490003933,-0.23313685940769227,0.8694143738609166
1065,200217,University of Mary,Private nonprofit,0.022744345112608057,0,-0.03360677427890976,0.28271412640666227,0.07724052941311085,0.6879316152724655
1066,213987,Mercyhurst University,Private nonprofit,0.022709438041125893,0,0.03587278106508876,0.3840135974592196,-0.0015391651801103137,0.468163026141019
1067,420325,Yeshiva D'monsey Rabbinical College,Private nonprofit,0.02268916394312399,0,-0.07058823529411765,0.19469247080170166,0.13451031576345185,0.46444601728588714
1068,456214,Lamson Institute,For-profit,0.022680782426628306,0,0.18181818181818182,1.7052064674449745,-0.005445863626043419,0.993008979348558
1069,158477,Centenary College of Louisiana,Private nonprofit,0.02266549510548249,0,-0.0313588850174216,0.14270416121712629,-0.8737388158188832,0.43706889110566716
1070,440794,Pillar College,Private nonprofit,0.022657622543566205,0,-0.076158940397351,0.2891390587718867,-0.02194381285645736,0.6658835250170615
1071,122649,San Joaquin College of Law,Private nonprofit,0.022652338696790817,0,-0.15204678362573099,0.13131690453549485,-0.12371765605307466,0.7814217200664134
1072,149781,Wheaton College,Private nonprofit,0.02265086977190751,0,-0.0396138482023968,0.19328104036192661,-1.9716823808572745,1.1168692167552512
1073,122296,Samuel Merritt University,Private nonprofit,0.022633876457537307,0,-0.05815672745194677,0.12001209558903833,0.26927275398528955,0.6990077720374709
1074,368452,Nossi College of Art,For-profit,0.02261514223002625,0,-0.03559870550161812,0.18146069760434477,0.01435346258477006,0.9973733676509263
1075,139393,Covenant College,Private nonprofit,0.02261288895374977,0,-0.10414560161779575,0.027306143263620148,-0.23426197935816234,0.5010556996130799
1076,197197,Wagner College,Private nonprofit,0.022594712577822203,0,-0.09726725335803613,0.5411618244508403,-0.32415659591533597,0.7983358470893616
1077,155973,Tabor College,Private nonprofit,0.022586369986138683,0,-0.00778816199376947,0.17996998070843576,0.10889536319044227,0.5307831622741696
1078,232043,Eastern Mennonite University,Private nonprofit,0.022580735646064613,0,-0.017673048600883652,0.15491809912182908,-0.11161103446606355,0.5516616561928104
1079,457086,Homestead Schools,Private nonprofit,0.022550888133842793,0,-0.01098901098901099,0.21886921149920954,0.4017146434640398,0.5751160912148301
1080,170967,Rochester University,Private nonprofit,0.022502969725684763,0,0.07359705611775529,0.7024494160530046,0.1333812157981024,0.522682079110039
1081,239628,Ripon College,Private nonprofit,0.022473883352688358,0,-0.026683608640406607,0.22631499360368487,-0.13951769349312027,0.43105857981733886
1082,239105,Marquette University,Private nonprofit,0.02246321618139207,0,-0.05516541162534901,0.26545673002547415,0.019586649562102442,0.5567979545545341
1083,487861,Felbry College,For-profit,0.022462760998751833,0,0.10869565217391304,0.34847421870171097,0.03642020106064946,0.9525531114660426
1084,198899,Mars Hill University,Private nonprofit,0.022452810907469537,0,-0.03189493433395872,0.29300308505974476,0.12694109260726297,0.3150437513115695
1085,139658,Emory University,Private nonprofit,0.022440336559212033,0,0.0295525494276795,0.3405976937746567,-0.08798961510378694,0.061936066439153635
1086,211981,Delaware Valley University,Private nonprofit,0.022434964086444104,0,-0.08062473617560152,0.39968768031589874,-0.07850945736098117,0.6250678674383439
1087,218414,Newberry College,Private nonprofit,0.02241425601215274,0,0.03225806451612903,0.5231790956379457,0.03496346296767594,0.35413366499023735
1088,461120,Omega Graduate School,Private nonprofit,0.022409888164023867,0,-0.02531645569620253,0.04553970482002009,-0.11040877891277537,0.526315884093614
1089,378576,Pacific College of Health and Science,For-profit,0.02238229892145207,0,-0.045366795366795366,0.07049759536330955,-0.040639983760085964,0.940271402936212
1090,142294,The College of Idaho,Private nonprofit,0.022376429625413634,0,-0.008249312557286892,0.14063336288967573,-0.5268500608858157,0.3620623418104483
1091,139205,Brewton-Parker College,Private nonprofit,0.02231777629716597,0,0.0259009009009009,0.25814816370186466,-0.006769239117584929,0.4549140782917598
1092,238980,Lakeland University,Private nonprofit,0.02228568642754765,0,-0.04181600955794504,0.4580074480105214,-0.16446006911870875,0.6871826882408993
1093,214157,Moravian University,Private nonprofit,0.02227539373590854,0,-0.023892100192678227,0.2928615602582082,-0.1457234638860193,0.677469899293565
1094,123916,Starr King School for the Ministry,Private nonprofit,0.0222309474900738,0,-0.03409090909090909,0.042817251790670655,4.0494803218440404e-05,0.29558115143108943
1095,147031,Meadville Theological School of Lombard College,Private nonprofit,0.022228439608082313,0,-0.06756756756756757,0.01575942243677985,0.770292306394654,0.0
1096,167835,Smith College,Private nonprofit,0.02222796221199909,0,-0.007256392536281963,0.16243772326971279,-0.5086897880450267,0.5267103718899712
1097,443340,Williamson Christian College,Private nonprofit,0.022225873615607537,0,0.0,0.20910975875493373,0.024394051275215343,0.536168372975713
1098,179867,Washington University in St Louis,Private nonprofit,0.022190609964597124,0,0.05070718300290285,0.21492590889425023,-0.7284876285876206,0.2175035573665357
1099,455257,Yeshiva of Machzikai Hadas,Private nonprofit,0.022172218676272507,0,-0.07905982905982906,0.17471881528128363,0.2863657690163644,0.4778194301761781
1100,166054,Hellenic College-Holy Cross Greek Orthodox School of Theology,Private nonprofit,0.022156269601501872,0,0.007692307692307693,0.11332262496316398,0.23387496363242016,0.12381598244574346
1101,165167,Cambridge College,Private nonprofit,0.02215137108048759,0,-0.09380305602716468,0.41549690686209256,-1.2201991183105683,1.1168692167552512
1102,150172,Calumet College of Saint Joseph,Private nonprofit,0.022117892639448616,0,-0.08356545961002786,0.24580725953559582,0.14038302175858147,0.5217922368361338
1103,493600,Congregation Talmidei Mesivta Tiferes Shmiel Aleksander,Private nonprofit,0.022083550621174706,0,-0.0223463687150838,0.46848744578323653,0.263127864086877,0.33913312222616293
1104,153241,Divine Word College,Private nonprofit,0.022083255121529186,0,0.030303030303030304,0.020605742168495842,-0.49228185185144946,0.10287742506037867
1105,160074,Franciscan Missionaries of Our Lady University,Private nonprofit,0.022040020486111325,0,-0.05100463678516229,0.4023951228939769,-0.05549280301472718,0.6677415855929687
1106,174792,Saint Johns University,Private nonprofit,0.021999569061842993,0,-0.04748118123914302,0.14082255163587312,-0.16366903938532903,0.49986004123767874
1107,206817,Bacone College,Private nonprofit,0.021989976161660776,0,0.08727272727272728,0.4919986411197503,-0.5182351852669906,0.35704128971239274
1108,206349,Ursuline College,Private nonprofit,0.02197526443612061,0,-0.09523809523809523,0.041092731866142825,-0.5249819391145609,0.8243436999158565
1109,238616,Concordia University-Wisconsin,Private nonprofit,0.021947570255916406,0,-0.1365760775489008,0.13159830218729487,0.06501113557238254,0.6512135035947881
1110,238193,Alverno College,Private nonprofit,0.02191605103408302,0,-0.08486238532110092,0.2632395494988454,-0.36646577714306144,0.7926327621789959
1111,168342,Williams College,Private nonprofit,0.021898646718758512,0,0.03348837209302326,0.20475122372168825,0.770292306394654,0.0
1112,213400,Lancaster Bible College,Private nonprofit,0.021875215841456217,0,-0.04880294659300184,0.3607132814473954,-0.004246315321153833,0.5121942497997849
1113,165015,Brandeis University,Private nonprofit,0.02186433769140085,0,-0.041888412017167385,0.20540617668796604,-0.2399280919123534,0.5477642356944212
1114,213011,Immaculata University,Private nonprofit,0.02185042617364619,0,-0.04759983864461476,0.5464079874260865,-0.043420933506562856,0.7639120194313294
1115,213826,Marywood University,Private nonprofit,0.02182168757588212,0,0.01866368047779022,0.4025655271640338,0.0008529759869985342,0.6011275047727668
1116,125727,Westmont College,Private nonprofit,0.02178876296872763,0,-0.025056947608200455,0.2474686115041533,0.06731115475986109,0.3306619034287879
1117,158802,Dillard University,Private nonprofit,0.021774417851923085,0,-0.0008163265306122449,0.02750774369146816,-0.48176302223931056,0.2598764125878262
1118,168254,Western New England University,Private nonprofit,0.021763133215372845,0,-0.09760589318600368,0.4668886352267735,-0.1203890813551138,0.7620631837136551
1119,106810,Crowley's Ridge College,Private nonprofit,0.02173819812062825,0,0.0748663101604278,0.47883581147611215,-0.16487184199142746,0.42128670112313465
1120,143084,Augustana College,Private nonprofit,0.021703542425060687,0,-0.07737627651217596,0.15100666641435875,-0.3642409374058421,0.6778119768685191
1121,442295,Ave Maria School of Law,Private nonprofit,0.021702822621859536,0,-0.018518518518518517,0.5285114575051529,0.018178298881371027,0.5339864201113035
1122,231147,Vermont Law and Graduate School,Private nonprofit,0.021670620389181383,0,-0.02245508982035928,0.41195129920876666,0.11589186776353565,0.5616141805978235
1123,493716,Yeshiva Gedola Tiferes Yaakov Yitzchok,Private nonprofit,0.02166966168190209,0,-0.02857142857142857,0.12209729561625489,0.030109687817400102,0.37642603121731694
1124,215062,University of Pennsylvania,Private nonprofit,0.021665889413922147,0,0.05720712277413308,0.2509593818720789,0.07745922594961956,0.08725806093856198
1125,216278,Susquehanna University,Private nonprofit,0.021607950326878355,0,-0.03628509719222462,0.17472541473467626,-0.25282682044557697,0.5511690787375862
1126,199847,Wake Forest University,Private nonprofit,0.021601670960094837,0,0.05509123013537375,0.3605107972155557,-0.05463037114228815,0.19152992738884664
1127,431983,Yeshiva of the Telshe Alumni,Private nonprofit,0.021589689851769383,0,0.0,0.125351289333782,0.15902114665294698,0.19822466841341008
1128,114840,Fuller Theological Seminary,Private nonprofit,0.02157586154294387,0,-0.07770419426048565,0.16300041610282984,-0.6073949159952533,0.6109549684591843
1129,112260,Claremont McKenna College,Private nonprofit,0.021545103696617246,0,0.03194650817236255,0.37640885212443304,0.13986566359243663,0.28108776536343283
1130,163295,Maryland Institute College of Art,Private nonprofit,0.021512473877486598,0,-0.12348450830713965,0.3120865872572536,-0.11382818297998175,0.7679250386207263
1131,219833,Christian Brothers University,Private nonprofit,0.021499552936280017,0,-0.017276422764227643,0.16242452381475353,-0.1960802458896503,0.6168358142772902
1132,186131,Princeton University,Private nonprofit,0.021495476136141767,0,0.05024349685235776,0.12332669349050526,-1.9716823808572745,0.28487795099960106
1133,132471,Barry University,Private nonprofit,0.021493462638175392,0,-0.05985677611133631,0.4137929473112636,0.01845671910040755,0.7451604967089713
1134,492069,Champion Christian College,Private nonprofit,0.02141873011354933,0,0.025,0.02504931603964782,0.0547965403730415,0.37214686680483017
1135,218919,Voorhees University,Private nonprofit,0.02141622634843421,0,-0.0058823529411764705,0.037491919090039544,-0.06862252783535666,0.15718226254041906
1136,195289,Samaritan Hospital School of Nursing,Private nonprofit,0.021416003225418846,0,-0.0661764705882353,0.007220273073363436,-0.3969358627522471,0.5994190888065901
1137,455196,Jersey College,For-profit,0.02141332377140824,0,-0.018873403019744484,0.19859877325699976,0.056352752640290577,0.9979707799341159
1138,189015,Bank Street College of Education,Private nonprofit,0.021377450246362045,0,-0.04741980474198047,0.4502339397399671,-0.25378845342160067,0.6294721982901611
1139,184603,Fairleigh Dickinson University-Metropolitan Campus,Private nonprofit,0.02137524873460128,0,-0.11223495003655862,0.3328803804803965,-0.17698269698269697,0.7611268411268411
1140,195003,Rochester Institute of Technology,Private nonprofit,0.021358532336511867,0,0.022209917558754767,0.24568257244537234,0.005766854318275436,0.5197689513562094
1141,169424,Cranbrook Academy of Art,Private nonprofit,0.0213519059488979,0,-0.051470588235294115,0.009139898008232143,-1.9716823808572745,1.1168692167552512
1142,214290,New Castle School of Trades,For-profit,0.021351337562152982,0,0.07903780068728522,0.5109139133390478,0.06832553869844511,0.7663741380151102
1143,136950,Rollins College,Private nonprofit,0.021340106860111046,0,-0.03133994243684042,0.2795530453709611,0.05119205636103737,0.44889090259342457
1144,130226,Quinnipiac University,Private nonprofit,0.02133993383824415,0,-0.09476720230737536,0.28384660369554743,-0.2760578818154001,1.0125306071102305
1145,201645,Case Western Reserve University,Private nonprofit,0.021309424252805118,0,0.027539161192521474,0.2790896422158413,-0.2015590342629057,0.37759974024774295
1146,215947,Seton Hill University,Private nonprofit,0.021289458698359392,0,-0.04100337674867342,0.3099343628666175,-0.10262210920431143,0.5739071752735452
1147,433536,Herzing University-New Orleans,Private nonprofit,0.02128103479784038,0,-0.17035398230088494,0.11223052467397159,0.0783657563331969,0.9869753761231862
1148,159656,Loyola University New Orleans,Private nonprofit,0.0212684700912273,0,0.0068697046027020835,0.4072197114035476,-0.14858502557427725,0.6822281652616915
1149,148405,Rockford University,Private nonprofit,0.02126366869379157,0,-0.01910299003322259,0.22285880808959446,-0.14768116711189105,0.6761458087388882
1150,243744,Stanford University,Private nonprofit,0.021256801656030843,0,0.05994550408719346,0.16370888998392033,-0.09548372008835539,0.08427911715097142
1151,212984,Holy Family University,Private nonprofit,0.021203179039232616,0,-0.06366559485530547,0.29548563003972317,0.026158769027451085,0.9078444208560189
1152,175227,Dunwoody College of Technology,Private nonprofit,0.0211910087499511,0,0.0007363770250368188,0.10222002724584434,0.1754660428932905,0.5334921145943181
1153,246789,Unification Theological Seminary,Private nonprofit,0.021190999534182294,0,0.08333333333333333,0.012186180868785392,-0.022164591414785408,0.14035567414979305
1154,219976,Lipscomb University,Private nonprofit,0.021184213713347267,0,0.02372143634385201,0.5566722461128033,-0.04010712119864207,0.5403396619608418
1155,145691,Illinois College,Private nonprofit,0.02116813615940435,0,-0.026490066225165563,0.1252806309946175,-0.32971210673699897,0.45817305364856
1156,213376,Lackawanna College,Private nonprofit,0.021129245212225155,0,-0.06177800100452034,0.28069023428144846,0.035600865413135514,0.6711024280386484
1157,152080,University of Notre Dame,Private nonprofit,0.02111450500968181,0,0.033272884964125206,0.18109549279801604,-1.9716823808572745,1.1168692167552512
1158,238476,Carthage College,Private nonprofit,0.021105996077512772,0,-0.02735229759299781,0.2783405583954464,-0.5701962854533528,0.7983338129264378
1159,154235,Saint Ambrose University,Private nonprofit,0.021088655622003176,0,-0.07446091644204851,0.2008982751214089,-0.06313708919176533,0.6819994012487336
1160,123457,Simpson University,Private nonprofit,0.021067721259955045,0,0.0234192037470726,0.5952737803570004,0.16744083403520532,0.42421999636116703
1161,195809,St. John's University-New York,Private nonprofit,0.021009018021712848,0,-0.09462197255732573,0.362251764859184,-0.13257823064376906,0.7916156214314184
1162,363916,Caribbean University-Vega Baja,Private nonprofit,0.02095728672220865,0,0.0392156862745098,0.4975335735342286,-0.05673570190257031,0.6268206547041062
1163,239071,Maranatha Baptist University,Private nonprofit,0.020950160655620276,0,-0.02030456852791878,0.24848855555888125,0.007912237070790504,0.47921452841848033
1164,481410,Yeshiva Gedolah Kesser Torah,Private nonprofit,0.020942987497051622,0,-0.04819277108433735,0.09406265466545463,0.29109017897904615,0.32446623728732343
1165,183275,Thomas More College of Liberal Arts,Private nonprofit,0.020935588389994802,0,0.011363636363636364,0.23800865430665294,0.016770358681248987,0.18988348490740076
1166,128498,Albertus Magnus College,Private nonprofit,0.02093477051373819,0,-0.1014799154334038,0.44840486334533264,-0.6720681455804052,0.902945833414782
1167,154536,Wartburg Theological Seminary,Private nonprofit,0.020919026197730742,0,0.0,0.013243080016961176,0.03267144919958958,0.1891102561193933
1168,158088,Central Louisiana Technical Community College,Public,0.020878836965100435,0,-0.5148397309062129,1.8721707445522355,0.23004624523534853,0.1792554327991505
1169,115931,Institute for Business and Technology,For-profit,0.020875216354809732,0,0.13284132841328414,0.9621793328586998,0.09035910508068845,0.998239741410825
1170,160904,Xavier University of Louisiana,Private nonprofit,0.020834436124938054,0,0.028270676691729325,0.0574065605461745,-0.12179124744146795,0.41100250721696463
1171,232672,Mary Baldwin University,Private nonprofit,0.02082740747758611,0,-0.01460221550855992,0.28785174527969565,0.2208188213237589,0.4517822588565966
1172,178244,Missouri Baptist University,Private nonprofit,0.020820487293834344,0,-0.014692032397815032,0.3645434089010648,0.022616346459145634,0.7748230678803791
1173,147660,North Central College,Private nonprofit,0.020818455143016577,0,-0.06682825484764543,0.26228513672116716,-0.4303776027125075,0.7684733419591903
1174,222628,Amberton University,Private nonprofit,0.02081290921591042,0,-0.15363128491620112,0.01971959027912835,-0.6214289445135922,1.1168692167552512
1175,153384,Grinnell College,Private nonprofit,0.020812735673528916,0,0.015002885170225043,0.09327013133287357,0.770292306394654,0.0
1176,129154,Goodwin University,Private nonprofit,0.020787188995633653,0,-0.0421595389748256,0.16249537184392235,-0.041283573742989195,0.7646013914702544
1177,137777,Talmudic College of Florida,Private nonprofit,0.02077575476798852,0,0.0625,0.5472619899273846,0.10578664065316001,0.04373703859391272
1178,117520,Life Chiropractic College West,Private nonprofit,0.02073669976499445,0,-0.021666666666666667,0.504926564086744,-0.033999724511035584,0.8922362130471702
1179,232308,Hollins University,Private nonprofit,0.020735256571082827,0,0.006265664160401002,0.012368278077764513,0.5345027080862857,0.09063356045892566
1180,150604,Franklin College,Private nonprofit,0.02071460418131089,0,0.0031380753138075313,0.19027403364947973,-1.1559101653341495,0.9000104594793672
1181,148627,Saint Xavier University,Private nonprofit,0.020710513478070392,0,-0.02760143527463428,0.24066243618103558,0.0912426062406086,0.7603530947281707
1182,457527,Ambria College of Nursing,For-profit,0.0206555497455122,0,0.02926829268292683,0.054687757497699156,0.21058966084199962,0.9369120111122583
1183,202514,Defiance College,Private nonprofit,0.02061233656113124,0,-0.0036900369003690036,0.17517924127991644,-0.6041330167423973,0.6299183662951653
1184,157757,Spalding University,Private nonprofit,0.020602868230587924,0,-0.05954573357888275,0.16252202342451652,-0.08125442481433667,0.6981344193500275
1185,231970,Eastern Virginia Medical School,Private nonprofit,0.020593676237490498,0,0.034509803921568626,0.15683262410049217,0.001977514813925206,0.18575197259732268
1186,154022,Ashford University,For-profit,0.020544995508157294,0,0.04812998160637646,0.42416957522578874,-0.017607869456431374,0.9600069172474149
1187,449339,American Public University System,For-profit,0.020516698559061974,0,0.07555968087692545,0.4182010131808047,0.18055017435102674,0.9918424852946356
1188,219000,Augustana University,Private nonprofit,0.020510607843706865,0,-0.012778040700425935,0.3311125583368593,0.34589989051189024,0.27626177041576994
1189,168005,Suffolk University,Private nonprofit,0.020471040790263854,0,-0.060677918817129306,0.5966066122568359,-0.26040428151892925,0.8091671247435057
1190,230889,Goddard College,Private nonprofit,0.02044849457609113,1,-0.058823529411764705,0.3115093823084065,0.03897607581023729,0.7520332009164054
1191,190415,Cornell University,Private nonprofit,0.02043600547672793,0,0.07787072876347442,0.17043082523694875,0.03495607644105403,0.30663410728174906
1192,146719,Loyola University Chicago,Private nonprofit,0.02040874685106045,0,-0.015152398158400839,0.1817982694694393,-0.007236081274008399,0.6914046838246126
1193,196592,Touro University,Private nonprofit,0.020387112599469303,0,-0.044708107643366864,0.5350007612772849,0.03231188619480566,0.8539995134095444
1194,134237,Full Sail University,For-profit,0.02034729852841825,0,0.23405335548786116,0.7529161141288331,0.20520638711475486,0.9952324974696146
1195,164465,Amherst College,Private nonprofit,0.020343393390901788,0,0.032082653616095705,0.15708848530312958,0.770292306394654,0.0
1196,432348,Appalachian School of Law,Private nonprofit,0.020309948536864835,0,-0.07317073170731707,0.13373340764074879,-1.9716823808572745,1.0496524744253468
1197,225201,Hallmark University,Private nonprofit,0.02026441398725165,0,-0.050920910075839654,0.5328280456744368,0.09064455974201599,0.8542739447426134
1198,217891,Clinton College,Private nonprofit,0.02025819940489892,0,0.03684210526315789,0.020947792567005085,0.29878829600922296,0.06149106919966653
1199,199698,St. Andrews University,Private nonprofit,0.02023770935892945,0,0.06728232189973615,0.7636621754542258,0.016453046095349717,0.5683564895282213
1200,202480,University of Dayton,Private nonprofit,0.020226187825521835,0,0.01751939335831953,0.25019268309554776,-0.05319710899346515,0.32359227852175254
1201,121345,Pomona College,Private nonprofit,0.020194058238272788,0,0.04825901038485034,0.11326661534513728,0.770292306394654,0.0
1202,163046,Loyola University Maryland,Private nonprofit,0.02016756004703186,0,-0.04293805956513795,0.22953405089709467,-0.04993644294972986,0.5716197318019565
1203,130590,Trinity College,Private nonprofit,0.020156846568263137,0,-0.012981199641897942,0.1898483137747379,-0.04879254231578672,0.4323832844449685
1204,216311,Talmudical Yeshiva of Philadelphia,Private nonprofit,0.020148504734670964,0,-0.05384615384615385,0.052123034164080095,0.09109963689560993,0.4932364543536184
1205,226587,McMurry University,Private nonprofit,0.020114334255398384,0,0.05276595744680851,0.04014322681970226,0.13095726585887155,0.3519808847227982
1206,174844,St Olaf College,Private nonprofit,0.02008216288859833,0,-0.008463541666666666,0.16509270613015234,-0.06499502757754119,0.42486201779738203
1207,156189,Alice Lloyd College,Private nonprofit,0.020027398288003515,0,-0.017391304347826087,0.031481716960880014,0.2086196328564006,0.2094292837899132
1208,413413,Capella University,For-profit,0.019995001726237086,0,0.04934097572571912,0.4165470768078867,0.12855966239942612,0.9526300873669901
1209,486424,Saint Michael College of Allied Health,For-profit,0.01999071356509797,0,0.05714285714285714,0.4339585786629295,0.41111547184965797,1.0
1210,480781,California Miramar University,For-profit,0.019987989615579464,0,0.08542713567839195,0.5761147907640112,-0.05356338138185052,0.8633780342196544
1211,155511,McPherson College,Private nonprofit,0.019984382052075363,0,-0.027218934911242602,0.13030749340316453,0.48500508000223524,0.1963887643280501
1212,180258,University of Providence,Private nonprofit,0.01995884232140187,0,-0.04308617234468938,0.051403270071645885,-0.1723871643855417,0.5356345035916867
1213,167598,Regis College,Private nonprofit,0.01992301126722464,0,0.011271133375078271,0.5788208527047873,-0.09688466279600501,0.8543073400329416
1214,215743,Saint Francis University,Private nonprofit,0.019905653008838696,0,-0.024914675767918087,0.31317568701197085,-0.041736783704632734,0.5665750072024942
1215,148885,University of Saint Mary of the Lake,Private nonprofit,0.01989801514633894,0,0.009900990099009901,0.07353879155889703,-0.04702481761020806,0.216883305635859
1216,217402,Providence College,Private nonprofit,0.019897850320782718,0,-0.0313988739714162,0.27310746972708877,-0.0877287672605409,0.6673258948505029
1217,209287,Multnomah University,Private nonprofit,0.019882504964040287,1,-0.04251968503937008,0.15215894222161008,-0.22332567301378858,0.6063292843072883
1218,204176,Mount Carmel College of Nursing,Private nonprofit,0.019872742981127477,0,-0.19027484143763213,0.0657131689950995,-0.4993116988640483,0.9983369028920752
1219,482228,Veritas Baptist College,Private nonprofit,0.019862650942319246,0,-0.19111111111111112,0.14469208040122858,-0.11886675054377509,0.982293901584897
1220,448673,Rasmussen University-Illinois,For-profit,0.019797145608646694,0,0.16470588235294117,0.7502875708726227,0.2777316954786038,1.0
1221,145372,Greenville University,Private nonprofit,0.01979046601061122,0,-0.003663003663003663,0.1897377433355743,-0.003661392910847112,0.3735311124258077
1222,228343,Southwestern University,Private nonprofit,0.019762609833251055,0,-0.018530774321641297,0.0770721979180421,0.17180504474512798,0.3676338469070959
1223,130794,Yale University,Private nonprofit,0.019761771558600906,0,0.08575207583216989,0.1832128085259567,-0.025001030800684745,0.07951974804387166
1224,176318,Rust College,Private nonprofit,0.019736033868825272,0,0.023035230352303523,0.17136530967476973,-0.2562431634874851,0.33827672251420676
1225,219383,University of Sioux Falls,Private nonprofit,0.019734075487498313,0,-0.04835820895522388,0.22685267063912062,0.14108123749753534,0.5212080132340211
1226,130943,University of Delaware,Private nonprofit,0.01972072095233836,0,0.009702620967741936,0.32540114384389307,-0.15546125407977643,0.4397666526514234
1227,194091,New York Institute of Technology,Private nonprofit,0.019718477173319118,0,-0.044813278008298756,0.4840224514967854,0.0528826305692137,0.849018195535143
1228,217165,Bryant University,Private nonprofit,0.0197165696806704,0,-0.02857142857142857,0.3668247527625426,0.005441282364359287,0.5972699665007357
1229,202523,Denison University,Private nonprofit,0.01971331852123633,0,0.05364151766245094,0.15419666805736046,0.770292306394654,0.0
1230,173258,Carleton College,Private nonprofit,0.019693431556427127,0,-0.026477541371158392,0.10090151058361974,-0.7598640435080991,0.7198848601820732
1231,155089,Friends University,Private nonprofit,0.0196895247128058,0,-0.0517051705170517,0.052711102413720734,-0.6067574084080845,0.9558146070815855
1232,444565,Culinary Institute Inc,For-profit,0.0196812140757072,0,0.13953488372093023,0.5412627481393081,0.11749841078587185,0.9145846651090936
1233,111966,Charles R Drew University of Medicine and Science,Private nonprofit,0.019653998959944144,0,0.03877005347593583,0.25754634359947454,0.44877035916082897,0.17630874596304635
1234,131159,American University,Private nonprofit,0.0196352071658908,0,-0.03024165386227127,0.37329142962638806,-0.1094918665101459,0.7744641958745598
1235,143358,Bradley University,Private nonprofit,0.019587310655373204,0,-0.06358576488446618,0.279464650653926,-0.29355663860217673,0.7755786328202157
1236,112251,Claremont Graduate University,Private nonprofit,0.019581159163623046,0,-0.024102564102564103,0.19130835383849143,0.3846504419712976,0.32032870864028534
1237,180106,Carroll College,Private nonprofit,0.019574488170122157,0,-0.05117790414297319,0.13518403725034633,-0.15977904397756082,0.5376279860484544
1238,177144,Culver-Stockton College,Private nonprofit,0.01957000274789968,0,-0.01089108910891089,0.16342992334700937,-0.3094354500416031,0.6077910542683935
1239,202763,The University of Findlay,Private nonprofit,0.019564162490701534,0,0.03288078065337293,0.25962639544711275,0.08271136393771487,0.6005729162991055
1240,137032,Saint Leo University,Private nonprofit,0.01955048584783389,0,-0.061400293255131966,0.4234379081409935,-0.15147215130313307,0.7415911016905165
1241,221999,Vanderbilt University,Private nonprofit,0.019496613283067347,0,0.044094128398446425,0.2642521404381192,-0.4997338114101387,0.4020455209252015
1242,141361,Young Harris College,Private nonprofit,0.019477122995410562,0,0.06784452296819787,0.29660048171966213,-1.9716823808572745,0.9736930868936441
1243,454829,Aspen University,For-profit,0.019437820479987267,0,0.07152183374437836,0.5446166543456433,0.11737696422683044,1.0
1244,152451,Saint Meinrad School of Theology,Private nonprofit,0.0194279478253095,0,-0.011299435028248588,0.007220273073363436,0.010257004580096053,0.3091193204645614
1245,166850,Merrimack College,Private nonprofit,0.01941978490549933,0,0.06151176243733128,0.4947788590712433,0.01222266132915712,0.635189003132901
1246,144281,Columbia College Chicago,Private nonprofit,0.01938995941128832,0,-0.043328055275658556,0.41821856562399284,-0.6067866791154307,0.902785009097456
1247,206589,The College of Wooster,Private nonprofit,0.01936827525486378,0,0.012873326467559218,0.12495452699931263,-1.8464243685473278,1.020417191285529
1248,154174,Palmer College of Chiropractic,Private nonprofit,0.01935106136277789,0,-0.007292616226071103,0.1826005101498537,0.08692200424763147,0.7310382773669257
1249,153269,Drake University,Private nonprofit,0.019347141810339166,0,-0.04074529074529074,0.17520415322627048,-0.16817834473351717,0.6410959588989561
1250,105589,Prescott College,Private nonprofit,0.019331830169186052,0,-0.02416918429003021,0.35587529603959855,0.1016475904584941,0.632087753334907
1251,487746,Yeshiva Zichron Aryeh,Private nonprofit,0.019259161645978608,0,0.037037037037037035,0.04104257062607298,0.583267934851596,0.0443046516403492
1252,491950,Contra Costa Medical Career College,For-profit,0.019244878227093525,0,0.3181169757489301,0.6497862564444236,0.3669505757345857,0.6904584173451099
1253,217688,Charleston Southern University,Private nonprofit,0.01923489035130377,0,-0.016968651136036815,0.29558271014958204,0.08472957667878957,0.4963634599246615
1254,193654,The New School,Private nonprofit,0.01922871667332346,0,-0.031058282208588958,0.6729509503511806,-0.10172922274382089,0.8209290072168168
1255,216524,Ursinus College,Private nonprofit,0.019221115622819723,0,0.03736413043478261,0.22245339042304102,-0.3641549969848309,0.5740837570360211
1256,183239,Saint Anselm College,Private nonprofit,0.01920165690553676,0,-0.027545499262174127,0.2725544070196309,-0.33401091736716326,0.5923039016755051
1257,192323,Le Moyne College,Private nonprofit,0.019183713212533565,0,-0.03698135898977751,0.2762164397579527,-0.10741900366036762,0.5873659308046868
1258,217536,Salve Regina University,Private nonprofit,0.01917812569603782,0,0.03644893540238181,0.2331976356401941,0.04461250749814752,0.5952411757095306
1259,209612,Pacific University,Private nonprofit,0.019154470674590997,0,-0.07124217118997912,0.42387445309986643,0.02754087411861216,0.76607360849645
1260,182670,Dartmouth College,Private nonprofit,0.01912526674757555,0,0.02089009990917348,0.14643344256049667,-0.5471483859167182,0.3991737402641379
1261,139199,Brenau University,Private nonprofit,0.019121427924694744,0,-0.04011359602413916,0.24255910897160526,-0.2025643626217285,0.9101696823624864
1262,211273,Bryn Mawr College,Private nonprofit,0.019095952574805966,0,0.011027278003482298,0.09274339355193312,0.17103620474406991,0.29427330669199386
1263,177092,Concordia Seminary,Private nonprofit,0.019008625474605714,0,-0.01854974704890388,0.026366772039822052,0.770292306394654,0.0
1264,110361,California Baptist University,Private nonprofit,0.018956678142288245,0,0.040742417383431415,0.5823437504282316,0.08259285615277524,0.8051107698045995
1265,163462,Mount St. Mary's University,Private nonprofit,0.018955659964289096,0,0.03979678238780694,0.4208253543536982,0.10900162277351377,0.41009215802534116
1266,150756,Hanover College,Private nonprofit,0.018951531000026788,0,0.05046728971962617,0.12448264241321011,-1.0797016345071242,0.6717582069481554
1267,107044,Harding University,Private nonprofit,0.01894165041498614,0,-0.015167042426726788,0.12386427988839699,0.041022055215445656,0.47375982429662983
1268,140340,Herzing University-Atlanta,Private nonprofit,0.01892813964160341,0,-0.15756035578144853,0.3245269447813849,0.10313675870610603,0.9842388687556316
1269,147590,National University of Health Sciences,Private nonprofit,0.01891330882065332,0,-0.15593220338983052,0.14493957321955286,-0.33689495710437417,1.0458074735667928
1270,481438,Yeshiva Yesodei Hatorah,Private nonprofit,0.018894798064700413,0,0.08064516129032258,0.2609747223609821,0.032605764765464396,0.182240017883367
1271,200527,Turtle Mountain Community College,Private nonprofit,0.01887494909610238,0,0.128060263653484,0.22367563160736664,0.1183132297547326,0.03452032347271259
1272,233295,Randolph-Macon College,Private nonprofit,0.018866231405627085,0,-0.034348671419313026,0.19698432710351177,-0.7416591797947493,0.7775156319937003
1273,147767,Northwestern University,Private nonprofit,0.01882784069307382,0,0.031762295081967214,0.1761698083700977,-0.34949545759554673,0.36394106025133294
1274,220871,Memphis Theological Seminary,Private nonprofit,0.018821356021553916,0,-0.00975609756097561,0.11832755433517514,0.03965580215967595,0.3998261145479321
1275,112525,Western University of Health Sciences,Private nonprofit,0.01881813227785575,0,-0.017932489451476793,0.5323878181182742,0.07700619211808192,0.8250252128109533
1276,239318,Milwaukee School of Engineering,Private nonprofit,0.01881715478186172,0,-0.006190823015294974,0.10560122579267572,-0.3049144525925343,0.6106222853797703
1277,188429,Adelphi University,Private nonprofit,0.018812582682636466,0,-0.09247903891878363,0.353717282855827,-0.10104654146254724,0.8730796855826528
1278,230038,Brigham Young University,Private nonprofit,0.0187776579938996,0,0.0042543271752433125,0.0618845456643338,0.4343779222877156,0.09022473151156411
1279,451510,Charleston School of Law,For-profit,0.01876776994055173,0,0.011437908496732025,0.16273296510019514,0.059383184341875894,0.9969053685066864
1280,194392,Paul Smiths College of Arts and Science,Private nonprofit,0.018760009047346152,0,-0.04189944134078212,0.18993521434587327,-0.05015884012572404,0.5675568674055407
1281,164739,Bentley University,Private nonprofit,0.01874460535205507,0,-0.02803914188934889,0.29366680817449525,-0.0024566224171344866,0.7339523415251076
1282,181002,Creighton University,Private nonprofit,0.018741050981134745,0,-0.04806711257227072,0.25730815351128944,-0.05159628811811732,0.6291060692376141
1283,176947,Central Methodist University-College of Liberal Arts and Sciences,Private nonprofit,0.018719252850847072,0,-0.056768558951965066,0.06607058176011679,-0.09712234456755266,0.6464206789780597
1284,170532,Kalamazoo College,Private nonprofit,0.01868268037633991,0,-0.05909797822706065,0.16406803120982072,-1.9716823808572745,1.1168692167552512
1285,204635,Ohio Northern University,Private nonprofit,0.01868212427645566,0,0.019269776876267748,0.2911678918214669,0.1474231907531648,0.45589337837034444
1286,140447,Mercer University,Private nonprofit,0.018669164948981066,0,0.017048054919908465,0.37267492613752057,-0.06980726632818345,0.5350571394788504
1287,137564,Southeastern University,Private nonprofit,0.018666781399724067,0,0.015160703456640388,0.6346179693249108,0.17195210106718067,0.6086487131213162
1288,462354,John Paul the Great Catholic University,Private nonprofit,0.018660166833192066,0,0.07913669064748201,0.6340786605896843,0.003184791317347484,0.4266004874736865
1289,149329,Telshe Yeshiva-Chicago,Private nonprofit,0.018639091994035663,0,0.046511627906976744,0.15354643768780546,0.30803991943697767,0.1989343677616909
1290,140252,Life University,Private nonprofit,0.018633543985987686,0,0.010646108663729809,0.7758158219039155,-0.008966171539826798,0.8521988210132934
1291,199971,Carolina Christian College,Private nonprofit,0.01860957313256797,0,0.09375,0.5888071823114887,0.048426928990654296,0.3467375264022853
1292,212577,Franklin and Marshall College,Private nonprofit,0.01860411641678783,0,-0.14038876889848811,0.2680528693990903,-1.0207434540243543,1.1168692167552512
1293,112075,Concordia University-Irvine,Private nonprofit,0.018596251020159882,0,-0.04270007670672462,0.24185463401810642,0.022819194063660255,0.7159548013390337
1294,236212,Perry Technical Institute,Private nonprofit,0.018572081343724713,0,-0.07861635220125786,0.15136925665879045,0.18660502270387586,0.6374431830033942
1295,225876,Jacksonville College-Main Campus,Private nonprofit,0.018566105845372657,0,-0.01050420168067227,0.4166580734335431,0.008575919054185924,0.6209917672523584
1296,236595,Seattle University,Private nonprofit,0.01850108822301804,0,-0.01083483817196833,0.24368648707103394,-0.11383895628624682,0.8367505118994448
1297,191241,Fordham University,Private nonprofit,0.01848565516324121,0,-0.024510959226962056,0.34489554393322136,-0.10594877055849049,0.7558271978775533
1298,196468,Teachers College at Columbia University,Private nonprofit,0.01848078177078756,0,0.005569169079973268,0.2618143836008501,-0.2628443881744705,0.7797471034401228
1299,198419,Duke University,Private nonprofit,0.01844153482671076,0,0.08012705261896201,0.2572784851340177,-0.12618339960758818,0.08428291217488494
1300,150163,Butler University,Private nonprofit,0.018421008397258597,0,0.001813236627379873,0.33352865240190716,-0.08551435746031079,0.6464902234783614
1301,178891,Ranken Technical College,Private nonprofit,0.018413154444641866,0,-0.07115063924402446,0.1423628168106337,-0.3280130981764994,0.8004810148364442
1302,447953,SUM Bible College and Theological Seminary,Private nonprofit,0.018411114633229513,0,0.05750798722044728,0.6364987051898217,-0.0421423513963235,0.5223051700007499
1303,241216,Atlantic University College,Private nonprofit,0.018386955103841605,0,-0.04395604395604396,0.12224511549975776,0.1854172215952278,0.6028800343247372
1304,491817,Seminary Bnos Chaim,Private nonprofit,0.018365527025603373,0,0.0,0.10761942758751024,0.10130795403200932,0.7242099782196317
1305,136215,Nova Southeastern University,Private nonprofit,0.018356670446289754,0,0.01807931570762053,0.4667464988604306,-0.0177031818503038,0.8667176281533436
1306,491622,Yeshiva Chemdas Hatorah,Private nonprofit,0.018339140172025897,0,0.14084507042253522,0.442328404489662,0.3018309893240597,0.3619362685368463
1307,211556,Chatham University,Private nonprofit,0.01833354742060595,0,-0.02051702913418137,0.38888447038353374,-0.36669027160298096,0.8376494242733543
1308,150677,Grace College and Theological Seminary,Private nonprofit,0.01832331147574902,0,0.05518650996423097,0.37044452719491194,0.14626849670400358,0.35499419002566607
1309,133979,Florida Memorial University,Private nonprofit,0.01832171198530305,0,0.03646308113035551,0.1814038886074316,-0.14128258045866554,0.37109608955964546
1310,170286,Hillsdale College,Private nonprofit,0.018300958522056175,0,0.09960681520314547,0.1527167331889553,0.15168764863156697,0.07047201049032235
1311,377661,Valley College-Martinsburg,For-profit,0.018289020183281803,0,0.12431444241316271,0.6607472646070959,0.13178151213527506,0.8760203852989673
1312,230816,Bennington College,Private nonprofit,0.018269253743956503,0,0.06537530266343826,0.3983060146541397,-0.338283983510786,0.6334925894308355
1313,189088,Bard College,Private nonprofit,0.018241250063027323,0,0.182175622542595,0.38498207865743367,0.17065929000632607,0.16407834137760108
1314,167057,The New England Conservatory of Music,Private nonprofit,0.018236908451651206,0,-0.05575326215895611,0.17526428373542835,-0.5435561153359338,0.8543886646840892
1315,229267,Trinity University,Private nonprofit,0.0182257642903694,0,0.03300076745970836,0.09842920276204851,0.2502059783477071,0.24485388873844555
1316,196431,Talmudical Seminary Oholei Torah,Private nonprofit,0.01821432790485112,0,-0.03064066852367688,0.022057123725557407,-0.023913646422477054,0.5146754177850525
1317,237181,Bethany College,Private nonprofit,0.018213310451755515,0,0.16448598130841122,0.4830095551331391,-0.14594184218715217,0.17829945211543552
1318,221670,Southern College of Optometry,Private nonprofit,0.018160415265849807,0,-0.007462686567164179,0.17245348760125337,-0.6436088569312368,0.9353413301564302
1319,190503,Culinary Institute of America,Private nonprofit,0.018146403744747693,0,0.008067118425298484,0.329745116064245,-0.00891439382225119,0.6043499139343878
1320,243832,EDP University of Puerto Rico Inc-San Juan,Private nonprofit,0.01814127030553902,0,-0.06866952789699571,0.22707648277563652,0.07956399025362028,0.7044365442422595
1321,139153,Beulah Heights University,Private nonprofit,0.018130121647321234,0,-0.07017543859649122,0.21011314098207257,-0.06445763948956151,0.7523887711524297
1322,197221,Webb Institute,Private nonprofit,0.018112995379330345,0,0.0,0.060585600385698594,0.770292306394654,0.0
1323,194310,Pace University,Private nonprofit,0.018106074382778514,0,0.015976110488988428,0.6372815403891047,-0.05903831858956284,0.7997329330701027
1324,222105,William R Moore College of Technology,Private nonprofit,0.01805976335730763,0,0.061764705882352944,0.0978024000751939,-0.03536089140146861,0.2102896390597621
1325,140988,Shorter University,Private nonprofit,0.01803707241816547,0,0.01882985877605918,0.2930689860328707,0.029722103069754934,0.48627025055844286
1326,117168,Laguna College of Art and Design,Private nonprofit,0.018032564521797155,0,-0.08872901678657075,0.37307511421745193,0.0018005494694351783,0.8742128279786018
1327,115409,Harvey Mudd College,Private nonprofit,0.018028881364889275,0,0.01991150442477876,0.12739607657759675,-0.8223898258260676,0.8345584090769923
1328,193292,Molloy College,Private nonprofit,0.018026833350410235,0,-0.05984744768237825,0.5173013840075297,-0.06880464798392612,0.8816606254894878
1329,401223,World Mission University,Private nonprofit,0.01800493626747685,0,0.007125890736342043,0.21665943944182656,0.043491143294829955,0.4507437823964834
1330,232025,Emory & Henry College,Private nonprofit,0.0179646764068427,0,0.05108359133126935,0.27204643766625547,-0.5012546799258537,0.5579966336438139
1331,195580,Saint Vladimirs Orthodox Theological Seminary,Private nonprofit,0.017959289018454557,0,0.11764705882352941,0.02802674349824222,-0.5086407986328476,0.07274085134712467
1332,215053,Pennsylvania College of Art and Design,Private nonprofit,0.017951598867657407,0,-0.0040650406504065045,0.21417456641146482,-0.13224650337897068,0.6758297282454953
1333,196866,Union College,Private nonprofit,0.017943807124799815,0,-0.03746002740977615,0.2266673233099745,-1.9333626027162416,1.1168692167552512
1334,190646,CUNY Medgar Evers College,Public,0.017942998845704012,0,-0.3721973094170404,1.6808160033784807,-0.04788479228140034,0.025108287065071046
1335,197911,Barton College,Private nonprofit,0.01794236483370488,0,0.08957795004306632,0.4325446950641902,-0.1440419109224209,0.5833813014997381
1336,160977,Bates College,Private nonprofit,0.01790113676695664,0,-0.016483516483516484,0.2511766211119897,-0.20151370139737437,0.9052168267822833
1337,145725,Illinois Institute of Technology,Private nonprofit,0.017900865755919277,0,0.06569455103607061,0.3852056665856654,-0.24919959594576085,0.4919103547459252
1338,449658,Bais Medrash Toras Chesed,Private nonprofit,0.017898812324002193,0,-0.017857142857142856,0.026754666761765186,0.26415226527945795,0.39107056526896733
1339,143853,Midwestern University-Downers Grove,Private nonprofit,0.017874648233658537,0,-0.07138047138047138,0.30321530750198733,0.22931981549898262,0.8999286496045001
1340,214148,Moore College of Art and Design,Private nonprofit,0.017866143219677937,0,-0.09803921568627451,0.15331575540113795,-0.3840179151920221,0.8436372671663804
1341,190725,Daemen University,Private nonprofit,0.017837399322177573,0,0.014982712255090281,0.41586567336232705,0.015840098365899904,0.6279966675768809
1342,447759,National Polytechnic College,For-profit,0.01783557467777635,0,0.3697916666666667,0.9239689806373311,0.22112196731744974,0.7914905152245526
1343,212197,Elizabethtown College,Private nonprofit,0.017821933403581562,0,0.09598698481561822,0.3571711610652203,-0.05290683433104619,0.5222866327728448
1344,217998,Erskine College,Private nonprofit,0.017780598355029157,0,0.04824561403508772,0.2795072833314449,-0.5515871708833399,0.469180270498384
1345,219949,Cumberland University,Private nonprofit,0.017754566871742775,0,0.014901960784313726,0.2987354318906785,0.09721873987846714,0.4922493319632907
1346,236452,Saint Martin's University,Private nonprofit,0.01773925672320379,0,-0.012277470841006752,0.33852734488095226,0.06667771917412245,0.5993353875015376
1347,224305,Dallas Theological Seminary,Private nonprofit,0.01767479157786894,0,0.06200909466721786,0.2844057466689144,0.1537423206883909,0.31081999224717716
1348,204200,Mount Saint Joseph University,Private nonprofit,0.017660825922083574,0,-0.034761904761904765,0.18437432735631243,-0.29173210151181933,0.7336795733732528
1349,226471,University of Mary Hardin-Baylor,Private nonprofit,0.017655457917081747,0,-0.07046281851274051,0.1618979653461076,0.14972189701723357,0.6781317144991685
1350,167996,Stonehill College,Private nonprofit,0.01763756270803373,0,0.0172,0.21120067016040325,-0.03721565363366138,0.5127165914994736
1351,135726,University of Miami,Private nonprofit,0.01761122242700382,0,0.08932682050418281,0.43258270000362087,0.06624197727308635,0.13871367999979642
1352,178059,Maryville University of Saint Louis,Private nonprofit,0.017573645388516308,0,-0.005392989114151603,0.405579166045155,-0.0716655084055949,0.8374934353581353
1353,121309,Point Loma Nazarene University,Private nonprofit,0.01757092370049367,0,-0.054302605649222686,0.2716634135824508,0.06510779816572351,0.7095772698952731
1354,238458,Carroll University,Private nonprofit,0.017560535464092492,0,-0.04812989272252827,0.06042029505733137,0.07182754524377481,0.5892626323927542
1355,123943,Marshall B Ketchum University,Private nonprofit,0.017531446610020304,0,-0.07307171853856563,0.43056344781233435,-0.012552800352755926,0.8814306971907288
1356,204185,University of Mount Union,Private nonprofit,0.017400499282764263,0,-0.05037895675434686,0.08018750991212771,-0.28448483154722104,0.7415200060293325
1357,490203,Bolivar Technical College,Private nonprofit,0.017379662122053167,0,0.0,0.16582931973046838,0.09851148773381375,0.5468472676319477
1358,234207,Washington and Lee University,Private nonprofit,0.01737692646572771,0,-0.009275618374558304,0.11004454732324237,-0.8942955625252306,0.7276030183523274
1359,421841,New York Conservatory for Dramatic Arts,For-profit,0.017370622450127937,1,0.2012779552715655,0.5795807947276014,0.05460441305663657,0.614201507280989
1360,217907,Coker University,Private nonprofit,0.01736550072129563,0,0.042228212039532795,0.1891876112167203,-0.24318056416516015,0.4390656107673398
1361,152530,Taylor University,Private nonprofit,0.01735059420092819,0,0.02208927749654855,0.14507404151734396,0.06938664119533329,0.42373294671488027
1362,131496,Georgetown University,Private nonprofit,0.017313454887430888,0,0.07099474302046649,0.5669852881799993,-0.023565484370569115,0.5017403147699758
1363,198385,Davidson College,Private nonprofit,0.01730479004291189,0,0.04899292324442025,0.08935479127357857,-0.00208687427583648,0.3391312280872598
1364,494630,Christ Mission College,Private nonprofit,0.01729253667942893,0,0.021739130434782608,0.15191316843394864,0.026694178786362703,0.4416721854783436
1365,136774,Ringling College of Art and Design,Private nonprofit,0.017284924975576633,0,0.028347406513872134,0.4475930580912379,0.09000689668290543,0.654485162893441
1366,111081,California Institute of the Arts,Private nonprofit,0.017275862774232875,0,-0.05263157894736842,0.16019238305642533,-0.4296001836619093,0.8728007744934168
1367,205203,University of Rio Grande,Private nonprofit,0.01724454090155882,0,0.1583011583011583,0.18435610679603762,0.04292881186837314,0.2096747685589767
1368,221351,Rhodes College,Private nonprofit,0.0172291822226906,0,-0.0009950248756218905,0.18550796834664837,-1.0516596256920854,0.8355678099247638
1369,208822,George Fox University,Private nonprofit,0.017184524604022453,0,-0.008614324390844204,0.31527672448630334,0.056461898667407494,0.7640192243819878
1370,113698,Dominican University of California,Private nonprofit,0.017184459371914134,0,-0.0005324813631522897,0.3412137477372409,-0.12257059997579642,0.741533590359261
1371,130697,Wesleyan University,Private nonprofit,0.017179163734073823,0,0.0071207430340557275,0.23482029653668868,-0.2991282999518312,0.6550181021489504
1372,238661,Edgewood College,Private nonprofit,0.017135914227384703,0,-0.07948969578017664,0.10462010129249871,-0.06951116207033095,0.7453388500277487
1373,441982,Franklin W Olin College of Engineering,Private nonprofit,0.017126059974705038,0,0.0,0.3443023553069387,-1.9716823808572745,1.1168692167552512
1374,107141,John Brown University,Private nonprofit,0.017111327089868147,0,0.00301854247520483,0.03512622593927844,-0.23109834399673032,0.49732209864111526
1375,217749,Bob Jones University,Private nonprofit,0.01710859381591277,0,0.02892287234042553,0.05102829925580944,0.009641217005400955,0.34941515288482045
1376,193308,Monroe College,For-profit,0.017067750576752055,0,0.07580174927113703,0.4447066182426624,-0.00619746303512396,1.0286736644003045
1377,239390,Mount Mary University,Private nonprofit,0.017058680486792023,0,-0.038523274478330656,0.1493639834492282,-0.2781744351313443,0.7873955721444746
1378,219091,Dakota Wesleyan University,Private nonprofit,0.017052304533203902,0,0.007954545454545454,0.22709051025722551,-0.2993906395914291,0.6541191664356977
1379,443331,West Coast University-Los Angeles,For-profit,0.017027770097053054,0,0.18284424379232506,0.8382843807849886,0.2993290150819396,0.9994910599857788
1380,122436,University of San Diego,Private nonprofit,0.016994575666798243,0,-0.03986493845986276,0.2124028937243915,-0.07847242385806195,0.7240185216314929
1381,170301,Hope College,Private nonprofit,0.01699419149979827,0,0.06380890052356021,0.10594226641774933,-0.19644886770647285,0.5593654189629318
1382,133492,Eckerd College,Private nonprofit,0.01698683098583103,0,-0.006975585450921774,0.24013588936972935,-0.14926340280550662,0.660391784908949
1383,196413,Syracuse University,Private nonprofit,0.01695945933437868,0,-0.006652078774617068,0.30487686349833265,-0.005774562052047606,0.6233551962453425
1384,126979,Denver Seminary,Private nonprofit,0.01692208785918961,0,0.030660377358490566,0.041458457097597726,0.5953988667895657,0.1810602858962578
1385,120795,Pacific School of Religion,Private nonprofit,0.016893685168275767,0,0.11224489795918367,0.07293770957468797,-0.2738077400653041,0.14428544513460628
1386,153162,Cornell College,Private nonprofit,0.016860689213936825,0,0.05196078431372549,0.210787859147738,-0.40636096527215804,0.483755071858972
1387,141167,Thomas University,Private nonprofit,0.016846622919574526,0,0.001963350785340314,0.21896791263046153,0.001914075220252658,0.6923894627143954
1388,192819,Marist College,Private nonprofit,0.01684029045340069,0,-0.0406648857227664,0.2810314546000633,-0.1138257794939613,0.7822127177260505
1389,229416,Universal Technical Institute of Texas Inc.,For-profit,0.016798790721632016,0,0.24746450304259635,0.41988260272261774,0.14605677425960528,0.9775001919778842
1390,475121,South University-Savannah Online,For-profit,0.01676095451725816,0,0.2440677966101695,0.5656911315229839,0.2398403576385772,0.7059870595727352
1391,138929,Atlanta's John Marshall Law School,For-profit,0.016752817095720414,0,0.22580645161290322,0.05342228549311376,-0.05858646782681632,0.8711719796349993
1392,234173,Virginia Wesleyan University,Private nonprofit,0.01671157383819224,0,0.03429724277067922,0.1803614186553947,-0.6535450626457016,0.695339150786735
1393,221661,Southern Adventist University,Private nonprofit,0.01661858979717313,0,0.024347212420606917,0.10208923877851199,-0.013478801396487343,0.464806877657445
1394,186432,Saint Peter's University,Private nonprofit,0.0165886641433996,0,0.060934116919270025,0.4979866194211615,-0.11247903246931552,0.6027772750022927
1395,160755,Tulane University of Louisiana,Private nonprofit,0.01657607777371898,0,0.08542907993499961,0.3257496929631135,0.09878903851987526,0.3483372462307512
1396,152318,Rose-Hulman Institute of Technology,Private nonprofit,0.016569576667686894,0,0.07360157016683022,0.23002333386104826,-0.2624304750929806,0.6263027528901768
1397,123448,Trinity Law School,Private nonprofit,0.01655340929317814,0,0.17177914110429449,1.4926075176858553,-0.07751524556272726,0.9882980667820058
1398,488332,Hope College of Arts and Sciences,For-profit,0.016527389355092903,0,0.04081632653061224,0.17344192010649856,0.23852326277973018,1.0
1399,220792,Meharry Medical College,Private nonprofit,0.016526173442959983,0,0.09692132269099202,0.19083813620340928,0.04357793761462293,0.23388745380303078
1400,232885,Sentara College of Health Sciences,Private nonprofit,0.016519436113404676,0,-0.10540540540540541,0.04431215997532084,-0.5388131421869542,0.9174561839140822
1401,134079,Florida Southern College,Private nonprofit,0.016513722592707173,0,-0.007261724659606656,0.17055312039113918,0.014476137080929386,0.5720691908928963
1402,123651,Vanguard University of Southern California,Private nonprofit,0.01649920573213448,0,0.037241379310344824,0.4492011117959392,0.20275402763406594,0.5291211480901356
1403,179955,William Jewell College,Private nonprofit,0.016494366296837745,0,0.15426251691474965,0.21936793275629535,-0.2443646613922105,0.29921419146588163
1404,442842,Pacific College of Health and Science,For-profit,0.01648513778896763,0,0.2393617021276596,0.6407827171727724,0.011748888073960026,0.9430099556085735
1405,128902,Connecticut College,Private nonprofit,0.016462832658577887,0,0.04674905964535196,0.24501445955163081,-0.2283421997318455,0.5288590458890187
1406,131113,Wilmington University,Private nonprofit,0.016460903532373526,0,-0.048200950441276307,0.06994079403685788,-0.1557606291255519,1.0335842097968246
1407,484862,University of West Los Angeles,For-profit,0.016449280150930976,0,0.12254901960784313,0.25720022500233125,0.09748430430284834,1.0
1408,194073,New York College of Podiatric Medicine,Private nonprofit,0.016445376476066635,0,0.012121212121212121,0.3331899168362474,-0.48171762098356036,0.7958649997372051
1409,200156,University of Jamestown,Private nonprofit,0.016420754801307048,0,0.11390134529147983,0.27953531774349194,-0.2314188920522323,0.505263382105444
1410,162760,Hood College,Private nonprofit,0.016396860238379326,0,0.026973026973026972,0.19984905340718492,-0.055777859444521904,0.49631253531982955
1411,178679,Ozark Christian College,Private nonprofit,0.01639675179992199,0,0.02074074074074074,0.03591871285629266,-0.14343352612089852,0.4556473668827833
1412,423643,Midwestern University-Glendale,Private nonprofit,0.016380257120779427,0,-0.03273657289002557,0.28994214114872796,0.2187978316731778,0.9123631293124549
1413,214564,Salus University,Private nonprofit,0.01637050577721099,0,-0.05896607431340872,0.3494831249196918,-0.1293711209546823,0.9061291154598206
1414,126076,Yeshiva Ohr Elchonon Chabad West Coast Talmudical Seminary,Private nonprofit,0.01635736408259395,0,0.028985507246376812,0.11509117526847011,0.20102615750363068,0.3795877069117098
1415,439914,Seattle Institute of East Asian Medicine,Private nonprofit,0.016353945199791015,0,-0.029411764705882353,0.34088058441254643,0.21896086936161227,0.8599613173313023
1416,215123,Philadelphia College of Osteopathic Medicine,Private nonprofit,0.01631667003192931,0,0.03160040774719674,0.1556814588771515,0.014900362401757076,0.7768599502191972
1417,243106,University of Puerto Rico-Aguadilla,Public,0.016305751307691296,0,-0.2813178855901521,2.5364454424478877,0.52718459630399,0.013657108532629537
1418,153126,Clarke University,Private nonprofit,0.016290266258082445,0,0.06747787610619468,0.17012939940655863,-0.16345514517510748,0.6388057976440712
1419,196440,Talmudical Institute of Upstate New York,Private nonprofit,0.01627127693566958,0,0.06666666666666667,0.02198579364779482,0.770292306394654,0.03280985108820161
1420,157748,The Southern Baptist Theological Seminary,Private nonprofit,0.01626168692073338,0,0.030683740033824597,0.13489056912300135,-0.2074475094614987,0.6280587869861939
1421,199032,Montreat College,Private nonprofit,0.016239136124244456,0,0.04516129032258064,0.19353574103569138,0.3745750089107049,0.24571027330550532
1422,224226,Dallas Baptist University,Private nonprofit,0.016234507451136936,0,-0.030978381992422553,0.059263431584475,-0.07381976594415449,0.6189448915977921
1423,191931,Iona University,Private nonprofit,0.016228971512851704,0,0.0022142264046498754,0.30844050358738323,-0.11340523882896764,0.6636845146379045
1424,193900,New York University,Private nonprofit,0.016216692033974536,0,0.11835113926444171,0.6137219863149925,-0.015749009191026814,0.2953300825838737
1425,161004,Bowdoin College,Private nonprofit,0.01616657864596266,0,0.043596730245231606,0.14077286303769695,0.770292306394654,0.0
1426,460190,Concorde Career Institute-Orlando,For-profit,0.01611884864719698,0,0.350210970464135,0.9688639551192146,0.008403361344537815,0.6949214468396054
1427,219295,Presentation College,Private nonprofit,0.01611745971015643,1,0.053082191780821915,0.25126803666085534,0.18817484372601864,0.4067770636693565
1428,206048,Tiffin University,Private nonprofit,0.016093698559221895,0,0.04032809295967191,0.34737418908126555,0.06466135291482678,0.540504252293805
1429,211431,Carlow University,Private nonprofit,0.01609352787519219,0,0.040553907022749754,0.3379602880409854,-0.12027013344481649,0.6398657849201358
1430,444811,PITC Institute,For-profit,0.01608774587975766,0,0.3622641509433962,1.0,0.4140099200823964,0.9422649889906779
1431,135081,Keiser University-Ft Lauderdale,Private nonprofit,0.016067440486612086,0,-0.027955230745643173,0.3158227567522386,0.11984010879879865,0.8743390369711881
1432,213507,Lebanon Valley College,Private nonprofit,0.016059975106859335,0,0.08616187989556136,0.21748844200248904,-0.004597164452061197,0.6133218877510572
1433,166656,MCPHS University,Private nonprofit,0.016052564434736256,0,-0.07358131957643226,0.0851559236914964,-1.9716823808572745,1.1168692167552512
1434,234915,City University of Seattle,Private nonprofit,0.0160355611098528,0,0.06887755102040816,0.7484754999245026,-0.18581724000284683,0.8487067058208295
1435,163976,St. John's College,Private nonprofit,0.016008602656776085,0,-0.0018450184501845018,0.16085637432247046,-1.9560450488790049,0.9248538973327795
1436,107877,Williams Baptist University,Private nonprofit,0.01598290898745125,0,0.06181818181818182,0.07863304387817943,0.055347548316388814,0.2621646365912554
1437,213385,Lafayette College,Private nonprofit,0.01591647947685201,0,0.025169045830202855,0.23688522246822677,-0.3122625418182617,0.6747362795839037
1438,243577,Universidad Politecnica de Puerto Rico,Private nonprofit,0.015916414328139974,0,-0.026605504587155965,0.1682235750150756,0.10864805624397261,0.759012515644765
1439,174127,Minneapolis College of Art and Design,Private nonprofit,0.015898142771078358,0,0.031407035175879394,0.14187081679981225,0.126277262044263,0.4842642025669633
1440,218973,Wofford College,Private nonprofit,0.015877230930598316,0,0.05988372093023256,0.15120127420059212,-1.9716823808572745,1.1168692167552512
1441,193973,Niagara University,Private nonprofit,0.015875487212310312,0,0.0362610797743755,0.2339804934297393,-0.03639982591258847,0.5182499259173571
1442,136330,Palm Beach Atlantic University,Private nonprofit,0.015871069292999033,0,0.03711731238146844,0.23899917152356454,0.21233774923056337,0.4565056425353495
1443,225399,Houston Baptist University,Private nonprofit,0.015855675161250752,0,0.13793103448275862,0.3290008947507021,0.1396030408668964,0.4904610853251362
1444,486123,Theatre of Arts,For-profit,0.015835700981677327,1,0.39285714285714285,2.3817512071282794,-0.7127744463888469,1.0
1445,228246,Southern Methodist University,Private nonprofit,0.015791109620115408,0,0.019367388362652234,0.19060398280243884,0.15838127850716058,0.5117175694223011
1446,243568,Universidad Central Del Caribe,Private nonprofit,0.015752141597737645,0,-0.02247191011235955,0.08562186261626699,0.06023396600663272,0.6944475084040976
1447,215424,Pittsburgh Theological Seminary,Private nonprofit,0.015750968902631893,0,0.12060301507537688,0.007220273073363436,0.051367177652052176,0.006110919619649113
1448,195474,Siena College,Private nonprofit,0.015749726227960392,0,0.10679611650485436,0.16327871521773576,0.04223025737428626,0.5230368859199951
1449,172440,Finlandia University,Private nonprofit,0.015713028207896107,1,0.08695652173913043,0.4685420809295584,0.040699177939999415,0.4293526644809861
1450,182634,Colby-Sawyer College,Private nonprofit,0.01566510627117158,0,0.10292397660818714,0.2532643577809792,-0.023731790275084524,0.3106724806051547
1451,219709,Belmont University,Private nonprofit,0.01565342500824406,0,0.05568720379146919,0.13301515689824545,0.21112974337620932,0.7230858007983151
1452,154712,Benedictine College,Private nonprofit,0.015651970644378142,0,0.09453197405004633,0.3397676990201411,0.2570654069881451,0.3643020850749892
1453,237312,University of Charleston,Private nonprofit,0.01564778544024081,0,0.1254598969830758,0.17557772031240435,0.02324799248456215,0.46287824011716444
1454,165802,Fisher College,Private nonprofit,0.015646549123929886,0,-0.12714987714987716,0.14574531555887013,-0.5579535951717662,1.1127417203264331
1455,192624,Machzikei Hadath Rabbinical College,Private nonprofit,0.015640277323253633,0,0.028985507246376812,0.14034188767779138,-0.29959044613080854,0.7757140229844351
1456,173902,Macalester College,Private nonprofit,0.015605215612717643,0,0.03670162059103908,0.09226612619325114,-0.026255690027498564,0.4503627635278947
1457,240213,Wisconsin School of Professional Psychology,Private nonprofit,0.015563397642960641,0,0.024691358024691357,0.2793420144595226,-0.008425952645538009,0.940460693708274
1458,123165,Scripps College,Private nonprofit,0.015563350468299621,0,-0.009017132551848512,0.1559578240057196,-1.9716823808572745,1.1168692167552512
1459,239017,Lawrence University,Private nonprofit,0.015546412614644475,0,-0.011095700416088766,0.11700890499222946,-1.8621832319913236,0.9457110368197557
1460,166124,College of the Holy Cross,Private nonprofit,0.015520270402882863,0,0.040499493756328046,0.19543180724598813,-0.2986182202029727,0.6264810772981626
1461,205054,Professional Skills Institute,For-profit,0.015507008794617248,0,0.13802816901408452,0.6079588149474177,0.018285960560363492,1.0
1462,203997,Methodist Theological School in Ohio,Private nonprofit,0.01549193929485255,0,0.046153846153846156,0.047706697156175086,0.770292306394654,0.0
1463,148131,Quincy University,Private nonprofit,0.015427468904066786,0,0.13850174216027875,0.6623502246834276,-0.051989531617253795,0.3191273865612567
1464,212805,Grove City College,Private nonprofit,0.015422396200052696,0,0.01936619718309859,0.06712861908502893,-0.034840419068746215,0.5414580498568285
1465,177746,Kansas City Art Institute,Private nonprofit,0.015374146370261592,0,0.055793991416309016,0.17038258906918613,-0.350639024809486,0.6824288339757457
1466,243179,University of Puerto Rico-Humacao,Public,0.015345644611431402,0,-0.1814791796146675,2.5930047696427296,0.30849694157153645,0.0453003830423683
1467,165334,Clark University,Private nonprofit,0.015306177190955624,0,0.07775871926815323,0.27647201668244886,-0.7182904249171512,0.8333942660361114
1468,138947,Clark Atlanta University,Private nonprofit,0.015298637632795443,0,0.02040816326530612,0.060446377357147175,0.14480529497909597,0.47771223962681086
1469,240107,Viterbo University,Private nonprofit,0.015297947103767017,0,-0.05246913580246913,0.08337311904182346,-0.2500548994264127,0.8579383346409091
1470,247773,Yeshiva Gedolah of Greater Detroit,Private nonprofit,0.015274837778137155,0,0.0967741935483871,0.05706395550229684,0.11514749902490475,0.24801144034840328
1471,107512,Ouachita Baptist University,Private nonprofit,0.015268839546176582,0,0.09246785058175137,0.2588668512101251,-0.08520565710191953,0.4049051427317187
1472,210599,All-State Career School,For-profit,0.015268212419175612,0,0.22514619883040934,0.3523275822595476,-0.023739397655440225,0.9987078365412355
1473,190150,Columbia University in the City of New York,Private nonprofit,0.015259105804872733,0,0.10573499491353001,0.20652459934471196,-0.260308788565786,0.33803646767746437
1474,162928,Johns Hopkins University,Private nonprofit,0.015252273641827227,0,0.15495402341297684,0.2524271959648854,-0.06118768616944939,0.12321400394315984
1475,165264,Laboure College of Healthcare,Private nonprofit,0.015243871094163695,0,-0.005060728744939271,0.2761854699478632,0.05146380396374041,0.9585091953670966
1476,180832,Clarkson College,Private nonprofit,0.015243575549175468,0,0.02256317689530686,0.29266320729612166,0.027209821067486935,0.6327340910694323
1477,131876,Trinity Washington University,Private nonprofit,0.01523906803192488,0,0.11013473930872876,0.22084486261093636,-0.11608055695668004,0.5838958684975595
1478,189857,Central Yeshiva Tomchei Tmimim Lubavitz,Private nonprofit,0.015236104695669524,0,0.09557774607703282,0.08865338110310454,0.3173136534256162,0.5716031190870232
1479,250027,Laurel Business Institute,For-profit,0.015217044377162764,0,0.2708333333333333,0.08444636808987213,0.21688316198944152,0.7995039188553477
1480,164924,Boston College,Private nonprofit,0.015195170826987865,0,0.03661761714246965,0.274969656865245,-0.04216949530347932,0.5908225538888474
1481,150941,Huntington University,Private nonprofit,0.015190137696295588,0,0.06358381502890173,0.2674735069739996,-0.03950158879221111,0.4971881047361941
1482,174525,Oak Hills Christian College,Private nonprofit,0.015183483323626434,0,0.13333333333333333,0.23328856941600218,0.029898573587367472,0.18892379218714714
1483,488305,Elim Bible Institute and College,Private nonprofit,0.015177562260396599,0,0.07547169811320754,0.10802352844391427,0.0018554884093697416,0.35746449502987393
1484,239309,Milwaukee Institute of Art & Design,Private nonprofit,0.015158708065553382,0,0.029885057471264367,0.30565010940092135,0.11323585592907497,0.7221844641054246
1485,488785,University of Saint Katherine,Private nonprofit,0.01515298319133163,1,-0.01276595744680851,0.15765756687627702,-0.03692290085178781,0.6868908698340389
1486,120883,University of the Pacific,Private nonprofit,0.015136445117724358,0,-0.02636885373041725,0.19349056136350512,-0.16131385402027398,0.8099024242958125
1487,155937,Sterling College,Private nonprofit,0.015130965041229903,0,0.08116385911179173,0.2668037345054277,-0.31699487185795294,0.49117784411172366
1488,204990,Payne Theological Seminary,Private nonprofit,0.015127688312334676,0,-0.015789473684210527,0.13996309015320085,-0.1837995755316582,0.7137701778982416
1489,447847,Aviator College of Aeronautical Science and Technology,For-profit,0.015097973449619485,0,0.2552083333333333,0.5516088103863759,0.08889423045206371,0.9051549542932663
1490,195720,St. John Fisher University,Private nonprofit,0.015092427011151346,0,0.0008291873963515755,0.17815703732172994,0.010872640434753729,0.6583526518422331
1491,181297,Nebraska Methodist College of Nursing & Allied Health,Private nonprofit,0.015061881734511173,0,0.015957446808510637,0.06739769265180552,0.056763979300996595,0.6820579039726798
1492,206491,Wilberforce University,Private nonprofit,0.015024973873969763,0,0.15901060070671377,0.4691189084831342,0.028710792640359493,0.2870113487706479
1493,133809,Florida College,Private nonprofit,0.015019442393580246,0,0.15613382899628253,0.12045425839927308,0.1737892512653955,0.36115539408832037
1494,447768,American Career College-Ontario,For-profit,0.01500146115105376,0,0.23604826546003016,0.44165028636910897,0.06363126877464281,0.9787250715432023
1495,183211,Rivier University,Private nonprofit,0.014933512860047208,0,0.09391080617495712,0.3401537032725114,0.007022672554786111,0.7505081193413732
1496,221519,The University of the South,Private nonprofit,0.01492620397189739,0,-0.03619909502262444,0.13761725729822386,-1.9716823808572745,1.1168692167552512
1497,169442,College for Creative Studies,Private nonprofit,0.01491605695059094,0,-0.010437051532941943,0.1719375672592377,-0.3465453413517216,0.7588164540583126
1498,199582,Saint Augustine's University,Private nonprofit,0.014913946212869357,0,0.2324805339265851,0.3863456011564262,-0.12718746735662784,0.04481749671213187
1499,204501,Oberlin College,Private nonprofit,0.014905672613446634,0,0.04505763185469787,0.21937950387891525,-0.3380253473311807,0.6760170509827883
1500,383084,Hacienda La Puente Adult Education,Public,0.014905336474797706,0,-0.5849753694581281,0.05362474997452636,0.08966660749762477,0.05417082847084313
1501,447777,Asher College,For-profit,0.014888652708609867,0,0.24148606811145512,0.5576221008329312,0.1482555828876634,0.9964429794154878
1502,447698,Phoenix Institute of Herbal Medicine & Acupuncture,For-profit,0.014862922993454564,0,0.31313131313131315,0.27442222084406653,0.09369085781343038,0.819399412637459
1503,231651,Regent University,Private nonprofit,0.01485947256102788,0,-0.002701398938736131,0.514743961352657,0.036735350933676754,0.8734304571796523
1504,366270,Delta College of Arts & Technology,For-profit,0.01485668327787303,0,0.1259259259259259,0.4291616799291046,0.04277670963557443,0.9966500271670218
1505,208479,Concorde Career College-Portland,For-profit,0.014848889049138465,0,0.20544554455445543,0.6026365348399246,0.12460252031562831,0.7946060534683783
1506,243142,University of Puerto Rico-Carolina,Public,0.01482977372187024,0,-0.2468480424684804,2.5930047696427296,0.27993180995349454,0.07144359632939634
1507,474863,Los Angeles Pacific University,Private nonprofit,0.014803199321698051,0,-0.029697900665642603,0.49876996192892237,-0.039168673343428974,0.9515414397635822
1508,111948,Chapman University,Private nonprofit,0.014802238662917445,0,0.016649746192893403,0.26856011695281284,0.11182992840928933,0.7427470752575519
1509,214944,Pennco Tech-Bristol,For-profit,0.014799938686359735,0,0.1343612334801762,0.3360475238810595,-0.08361247747682041,0.928069315683292
1510,143978,The Chicago School of Professional Psychology at Chicago,Private nonprofit,0.014796222640088086,0,-0.008416220351951033,0.20765403634729052,0.016355599245398627,1.0104281420474845
1511,457536,Midwestern Career College,For-profit,0.014770319930344838,0,0.23583180987202926,0.31365737575283337,0.11812985907926822,0.8846465492809679
1512,217493,Rhode Island School of Design,Private nonprofit,0.014748433611167728,0,0.04758096761295482,0.32292926674689165,-0.507550573742378,1.026464048074643
1513,164270,McDaniel College,Private nonprofit,0.014726635938421773,0,0.05226236408277797,0.2420532727787856,-0.3265240923100053,0.6037172066451176
1514,174862,Crown College,Private nonprofit,0.014716010080290517,0,0.04007884362680683,0.3053919017489356,-0.057786217177737964,0.7124360446619925
1515,203535,Kenyon College,Private nonprofit,0.014665512738214028,0,0.07714285714285714,0.27754504869720015,0.07944401618144617,0.4705273619076541
1516,195243,St. Thomas Aquinas College,Private nonprofit,0.014646391798431297,0,0.0495611770779556,0.13334401060384565,-0.7092599027661902,0.7669008193403273
1517,217156,Brown University,Private nonprofit,0.014643336020309036,0,0.08284138198006387,0.1871740844201008,-0.30834771483464984,0.47337965099924734
1518,446048,Ave Maria University,Private nonprofit,0.014604116540502548,0,0.11299915038232795,0.22700946664430302,0.03153900441618534,0.227692438120657
1519,211291,Bucknell University,Private nonprofit,0.01460361056663073,0,0.024344062753583987,0.17071151715829458,-0.10362044732869463,0.6244425743089657
1520,144740,DePaul University,Private nonprofit,0.014594737981791811,0,-0.051985134155184916,0.25897229836226654,-0.3264117425739745,1.0160069723914256
1521,455406,Pacific Northwest University of Health Sciences,Private nonprofit,0.01459055441361142,0,0.0763888888888889,0.3818806778557712,0.15587492231588349,0.8797450131167843
1522,223232,Baylor University,Private nonprofit,0.01458049140175907,0,0.14839460988188322,0.2587494794624748,0.24851550214753446,0.5160825866461091
1523,157377,Midway University,Private nonprofit,0.014567789012107295,0,0.06190125276344879,0.34982963385230803,-0.24844114790218771,0.8278438082052763
1524,192785,Maria College of Albany,Private nonprofit,0.01454909438193153,0,0.011306532663316583,0.2175203376159825,-0.24254049957973078,0.7234221438490964
1525,486822,Pima Medical Institute-Phoenix,For-profit,0.014538485268859085,0,0.16423841059602648,0.29109743713701314,0.14984510577247415,0.7878641647260782
1526,109040,American Career College-Los Angeles,For-profit,0.014533571979022485,0,0.25654116145500955,0.5593815898353042,0.0857368725489146,0.9815858275945977
1527,155308,Kansas Christian College,Private nonprofit,0.01452669771510743,0,0.18238993710691823,0.25938655432279883,0.06356376206046459,0.37984255893051533
1528,191649,Hofstra University,Private nonprofit,0.014508457863006499,0,-0.052388004442798966,0.29362783385542296,-0.49484228278837267,1.1001450041612597
1529,114549,Fielding Graduate University,Private nonprofit,0.014488344772110482,0,0.019367991845056064,0.2015146566166998,0.0614611943752259,0.836421234612288
1530,157535,University of Pikeville,Private nonprofit,0.01446875502097188,0,0.07651481645289694,0.5227575763188751,0.26851138953160075,0.5786133307616981
1531,491613,Yeshiva Gedolah Tiferes Boruch,Private nonprofit,0.014456486539673638,0,0.06153846153846154,0.05251778894049675,0.11772898247136114,0.41374379990753374
1532,220215,Freed-Hardeman University,Private nonprofit,0.014448043525677474,0,0.10061407652338214,0.19558895953958574,0.21000467127381492,0.34453062396041134
1533,145886,Institute for Clinical Social Work,Private nonprofit,0.014443848372858909,0,-0.048,0.1368791511206372,-0.2847581139611101,1.0247204650830664
1534,102669,Alaska Pacific University,Private nonprofit,0.014414270237476868,0,0.12476370510396975,0.06687542162464423,-0.16837755683560632,0.32010165859219014
1535,213543,Lehigh University,Private nonprofit,0.01440288230379527,0,0.06342585934129152,0.2205700032659439,-0.2710933418268277,0.608885759706751
1536,228468,Southwestern Adventist University,Private nonprofit,0.014359824113395824,0,0.15429403202328967,0.06465057344130878,0.2183980140230866,0.39374346895574763
1537,210304,Warner Pacific University,Private nonprofit,0.014349512606874388,0,0.09090909090909091,0.424904891373753,-0.18001500810606944,0.681209213389105
1538,109651,Art Center College of Design,Private nonprofit,0.014339323527301797,0,0.03640256959314775,0.4507466150870406,-0.19889010829726875,1.098968794649328
1539,461759,Simmons College of Kentucky,Private nonprofit,0.014323313151257152,0,0.1339712918660287,0.16028482154462745,0.3529133373241759,0.19824560799437113
1540,375230,Yeshiva Gedolah Imrei Yosef D'spinka,Private nonprofit,0.014315534061759791,0,0.20245398773006135,0.007220273073363436,0.23427617607443582,0.1680966310518357
1541,224527,East Texas Baptist University,Private nonprofit,0.014288733161336881,0,0.11173885750156937,0.1847952361462752,0.0012813659375510889,0.3682377157824535
1542,166939,Mount Holyoke College,Private nonprofit,0.014265687912860146,0,0.04,0.15985617192196622,-0.7836709691807228,0.7102257620190048
1543,144971,Eureka College,Private nonprofit,0.014261388166822068,0,0.08966861598440545,0.22961222303461717,-0.4864066237187287,0.5571934175220091
1544,475635,Beverly Hills Design Institute,For-profit,0.014257641142445765,0,0.25,0.43270007459623133,0.03219954262255288,1.0
1545,165495,Conway School of Landscape Design,Private nonprofit,0.014246550942098084,0,0.058823529411764705,0.3301698480957832,0.016073937153419593,0.6050108265117508
1546,486257,Valor Christian College,Private nonprofit,0.01423582914490566,0,0.03164556962025317,0.14225714029744838,0.08630461838232431,0.5713406013890188
1547,191621,Hilbert College,Private nonprofit,0.014233840103292693,0,0.14490861618798956,0.34293118199153,-0.2670175944764188,0.6021504691694565
1548,462044,Institute for Doctoral Studies in the Visual Arts,Private nonprofit,0.014229766988956736,0,0.022222222222222223,0.14924648164629137,0.016784032899594313,0.9879945061488262
1549,381459,Phoenix Seminary,Private nonprofit,0.01422242361672966,0,0.20676691729323307,0.026201053208955084,0.0856159794045257,0.16762205155219173
1550,243151,University of Puerto Rico-Cayey,Public,0.014221462140287043,0,-0.2318890814558059,2.5930047696427296,0.38701134387847713,0.025561638425320693
1551,157818,Transylvania University,Private nonprofit,0.014212152931338262,0,0.03488372093023256,0.1826195175597604,-1.3206016225864374,0.9287067384342266
1552,136701,Saint Vincent de Paul Regional Seminary,Private nonprofit,0.014198390051926947,0,0.04580152671755725,0.00768822880617234,-1.5537929148260519,0.7828443338818254
1553,152567,Trine University,Private nonprofit,0.014195232621627273,0,0.029722921914357683,0.15948808732624467,0.20856258346268722,0.626673165590189
1554,167093,New England College of Optometry,Private nonprofit,0.014192887229401702,0,-0.0037174721189591076,0.21268004348003944,-0.11297241373858664,0.8818186746455429
1555,194189,Ohr Hameir Theological Seminary,Private nonprofit,0.014182873281347716,0,0.1348314606741573,0.43690933939722515,0.22003069988778487,0.39830105767654345
1556,164988,Boston University,Private nonprofit,0.014174284333220552,0,0.0887900355871886,0.34729989569690545,-0.050220870118580015,0.5881676527938053
1557,154156,Des Moines University-Osteopathic Medical Center,Private nonprofit,0.014166006331567171,0,-0.00196078431372549,0.4949116390578592,-0.13581653221510545,1.1168692167552512
1558,155812,University of Saint Mary,Private nonprofit,0.014107620196194862,0,0.021774193548387097,0.12178015938637853,-0.0185646817507512,0.6830470652231184
1559,169716,University of Detroit Mercy,Private nonprofit,0.014099835508300218,0,0.05511811023622047,0.3407824407818389,0.023258989396543674,0.712727153430043
1560,124292,Thomas Aquinas College,Private nonprofit,0.014096402010104155,0,0.17539863325740318,0.10532744284487114,-0.24158418717972172,0.34772937218132904
1561,180595,Rocky Mountain College,Private nonprofit,0.014080672112905205,0,0.054,0.20384976461385165,-0.30080385329801046,0.8704925267389412
1562,228875,Texas Christian University,Private nonprofit,0.014078023782057967,0,0.11329825834542816,0.2597609192416576,0.34558706884528206,0.34570524811791525
1563,233842,Union Presbyterian Seminary,Private nonprofit,0.014066680298533302,0,0.07272727272727272,0.02309141470114177,0.770292306394654,0.0
1564,198516,Elon University,Private nonprofit,0.014066161642224656,0,0.004937923250564334,0.2520001238673853,0.10744378907779258,0.7414616772044998
1565,151786,Marian University,Private nonprofit,0.014059731597354037,0,0.051719238420005684,0.47668536344096823,-0.0777244552406101,0.7522223816711191
1566,232706,Marymount University,Private nonprofit,0.014056583460179323,0,0.10347903657448707,0.5958030191629411,-0.09432546125846704,0.742006135256595
1567,168421,Worcester Polytechnic Institute,Private nonprofit,0.014050970740218043,0,0.06005221932114883,0.3879014398669662,-0.13724308551129155,0.6976514702980067
1568,439783,New York College of Traditional Chinese Medicine,Private nonprofit,0.014048857246893157,0,-0.02564102564102564,0.15737009326244894,0.1445090238471682,0.7503468130102028
1569,126678,Colorado College,Private nonprofit,0.014014474490455307,0,0.037682524729156855,0.15960589187213675,-0.7200005487697533,0.9368273030303672
1570,420370,Career Technical Institute,For-profit,0.014001936291279582,1,0.18059299191374664,0.5344687782417512,0.1406038221821099,0.9173753656483008
1571,481289,Xavier College School of Nursing,For-profit,0.013966002771008727,0,0.08641975308641975,0.017824460477700248,0.0585565937134088,0.9143797684739889
1572,486026,Yeshiva Sholom Shachna,Private nonprofit,0.013942980808248854,0,0.13392857142857142,0.13872084143481533,0.2296118032635615,0.5594084856553899
1573,173142,Bethany Lutheran College,Private nonprofit,0.013909648981288245,0,0.12010796221322537,0.17354875663302588,-0.35891764239708834,0.4619020663013089
1574,209922,Reed College,Private nonprofit,0.01390749735309809,0,0.04282800815771584,0.17977334205380785,-0.6268768939372293,0.8304680391554738
1575,168148,Tufts University,Private nonprofit,0.013866913082508252,0,0.13074591682101364,0.286592853639937,-0.31386181056520973,0.6582414251846087
1576,195164,St Bonaventure University,Private nonprofit,0.013832975819249442,0,0.08236272878535773,0.13746558428936895,-0.015807793510888575,0.5037912955187411
1577,366003,South Florida Bible College and Theological Seminary,Private nonprofit,0.013790308200920233,0,0.02258064516129032,0.4332629426925602,-0.27632234083093266,0.8787363211849292
1578,157030,Kentucky Mountain Bible College,Private nonprofit,0.013735568159647663,0,0.08333333333333333,0.016878967068475387,0.2873504616565578,0.29813810234288
1579,201867,Cincinnati College of Mortuary Science,Private nonprofit,0.013719311632508285,0,0.09782608695652174,0.1401014659732048,0.13218260630124087,0.7255213283472937
1580,451404,Talmudical Seminary of Bobov,Private nonprofit,0.013717074332145349,0,0.09808612440191387,0.38754812322316473,0.27014001625543327,0.4400693012769014
1581,216940,Williamson College of the Trades,Private nonprofit,0.013701245108154955,0,0.13008130081300814,0.01659480898061899,0.770292306394654,0.0
1582,195526,Skidmore College,Private nonprofit,0.013670154141707783,0,0.03567405182125422,0.1889114255435983,-0.26815285643930065,0.7460600837232209
1583,155007,Donnelly College,Private nonprofit,0.013634167667992277,0,0.18151815181518152,0.5060628121839293,-0.3764068819790502,0.3500360689833146
1584,215770,Saint Joseph's University,Private nonprofit,0.013631963969168388,0,0.06778049443086118,0.3453869538047332,-0.19847459643501097,0.6767327108687248
1585,174507,Northwestern Health Sciences University,Private nonprofit,0.013566146041871797,0,-0.019961977186311788,0.27030965221846753,-0.13189311948086915,0.9161350324302563
1586,177117,Cottey College,Private nonprofit,0.013550595564575416,0,0.21484375,0.014091926137478637,-0.4003255896560396,0.1805008485645243
1587,227863,University of St Thomas,Private nonprofit,0.01351020150488434,0,0.04060324825986079,0.19653479421353343,-0.3577287410710223,0.7845413095510693
1588,142522,Brigham Young University-Idaho,Private nonprofit,0.013504066156870944,0,0.0990675692936518,0.07274780662769662,0.11797284197395415,0.3157464950315491
1589,206288,United Theological Seminary,Private nonprofit,0.013501917653323313,0,0.12530120481927712,0.13005572996648876,0.12249819759779208,0.3078782010890338
1590,175430,Blue Mountain Christian University,Private nonprofit,0.013476318526936263,0,0.12302070645554203,0.1661861220287508,-0.13258774869044396,0.3572599569698216
1591,444103,Byzantine Catholic Seminary of Saints Cyril and Methodius,Private nonprofit,0.013431515514694316,0,-0.027777777777777776,0.007220273073363436,-1.9716823808572745,1.1168692167552512
1592,487597,Universal Technical Institute-Southern California,For-profit,0.013416840032772484,0,0.4018604651162791,0.8417491493968451,0.06514480190072562,0.9795158286778398
1593,436614,International Baptist College and Seminary,Private nonprofit,0.013393648879318936,0,0.10810810810810811,0.023409947462291483,-0.14075482943589385,0.31228569926024613
1594,195058,Rockland Community College,Public,0.013383263890843976,0,-0.16227801592161667,2.5930047696427296,-0.131736608906197,0.20969912904389235
1595,154749,Bethel College-North Newton,Private nonprofit,0.013357983876843806,0,0.08991228070175439,0.06678871540555976,-0.10964197071934681,0.42501443522271576
1596,146612,Lewis University,Private nonprofit,0.013354322991625062,0,0.024217644283692403,0.3442463019514682,0.040623596657131354,0.8012788236092271
1597,444130,Northcentral University,Private nonprofit,0.013343332573366524,0,0.03163147108616234,0.40012165570851793,-0.3060504618381933,0.998728093776274
1598,233374,University of Richmond,Private nonprofit,0.013341133256270017,0,-0.009708737864077669,0.095670102759402,-1.9716823808572745,1.1168692167552512
1599,227757,Rice University,Private nonprofit,0.013324627257327335,0,0.19088162592694316,0.1390091917079897,-0.2903955482677586,0.37712805215098094
1600,491765,Yeshivas Emek Hatorah,Private nonprofit,0.013292254664801042,0,0.06896551724137931,0.06312987420659567,0.43568523155784267,0.36162321829905614
1601,164872,Boston Architectural College,Private nonprofit,0.013273237639120711,0,0.013568521031207599,0.4779540835628118,-0.09108844748811407,0.94503592807389
1602,421878,Eastern International College-Jersey City,For-profit,0.013229876137838045,0,0.15178571428571427,0.2144161677425472,0.37354575323243006,0.9181033206913354
1603,191515,Hamilton College,Private nonprofit,0.013226494034769542,0,0.02982107355864811,0.1192697692150621,-1.9716823808572745,1.1168692167552512
1604,200554,United Tribes Technical College,Private nonprofit,0.013212108049936406,0,0.16589861751152074,0.20732988649630774,0.20156005396950102,0.1617423911038636
1605,141486,Chaminade University of Honolulu,Private nonprofit,0.013186111209236788,0,0.09321642824180895,0.2723804064173905,0.02458933865920126,0.6067879510655945
1606,148496,Dominican University,Private nonprofit,0.01315905071663412,0,0.055133707494222514,0.2654330150184164,0.036440578292221894,0.6508282690720111
1607,230959,Middlebury College,Private nonprofit,0.01310760191239431,0,0.07000376364320662,0.2232469253490803,-0.13870308289993108,0.6717511122250768
1608,191083,Erie Community College,Public,0.013088845434725289,0,-0.2181238161698734,2.5930047696427296,0.06934014998727304,0.17274215631109124
1609,146481,Lake Forest College,Private nonprofit,0.013082951721310854,0,0.12227912932138284,0.20807680519396402,-0.011411664186446211,0.43367714706304894
1610,494737,Yeshiva Yesoda Hatorah Vetz Chaim,Private nonprofit,0.013068750275565458,0,0.22142857142857142,0.3614611618702843,0.19823730905564385,0.15630347803313377
1611,490504,Yeshiva Ohr Naftoli,Private nonprofit,0.013039352134698262,0,0.14285714285714285,0.27234310783417254,0.4188230504804285,0.3275172987303075
1612,454856,Denver College of Nursing,For-profit,0.012920909099420412,0,0.13389121338912133,0.05049258856269503,0.3844117071473715,0.983773596681193
1613,216357,Thiel College,Private nonprofit,0.012912705083482226,0,0.24417009602194786,0.41816935476605765,-0.10673666071994799,0.37436871719918446
1614,192448,Long Island University,Private nonprofit,0.012895647988520272,0,0.012286118615721086,0.28060961646338684,0.045675500184663084,0.8408813888066597
1615,439446,Atlantic Institute of Oriental Medicine,Private nonprofit,0.012870889858379466,0,0.0661764705882353,0.5453261905989073,-0.17126797002166877,0.8589270039565333
1616,366261,Commonwealth Institute of Funeral Service,Private nonprofit,0.012831001052121134,0,-0.038461538461538464,0.05726277392653328,0.4046479222980522,0.8199172062388624
1617,200484,Trinity Bible College and Graduate School,Private nonprofit,0.012796256625004635,0,0.14682539682539683,0.09017205629216185,0.3128001193750423,0.2026629848489914
1618,485546,California Intercontinental University,For-profit,0.012762251094821233,0,0.22815533980582525,0.5495114048748583,-0.12513143687758377,0.8481791054663352
1619,177834,A T Still University of Health Sciences,Private nonprofit,0.012755004807876408,0,-0.034742027482499355,0.29600808763597686,-0.04087631766501637,1.004788491867783
1620,140696,Oglethorpe University,Private nonprofit,0.012717692430907626,0,0.07653429602888087,0.09526395652692127,-0.0344084909279154,0.5483499541340535
1621,445869,Divine Mercy University,Private nonprofit,0.012703310273982383,0,0.19705882352941176,0.36032103071749966,-0.011182717299636208,0.553226192138603
1622,247649,Landmark College,Private nonprofit,0.012702731453677575,0,0.15555555555555556,0.3043810748585105,-0.11068593372938872,0.6856457067955121
1623,212601,Gannon University,Private nonprofit,0.012690956112254487,0,0.04972997299729973,0.37394939269967103,-0.06852679718411181,0.7935460664919582
1624,160065,University of Holy Cross,Private nonprofit,0.012685605452069827,0,0.016333938294010888,0.2746445395549359,-0.7422316054815803,1.1102947641489238
1625,223001,Austin Presbyterian Theological Seminary,Private nonprofit,0.012678525277998539,0,0.10256410256410256,0.007982943602673263,0.770292306394654,0.0
1626,154590,William Penn University,Private nonprofit,0.012674415540712455,0,0.17090620031796502,0.5936400019570529,0.044206432618958284,0.5209876399612824
1627,228194,South Texas College of Law Houston,Private nonprofit,0.012627879657065128,0,0.028717948717948718,0.11194005921767551,-6.137813677430872e-05,0.7770278275782481
1628,127060,University of Denver,Private nonprofit,0.012596045783954346,0,0.0620988322635527,0.1676056794067425,0.003966952559500575,0.6800802155293434
1629,156727,Frontier Nursing University,Private nonprofit,0.012540347252417705,0,0.04380867232901207,0.2310012614873565,0.07149158537709423,0.9829719478223957
1630,132657,Lynn University,Private nonprofit,0.012521728118333058,0,0.08407761010163227,0.37192291960621365,0.052105937595012156,0.7524375945332424
1631,197674,Yeshiva of Nitra Rabbinical College,Private nonprofit,0.012501526824081009,0,0.07079646017699115,0.2428358399753014,0.09465663280905505,0.6173959291996421
1632,190099,Colgate University,Private nonprofit,0.012500209100508624,0,0.04979946524064171,0.2020528916823715,-0.109107360507222,0.735260754088263
1633,170675,Lawrence Technological University,Private nonprofit,0.012488037016907875,0,0.04143258426966292,0.3857507753621972,-0.21799629710165586,0.8936846850593775
1634,214892,Penn Commercial Business/Technical School,For-profit,0.01248690038702844,0,0.27225130890052357,0.6670489145327044,-0.0012787806820109527,0.771227312904768
1635,216287,Swarthmore College,Private nonprofit,0.01248322071821072,0,0.01944792973651192,0.12891210897680616,-1.9716823808572745,1.1168692167552512
1636,469629,Oklahoma Technical College,Private nonprofit,0.012417828920811806,0,0.13953488372093023,0.8343819583725977,0.059880013526406685,0.7183976240222542
1637,117946,Loyola Marymount University,Private nonprofit,0.012404637229503145,0,0.034921604561189167,0.227833156647264,0.14622742370030364,0.7113145724427103
1638,212911,Haverford College,Private nonprofit,0.012403774128903044,0,0.07896735003796507,0.19150929180218185,-0.28549083279861637,0.668344959582201
1639,228866,Texas Chiropractic College Foundation Inc,Private nonprofit,0.012393068810292491,0,-0.03745318352059925,0.1942790336976165,-0.06805842254148647,0.9985338343972516
1640,169655,MIAT College of Technology,For-profit,0.01239060016349042,0,0.20425138632162662,0.41992825644892273,-0.13309930637793943,0.92141769582135
1641,120403,Otis College of Art and Design,Private nonprofit,0.012375113888565431,0,0.10904480135249366,0.3615796746225973,0.2560794775180833,0.6083382606069746
1642,122931,Santa Clara University,Private nonprofit,0.012367171503656812,0,0.05871496135655785,0.19619062497741774,-0.08027724778960588,0.7581597302191848
1643,209056,Lewis & Clark College,Private nonprofit,0.012314561143690365,0,0.11542041576171269,0.3028026462173271,0.22835725297515852,0.5324227916998123
1644,480790,Rocky Vista University,For-profit,0.012269148405781442,0,0.3382867132867133,0.3448883726829342,0.20324261931829082,0.9709889922898942
1645,169220,Michigan School of Psychology,Private nonprofit,0.012186424136142487,0,-0.03783783783783784,0.26696493364890733,0.13872244658721603,0.9785236853511776
1646,192961,St. Peter's Hospital College of Nursing,Private nonprofit,0.012180207220574129,0,0.09009009009009009,0.007220273073363436,0.2556930541681107,0.4051652210813084
1647,197708,Yeshiva University,Private nonprofit,0.01211425150139392,0,0.1304834795594549,0.5062727442238316,-0.46029327230724176,0.7404475005694081
1648,211440,Carnegie Mellon University,Private nonprofit,0.012106626035331037,0,0.12849083215796897,0.1921380124221407,0.09094416208442169,0.44570771309677015
1649,179317,Saint Paul School of Theology,Private nonprofit,0.012084891715434863,0,0.009900990099009901,0.020356386981198914,-1.9716823808572745,1.1168692167552512
1650,166717,William James College,Private nonprofit,0.012030417309991357,0,0.12688442211055276,0.47910959899936345,0.0007199749736119121,0.7363443742006873
1651,146816,Generations College,Private nonprofit,0.01202374128592519,0,0.09782608695652174,0.16871634037315508,0.18082792548108323,0.596727206850393
1652,141644,Hawaii Pacific University,Private nonprofit,0.011996903941321989,0,0.16930455635491606,0.6979969840019099,-0.09700101446560579,0.6773217921502999
1653,180984,Concordia University-Nebraska,Private nonprofit,0.01198301146225195,0,0.12726600073991862,0.13454109553990393,-0.11306311690320514,0.5479332256727275
1654,419244,Atlanta Institute of Music and Media,For-profit,0.011980688335409566,0,0.16822429906542055,0.2604281723581912,0.0033407364782821057,1.0
1655,449083,CBT Technology Institute-Main Campus,For-profit,0.011968049544337158,0,0.28662420382165604,0.2687468888412501,0.02021227641716955,0.9943445697617753
1656,216931,Wilkes University,Private nonprofit,0.01196194153343413,0,0.11260683760683761,0.432867066802648,0.0034107052893723767,0.7447230332509454
1657,115393,Hartnell College,Public,0.011915289214908127,0,-0.31726044226044225,1.0933662944549583,-0.01707719263212882,0.02312518842333957
1658,115083,Golden Gate University,Private nonprofit,0.01190181979908808,0,0.09416118421052631,0.3021991292044185,-0.03626585978888824,0.8661676606385672
1659,243115,University of Puerto Rico-Arecibo,Public,0.011896717166059141,0,-0.18279266572637518,2.5930047696427296,0.31810658998687397,0.062461049304885975
1660,175281,Mitchell Hamline School of Law,Private nonprofit,0.011890036617309065,0,0.02054794520547945,0.2855165893031903,-0.3323344554188847,0.9717667833256309
1661,224244,Dallas Christian College,Private nonprofit,0.011875928521255054,0,0.27319587628865977,0.5848193217877379,-0.03462618647817547,0.4670141016645407
1662,219790,Bryan College-Dayton,Private nonprofit,0.011831508928788004,0,0.14443676572218384,0.3512132725645066,0.03963770999869992,0.542072950379963
1663,407629,Lake Erie College of Osteopathic Medicine,Private nonprofit,0.011815464475970422,0,0.020132638559924206,0.06733847053455029,0.3324812298668602,0.9913190305019681
1664,492449,Pima Medical Institute-San Marcos,For-profit,0.011784072781564563,0,0.4513064133016627,1.5033674909639096,-0.1496987916446447,0.8128866493447602
1665,405854,Rabbinical College of Ohr Shimon Yisroel,Private nonprofit,0.011770064259081175,0,0.07239819004524888,0.06554314813130854,0.4189406701980741,0.597530750428518
1666,489937,Carolina University,Private nonprofit,0.011719343114395838,0,0.23652694610778444,0.7486062087369464,-0.16337821129912167,0.5260628181757219
1667,202903,Gods Bible School and College,Private nonprofit,0.01169769789388523,0,0.276657060518732,0.074850244349532,0.2914333549085227,0.17004565878159286
1668,137953,Trinity Baptist College,Private nonprofit,0.011682498844658272,0,0.01744186046511628,0.298529576365554,0.1902467243333811,0.8420060195775437
1669,140553,Morehouse College,Private nonprofit,0.0116569207786619,0,0.14700625558534405,0.044023889481559914,-0.30097273160167576,0.4276591169011592
1670,154101,Northwestern College,Private nonprofit,0.011643973828234106,0,0.16926345609065155,0.05024734134875733,-0.14377029980566508,0.5877413788343223
1671,440031,Keck Graduate Institute,Private nonprofit,0.011583711156528842,0,0.15172413793103448,0.3818762129582907,0.009124352802954167,0.5349770461244423
1672,237987,West Virginia Junior College-Charleston,For-profit,0.0115382372319577,0,0.2569832402234637,0.31498484561657836,0.13098236855205356,0.9263784974086324
1673,220181,Fisk University,Private nonprofit,0.011515211279541759,0,0.20709382151029748,0.10167526604687709,0.17433175405604667,0.19416751052354736
1674,439817,Northeastern Seminary,Private nonprofit,0.011514926912719152,0,0.12209302325581395,0.15887405944904887,0.052456224718306244,0.5875758292900871
1675,120698,Palo Alto University,Private nonprofit,0.011508113988777598,0,0.05023255813953489,0.37611739475867306,0.018425358235103904,0.9023586535713375
1676,126012,The Wright Institute,Private nonprofit,0.011489910164574837,0,0.06776180698151951,0.08850580072359296,0.013277215770513584,0.9263189307396967
1677,189501,Brooklyn Law School,Private nonprofit,0.011482880954880377,0,0.10401459854014598,0.2699360276868664,-1.3424277412963586,1.1168692167552512
1678,153001,Buena Vista University,Private nonprofit,0.01144683500902579,0,0.08705234159779614,0.1327441368759831,-0.37866247823440624,0.7362044386133331
1679,198695,High Point University,Private nonprofit,0.011436265228141567,0,0.12213883677298311,0.16978200440908436,0.32103580106870166,0.4561882950807106
1680,101365,Herzing University-Birmingham,Private nonprofit,0.01141194884660928,0,-0.013651877133105802,0.3019595166871381,0.16547774601086432,0.971914915170477
1681,177126,Covenant Theological Seminary,Private nonprofit,0.011396443607435471,0,0.16475095785440613,0.015718723093465524,-0.10186068628323856,0.34269224448646585
1682,486196,Beth Medrash Meor Yitzchok,Private nonprofit,0.011386581517652433,0,0.1524390243902439,0.1055540767202181,0.012245780964597646,0.35606287921468244
1683,183488,Eastwick College-Hackensack,For-profit,0.011365181027473659,0,0.27149321266968324,0.12612916425386672,0.1849250869232467,1.0
1684,183804,Beth Medrash Govoha,Private nonprofit,0.011364388980804047,0,0.19565859421145895,0.2482960016831828,0.2350523380203984,0.24432201039719292
1685,193478,Nassau Community College,Public,0.011361670242626824,0,-0.27951951951951953,2.1534800386082296,-0.009785050954273096,0.18990806534525084
1686,216816,Westminster Theological Seminary,Private nonprofit,0.011311184006156166,0,0.1937046004842615,0.07826476806076486,0.1551078969790456,0.24765042063053688
1687,139144,Berry College,Private nonprofit,0.011308880996051452,0,0.16027531956735497,0.08966322116741669,0.27008071865643385,0.19178125683863986
1688,461324,Meridian Institute of Surgical Assisting,For-profit,0.011283974845236243,0,0.2861788617886179,0.7895742598458781,0.10849803443190177,0.93892727211766
1689,210438,University of Western States,Private nonprofit,0.01127052332195289,0,-0.0009115770282588879,0.19052075509615518,0.08022081740700529,0.9740413272645534
1690,164580,Babson College,Private nonprofit,0.011261532762969161,0,0.19969924812030077,0.20119377138185215,0.05157811656211633,0.6026770684385291
1691,157216,Lindsey Wilson College,Private nonprofit,0.011257487256817127,0,0.21922037823234272,0.25638886574753933,-0.072764518846503,0.5550119493266836
1692,491446,Bnos Zion Of Bobov Seminary,Private nonprofit,0.011252805170178326,0,0.11971830985915492,0.19919383616378594,0.048913409369071396,0.5561915842811906
1693,367954,University of St. Augustine for Health Sciences,For-profit,0.011213507928324479,0,0.18355157362738342,0.21364793495193588,0.2666345197184904,1.0
1694,226231,LeTourneau University,Private nonprofit,0.011170039812137862,0,0.12253968253968255,0.0992649555810722,0.01941386958491108,0.6204876278182572
1695,156417,Clear Creek Baptist Bible College,Private nonprofit,0.011083789522009502,0,0.1951219512195122,0.007220273073363436,-0.9386964598695476,0.3113362146486847
1696,420024,Centura College-Chesapeake,For-profit,0.011056436377444958,0,0.3125,0.2612748275374365,-0.02166555717759957,0.999995889512564
1697,179043,Rockhurst University,Private nonprofit,0.011015072346448976,0,0.13879598662207357,0.2920726596112679,0.11275659168644053,0.5403097056392563
1698,183071,University of New Hampshire at Manchester,Public,0.011009308572531188,0,-0.2908366533864542,1.8932645410881892,-0.33069956409435286,0.7360142637828795
1699,114734,Franciscan School of Theology,Private nonprofit,0.010983150018174301,0,0.2222222222222222,0.06167680115141864,-0.805962042643713,0.4422915697562055
1700,181853,York University,Private nonprofit,0.010982608902279724,0,0.23471400394477318,0.2951333409311008,0.08874868721940046,0.28426856171263354
1701,144962,Elmhurst University,Private nonprofit,0.010948644028718845,0,0.08050970170865913,0.2803728361583441,0.13282051212476387,0.7157877536966787
1702,218821,Spartanburg Methodist College,Private nonprofit,0.010945503017458594,0,0.14040728831725616,0.1309886297341209,-0.3053397596935483,0.6086170835439194
1703,490106,Virginia University of Integrative Medicine,Private nonprofit,0.010930235473889842,0,0.15588235294117647,0.5546275877787885,0.04587514631989225,0.7676231119821045
1704,123952,Southern California Institute of Architecture,Private nonprofit,0.010912553066603032,0,0.02012072434607646,0.28062651501025543,-0.45343609505459215,1.1168692167552512
1705,238324,Bellin College,Private nonprofit,0.010890048349003534,0,0.15254237288135594,0.2485180521659581,-0.019412013606072948,0.53610158652798
1706,199263,Pamlico Community College,Public,0.010879269837195574,0,-0.4007285974499089,0.5806573304665829,0.21760924857857863,0.023737326589592826
1707,223816,Central Texas College,Public,0.010818147927671218,0,-0.5020037083557629,0.33099183705383756,-0.09657942126860593,0.32725980409269106
1708,110918,California Christian College,Private nonprofit,0.010799455403804616,1,0.18181818181818182,0.06591197674761971,-0.0052570134537347655,0.26311264426018527
1709,147536,National Louis University,Private nonprofit,0.010785764397379997,0,0.07423269093504639,0.2830266179806743,0.010056997474315458,0.7944070347801807
1710,160959,College of the Atlantic,Private nonprofit,0.010749777729704266,0,0.05555555555555555,0.11759341024106432,-1.2697841195578377,1.1168692167552512
1711,192712,Manhattan School of Music,Private nonprofit,0.010690368066568489,0,0.10505450941526263,0.2601238738304503,-0.00037249591898665384,0.7720169944002824
1712,447713,California Career College,For-profit,0.010683708190413144,0,0.28205128205128205,0.27423954320353594,0.5124144269785982,0.5124144269785982
1713,459213,Gurnick Academy of Medical Arts,For-profit,0.010644313465431654,0,0.30656219392752204,0.5503638536885411,0.21730503025212006,0.9337826195306911
1714,166869,MGH Institute of Health Professions,Private nonprofit,0.010643246683098972,0,0.12844036697247707,0.41615284618778997,-0.315300259135464,1.1079918879333008
1715,384254,Beacon College,Private nonprofit,0.010642482690566382,0,0.20432692307692307,0.6564365062688077,0.08001587386044465,0.5619433091169921
1716,210368,Western Seminary,Private nonprofit,0.01060320229046595,0,0.0849933598937583,0.19476520488830484,-0.10777640097152483,0.7739448555387163
1717,196051,SUNY Morrisville,Public,0.010593760961724989,0,-0.3516720604099245,0.9490447906701018,-0.08074271837731617,0.11378883391413301
1718,127653,Naropa University,Private nonprofit,0.010585592643327774,0,0.17809734513274336,0.567582046637124,-0.012791859167836518,0.6905134217683357
1719,229160,Texas Wesleyan University,Private nonprofit,0.010555123350361892,0,0.13268892794376097,0.1254587541845107,0.20047313439892028,0.4840260554222958
1720,105899,Arizona Christian University,Private nonprofit,0.010525770456474496,0,0.24367816091954023,0.5882695954435974,-0.07564217276064732,0.5031743163821346
1721,214023,ASPIRA City College,Private nonprofit,0.010516791057508775,0,0.5714285714285714,2.5930047696427296,-1.9716823808572745,0.5930431203046208
1722,112190,City College of San Francisco,Public,0.010494040421923083,0,-0.3398797103228182,0.9815563927447418,0.26088185473732206,0.045167715617621305
1723,140951,Savannah College of Art and Design,Private nonprofit,0.010442399599147965,0,0.10606469002695418,0.18883667166347368,0.2251739658338107,0.8179023074436763
1724,217633,Anderson University,Private nonprofit,0.010408858865917147,0,0.16313858312164833,0.392321027021575,-0.018977548395342513,0.7333060297434206
1725,144883,East-West University,Private nonprofit,0.010398440962811933,0,0.18344519015659955,0.18555740301080464,0.09587867788989698,0.38208036087791447
1726,449481,Dragon Rises College of Oriental Medicine,Private nonprofit,0.010397631590252041,0,0.125,0.06399568174608877,0.0536272767146056,0.5767566194972183
1727,245652,St. John's College,Private nonprofit,0.010390031293713452,0,0.209366391184573,0.1242780259085092,0.17874186652180354,0.20207423510124675
1728,179159,Saint Louis University,Private nonprofit,0.010362783296593523,0,0.23095554340182828,0.2852642159308546,-0.08037034871627813,0.29750455818727983
1729,121150,Pepperdine University,Private nonprofit,0.010358628539122774,0,0.13667271078875792,0.3412623622461449,-0.027503524570520556,0.745842302186853
1730,137847,The University of Tampa,Private nonprofit,0.010346270227336035,0,0.0974241794765268,0.28297005792469676,0.196193929608872,0.694142266289359
1731,436599,FINE Mortuary College,For-profit,0.010346245268841795,0,0.18,0.20768652902383605,0.22193508945931562,1.0
1732,123572,Sonoma State University,Public,0.010342023102783763,0,-0.2531788004951052,1.4317219969407995,0.29444544333683426,0.13724587081943107
1733,490045,Presbyterian Theological Seminary in America,Private nonprofit,0.010330256272164348,0,0.23563218390804597,0.40484072069491417,0.39434640069659344,0.360530221166794
1734,188207,Southwestern College,Private nonprofit,0.010305261972913635,0,0.10919540229885058,0.1016356659227403,-0.26643758531266803,1.017150291192496
1735,194578,Pratt Institute-Main,Private nonprofit,0.010299375909315138,0,0.08384296705464589,0.28295567004541716,0.08097264414119303,0.7819313570027604
1736,162061,Capitol Technology University,Private nonprofit,0.010209965338588088,0,0.11216216216216217,0.22064902904093675,0.035696818755247536,0.7571294764640865
1737,129242,Fairfield University,Private nonprofit,0.010192353815416185,0,0.1252570573939054,0.36342628931456983,-0.09313513722987453,0.764144044178111
1738,443076,Hood Theological Seminary,Private nonprofit,0.010175913851916749,0,0.140625,0.06872535594032493,-0.6706601899241567,0.6773684079074503
1739,491640,Yeshiva Gedolah Keren Hatorah,Private nonprofit,0.01014257082892891,0,0.2,0.47769479131924586,0.16146411308458758,0.5712610062831318
1740,118198,MTI College,For-profit,0.010132034114789735,0,0.25925925925925924,0.46370310314091223,0.3313374909298043,0.9764511197632685
1741,363633,Luna Community College,Public,0.010123693710861562,0,-0.2579098753595398,1.623483068009595,-0.29677414987257245,0.0448953703117592
1742,219198,Mount Marty University,Private nonprofit,0.010117524878877647,0,0.19351763584366063,0.389943983570758,-0.2533980702791601,0.6262446989238855
1743,377546,Northwest College of Art & Design,For-profit,0.010084190693098226,0,0.25263157894736843,0.3606654866103172,0.13457947158504013,0.8596486459198969
1744,476601,Bais HaMedrash and Mesivta of Baltimore,Private nonprofit,0.010030524409116464,0,0.19444444444444445,0.4832450874140293,0.13661090527199435,0.6201280093237407
1745,166045,Hebrew College,Private nonprofit,0.010016343358290334,0,0.2694610778443114,0.3111499185700647,0.3801112310180953,0.22988636167629464
1746,233541,Shenandoah University,Private nonprofit,0.010012536608497859,0,0.12371405961487734,0.37101484457663936,0.022590866712051825,0.7482193751806665
1747,455099,Urshan Graduate School of Theology,Private nonprofit,0.009991603126720467,0,0.27058823529411763,0.38581244776850154,0.11638944753909669,0.2634510407488425
1748,141185,Toccoa Falls College,Private nonprofit,0.009978379962493924,0,0.11620294599018004,0.1469068022660661,0.1073880462837002,0.6319022151081565
1749,188182,University of the Southwest,Private nonprofit,0.009962167857723437,0,0.21828571428571428,0.06918425776578847,0.04062664765549309,0.6050041320610994
1750,233602,Southeastern Free Will Baptist Bible College,Private nonprofit,0.009953057539996982,0,0.2542372881355932,0.11408893990446921,0.08525754633782257,0.1925063225374105
1751,190956,Belanger School of Nursing,Private nonprofit,0.009896512910135108,0,0.07633587786259542,0.01027624473574217,-1.8023527407808402,1.1168692167552512
1752,433387,Western Governors University,Private nonprofit,0.00988282772078813,0,0.15275563945673173,0.4877840507002894,0.012351594258643067,0.962169509800133
1753,130253,Sacred Heart University,Private nonprofit,0.009880633232342173,0,0.17092616863259066,0.4745058949667768,0.14826563728939043,0.7302471916463373
1754,441131,The Seattle School of Theology & Psychology,Private nonprofit,0.009805691775845596,0,0.09689922480620156,0.0976906119238091,0.02829547381743617,0.7120160922214545
1755,243212,University of Puerto Rico at Ponce,Public,0.009799956368179909,0,-0.12559055118110235,2.5930047696427296,0.3312356849656003,0.058718474798131255
1756,449384,Gnomon,For-profit,0.009756344210309182,0,0.3508771929824561,0.6320045898677485,-0.016528144593469844,1.0
1757,105534,Pima Medical Institute-Tucson,For-profit,0.009747971962557955,0,0.340756084930088,0.05920949987773329,0.15529055720823107,0.8134143376059513
1758,173328,Concordia University-Saint Paul,Private nonprofit,0.009742739282632043,0,0.07922912205567452,0.1769715428840647,-0.009617358533184333,0.8268664342474017
1759,150251,College of Court Reporting Inc,For-profit,0.009740539059442947,0,0.18471337579617833,0.0775499775620973,-0.05422285067659837,1.0
1760,123970,Southwestern Law School,Private nonprofit,0.009726549655676575,0,0.13186813186813187,0.21911980070088888,-0.11605846279013174,1.0062538209448348
1761,155414,Kansas Wesleyan University,Private nonprofit,0.009677830953512233,0,0.19972067039106145,0.0628892796567794,-0.009216557297595376,0.4191548347530511
1762,243081,Ponce Health Sciences University,For-profit,0.009661276156240638,0,0.3993174061433447,0.49644058268558644,0.19704004434663824,0.742893435696016
1763,207582,Oral Roberts University,Private nonprofit,0.009622379042114994,0,0.2141826923076923,0.16569244809882314,0.2746419127839333,0.30826158439508194
1764,483018,Antioch College,Private nonprofit,0.009598305875030546,0,0.3368421052631579,0.06197863267525562,-1.0966671650785111,0.16329681402125187
1765,119605,National University,Private nonprofit,0.009585809825724014,0,0.1176364727054589,0.10543382254265732,-1.9716823808572745,1.1168692167552512
1766,146603,Lewis and Clark Community College,Public,0.009508774068130459,0,-0.3804771557773273,0.5362032264792624,0.23614926333186648,0.05945973390808696
1767,165662,Emerson College,Private nonprofit,0.009506497420744473,0,0.1949290060851927,0.5394932009404759,-0.04654612323390019,0.7660977448603706
1768,203155,Hocking College,Public,0.00948372685243114,0,-0.44400113992590484,0.4618144258733667,0.14747384726905965,0.301123108700182
1769,207324,Oklahoma Christian University,Private nonprofit,0.009481829587572623,0,0.22916666666666666,0.41743737351174626,0.11960011079841124,0.41915582753522806
1770,161086,Colby College,Private nonprofit,0.00945890382618195,0,0.14777833250124814,0.18199385335557697,-0.9116426289229299,0.852936785213055
1771,457271,Academy for Jewish Religion-California,Private nonprofit,0.009414558681814157,0,0.13333333333333333,0.29982812045127355,-0.014655992996178044,0.8098086544278732
1772,205957,Franciscan University of Steubenville,Private nonprofit,0.009392924046297726,0,0.20302731161566304,0.20767364389221873,0.2394103780383758,0.38790300643714165
1773,439190,Cascadia College,Public,0.009391415072517322,0,-0.455565397106584,0.4194497931534106,-0.16753375652444152,0.2921203888930228
1774,487658,Academy of Interactive Entertainment,Private nonprofit,0.009384600266835592,0,0.06818181818181818,0.022655964709834796,0.032138830628449536,0.8567804363430499
1775,385415,Albert Einstein College of Medicine,Private nonprofit,0.009301867329529517,0,0.35446985446985446,0.5388384413852589,-0.0003083644167266357,0.08632680646545773
1776,212674,Gettysburg College,Private nonprofit,0.009271723018208456,0,0.2042194092827004,0.1917884534003944,-0.012730831238916983,0.4588623446016565
1777,126669,Colorado Christian University,Private nonprofit,0.009259816554022767,0,0.18149466192170818,0.32748765705546,-0.017203563532132607,0.6739322920792448
1778,241331,Albizu University-San Juan,Private nonprofit,0.009256481821648255,0,0.18221153846153845,0.2679037039981367,-0.15021177138873432,0.6471231873807193
1779,110538,California State University-Chico,Public,0.009247229089669982,0,-0.17106954997077733,1.861513057099435,0.026267306366126647,0.1871645320151471
1780,199883,Watts School of Nursing,Private nonprofit,0.009237124014344372,0,0.13194444444444445,0.0887564001830474,0.017784181907409692,0.9362610294882067
1781,457226,Horizon University,Private nonprofit,0.009217931487396497,0,0.13953488372093023,0.012911122349671272,0.1774871106453823,0.5608101614308346
1782,157021,American National University-Pikeville,For-profit,0.009211531030025286,0,0.4230769230769231,0.04081343624049837,0.1764800359674108,0.8319299734095511
1783,494436,Fortis Institute-Cookeville,For-profit,0.009181474336876997,0,0.22406639004149378,0.2108329343650838,0.005569023209233495,0.9999254481498094
1784,177986,Logan University,Private nonprofit,0.00917963518201833,0,0.04266826923076923,0.05217571323847638,-0.22681237099427917,1.102748185698517
1785,201654,Cedarville University,Private nonprofit,0.009162645219813817,0,0.15295211529521152,0.09306841746736726,0.13582662632824208,0.5849197772226283
1786,215682,Rosedale Technical College,Private nonprofit,0.009152113738333011,0,0.15193370165745856,0.4469933353333677,0.10584367983242754,0.7518638538886798
1787,127945,Rocky Mountain College of Art and Design,For-profit,0.009113166066879043,0,0.40990371389270974,0.6502551755495667,0.03904658297378988,0.9959838630666038
1788,243133,University of Puerto Rico-Bayamon,Public,0.009089814048633568,0,-0.23241046482092964,1.6944811377355606,0.34041079813189984,0.05542843852103289
1789,192165,Kehilath Yakov Rabbinical Seminary,Private nonprofit,0.009052499121727156,0,0.24666666666666667,0.059377287736000026,0.26510079542730314,0.04374277771941591
1790,369002,Massachusetts School of Law,Private nonprofit,0.009027553748771868,0,0.04240282685512368,0.008945807342796423,-0.27375869406683767,1.09765534826294
1791,218681,University of South Carolina-Salkehatchie,Public,0.009007262967392203,0,-0.22717842323651452,1.7745404301180845,0.14615282677077965,0.09061647837034244
1792,151290,Indiana Institute of Technology,Private nonprofit,0.008956523175341858,0,0.16734143049932523,0.14017843808070682,-0.07272799765756499,0.6311350177464273
1793,107071,Henderson State University,Public,0.008906961113716102,0,-0.3760217983651226,0.6954822697076779,0.162098268737197,0.13911706769133853
1794,445027,American InterContinental University,For-profit,0.008890149779148223,0,0.44021302250803857,0.31575664250963636,0.07208395987469587,0.9949150075966241
1795,220631,Lincoln Memorial University,Private nonprofit,0.008864947978036374,0,0.11321142387507704,0.33907712885178065,0.17056684540270714,0.933574334136336
1796,179812,Kansas City University,Private nonprofit,0.008862207088121144,0,0.0315955766192733,0.17227259876964626,0.09495846533266736,1.0247789622970889
1797,476939,FVI School of Nursing and Technology,For-profit,0.008844733637491,0,0.29904761904761906,0.3511612777525923,0.026957247885729715,0.9157768954224115
1798,441487,Texas County Technical College,For-profit,0.008834923755521558,0,0.25925925925925924,0.21830642412280618,0.12923612751232583,1.0
1799,444413,Beis Medrash Heichal Dovid,Private nonprofit,0.008824993342464343,0,0.15492957746478872,0.08545225123389041,0.0163613888805856,0.6398422531182761
1800,117274,Lassen Community College,Public,0.008812412703380765,0,-0.32937450514647665,0.8947500153006184,0.07189141775653972,0.048657271073779075
1801,176479,William Carey University,Private nonprofit,0.008777276030511224,0,0.12341269841269842,0.2064170728949599,-0.02379375682506972,0.8050584486852659
1802,476717,Be'er Yaakov Talmudic Seminary,Private nonprofit,0.008711821859402757,0,0.09433962264150944,0.020017075913975897,0.1659666155395291,0.7418520609111109
1803,153977,Mercy College of Health Sciences,Private nonprofit,0.008706931714375478,0,0.1459119496855346,0.11977525729888679,0.039195385298032834,0.9734604841492875
1804,142832,Adler University,Private nonprofit,0.008650839468100127,0,0.1816431322207959,0.5554266816084348,0.005280566856305494,0.9424832993236736
1805,197601,Yeshiva Karlin Stolin,Private nonprofit,0.008637223233953625,0,0.1937984496124031,0.16869271482707743,0.19614187548714823,0.5299377346150745
1806,115755,California State Polytechnic University-Humboldt,Public,0.008619022635491951,0,-0.16086350974930363,1.6887939745246516,0.2902433776599764,0.08305821509950029
1807,153250,Dordt University,Private nonprofit,0.008612769637514249,0,0.20297349709114415,0.0831302359141768,0.07497273455447181,0.44616129957143025
1808,483975,Alabama College of Osteopathic Medicine,Private nonprofit,0.00859935181646721,0,0.15303030303030302,0.16979117353512674,0.24903663542002275,0.8687336877782452
1809,139621,East Georgia State College,Public,0.008595711966077012,0,-0.3166727471725648,0.743182703880376,-0.01935428558056472,0.09611135442788821
1810,195438,Sh'or Yoshuv Rabbinical College,Private nonprofit,0.008584368908899104,0,0.3216374269005848,0.3715910884580757,-0.0251097342739756,0.3333826423479716
1811,493707,Yeshiva Gedolah of Woodlake Village,Private nonprofit,0.008573011825577587,0,0.26153846153846155,0.4950915402194149,-0.0008073761960286323,0.5331918612573497
1812,123484,College of the Siskiyous,Public,0.008552769745341563,0,-0.31629755820556504,1.0588477237048666,0.24767597068531744,0.04446445451930526
1813,190691,CUNY York College,Public,0.00854604664580609,0,-0.22682019911239054,1.662139542258631,0.025510675252259946,0.08625797782431481
1814,488572,California Health Sciences University,For-profit,0.008526366791293129,0,0.5038461538461538,0.6413250688148442,-0.9172803092370908,0.9701233291914534
1815,203599,Lakeland Community College,Public,0.008511350505972749,0,-0.3029571514785757,0.8944316913114938,0.09481664754970219,0.1311643469752199
1816,208406,Clackamas Community College,Public,0.00850321112357651,0,-0.2602870813397129,1.0528207604091717,0.02315664840828489,0.14584765038968944
1817,177038,Cleveland University-Kansas City,Private nonprofit,0.008493178303420022,0,0.04067796610169491,0.09285013527379941,-0.16099732143158246,1.0867439834914099
1818,482699,South Georgia State College,Public,0.008473733226751538,0,-0.23572037510656438,1.0940446358153728,0.09671713931088835,0.06252030605438937
1819,366401,Las Positas College,Public,0.008467852650079781,0,-0.22765908568803125,1.1965599175526955,0.2301569513624532,0.042944353510454565
1820,210155,Southwestern Oregon Community College,Public,0.008442363785438504,0,-0.29712615684364346,0.8676861641057978,0.06397530866781782,0.11040523866594151
1821,243221,University of Puerto Rico-Rio Piedras,Public,0.008419315089772167,0,-0.16380687738798194,2.4990619575304676,0.33235456535961516,0.0857899052088407
1822,459842,Herzing University-Kenosha,Private nonprofit,0.00839744132526467,0,0.06060606060606061,0.11012406447133125,0.07083977016818246,0.9610290820445365
1823,156541,University of the Cumberlands,Private nonprofit,0.008378371190125421,0,0.06406931510078981,0.06338514139700212,0.19626011526172354,1.045585569439482
1824,121257,Pitzer College,Private nonprofit,0.008364781587916757,0,0.11602209944751381,0.2900582078964195,-0.039265883660685,0.9956580064385687
1825,110574,California State University-East Bay,Public,0.008339927201377141,0,-0.14884213147410358,1.8539026220993986,0.17370613720673034,0.19729958463595257
1826,233718,Sweet Briar College,Private nonprofit,0.00832234747132163,0,0.2994350282485876,0.09905924735863492,-0.5270360510412386,0.2010037666272819
1827,243197,University of Puerto Rico-Mayaguez,Public,0.008305763580669638,0,-0.14605527250270187,2.5930047696427296,0.33660992134343726,0.062248428912128534
1828,488004,Central Yeshiva Beth Joseph,Private nonprofit,0.008303551642722099,0,0.3333333333333333,0.017125327115127327,-0.1062488405150564,0.1360420969816474
1829,201061,Art Academy of Cincinnati,Private nonprofit,0.00825796643888276,0,0.2009132420091324,0.09236974637765333,-0.13048649936602758,0.7876891918340949
1830,153320,Faith Baptist Bible College and Theological Seminary,Private nonprofit,0.008252932954773131,0,0.23756906077348067,0.07351771825774048,-0.40293704361912663,0.43514046195917633
1831,112385,Coastline Community College,Public,0.008229561732946453,0,-0.25364997227869157,0.9573505636989958,0.11585938752763639,0.058522902102953384
1832,486053,Bethlehem College & Seminary,Private nonprofit,0.00822369070200114,0,0.2604166666666667,0.07125157024084594,-0.18909455509639023,0.2949393694793801
1833,490081,America Evangelical University,Private nonprofit,0.00821698760431513,0,0.18518518518518517,0.22772785458922168,0.007003648124576061,0.672264160833553
1834,439899,Rosedale Bible College,Private nonprofit,0.008179104084504894,0,0.35,0.1365074548804564,0.5912872985610529,0.04704394287144502
1835,219842,Pentecostal Theological Seminary,Private nonprofit,0.008176535506369154,0,0.24175824175824176,0.06076784987181838,0.022831717082032587,0.42231579183174356
1836,132842,Albizu University-Miami,Private nonprofit,0.008166220760738634,0,0.2,0.2684893886691413,0.002838027089227288,0.8726867795744313
1837,115001,Glendale Community College,Public,0.008150749899762829,0,-0.21540047114252062,1.1245563982502436,0.015848306170036883,0.0390862793040118
1838,114433,Feather River Community College District,Public,0.008146507627523782,0,-0.32798833819241985,0.5144385824228174,0.15068798885831744,0.02794005973792323
1839,194763,Rabbinical Seminary of America,Private nonprofit,0.008132300845566414,0,0.27155172413793105,0.195008986959365,0.21001840990652443,0.227295890689717
1840,111920,Chabot College,Public,0.008126677686216277,0,-0.20603461026475373,1.1965599184233815,0.230156945735599,0.04294435138007859
1841,186900,Talmudical Academy-New Jersey,Private nonprofit,0.008125844331374395,0,0.21666666666666667,0.06623305676115636,0.25011159878621675,0.47785600012803137
1842,108870,American Film Institute Conservatory,Private nonprofit,0.008061291267268348,0,0.26646706586826346,0.11353581185558043,-0.18478974137279686,0.4601506202408784
1843,196200,SUNY College at Potsdam,Public,0.00805194772481067,0,-0.27313566936208444,1.1017207240069882,-0.058215676811872355,0.0911612662722848
1844,190558,College of Staten Island CUNY,Public,0.008005412784775994,0,-0.1982475355969332,1.6596143843297777,-0.02613580222203508,0.13126262172490236
1845,155627,Ottawa University-Ottawa,Private nonprofit,0.008002299583325835,0,0.3036935704514364,0.812932366810824,-0.018068299863698973,0.6383386419133477
1846,377458,Centura College-Norfolk,For-profit,0.007975953288762596,0,0.3393939393939394,0.24627802312145994,0.0644441649847117,0.9999958427477774
1847,384306,Acupuncture and Integrative Medicine College-Berkeley,Private nonprofit,0.007970020666683722,0,0.24731182795698925,0.6879659385123795,-0.053277306818459436,0.7589734444091564
1848,200873,Allegheny Wesleyan College,Private nonprofit,0.007965486722420792,0,0.2647058823529412,0.00956881666538874,0.38139485828233416,0.07822827667635852
1849,194116,New York School of Interior Design,Private nonprofit,0.007952775884467954,0,0.07653061224489796,0.09287001264259864,-0.3905269247793008,1.1168692167552512
1850,457299,Angeles College,For-profit,0.007948210804600852,0,0.38202247191011235,0.7977257763485796,0.006008113110441234,0.9769891071696862
1851,217934,Columbia College,Private nonprofit,0.007941629452427414,0,0.2180209171359614,0.33883079644687614,-0.2622826243467981,0.75257436332212
1852,120971,Palomar College,Public,0.007922287948214028,0,-0.26049258607690373,1.2032270413527626,0.13241388318436495,0.04422294228289439
1853,131520,Howard University,Private nonprofit,0.007835756645516641,0,0.3709969145653793,0.505390267647926,0.12337192090315452,0.17126081844837598
1854,198491,Edgecombe Community College,Public,0.007822948135638986,0,-0.31039915966386555,0.5834162130190592,0.2724657152712091,0.024431844854823047
1855,129534,Holy Apostles College and Seminary,Private nonprofit,0.007782921553371767,0,0.19237147595356552,0.03632488992006852,0.08379989120864127,0.6514336206269001
1856,193052,Mesivta Torah Vodaath Rabbinical Seminary,Private nonprofit,0.007773394991012873,0,0.35555555555555557,0.2989851521806129,0.3344220779631125,0.1087172296167244
1857,164915,Boston Graduate School of Psychoanalysis Inc,Private nonprofit,0.007761477216925401,0,0.19230769230769232,0.26245510374695924,0.05355500306949291,0.9938844687737732
1858,119331,Napa Valley College,Public,0.007740166111429947,0,-0.23639455782312926,1.2935273891551806,0.07809911922956286,0.03003628828164353
1859,190664,CUNY Queens College,Public,0.007709871260488863,0,-0.14666465893690708,1.589035142599537,0.0058473861575701015,0.14918387688574233
1860,232557,Liberty University,Private nonprofit,0.00764167506781383,0,0.12996284439043768,0.11881357843554276,0.08216742888214995,0.9396152381285832
1861,190530,CUNY Bronx Community College,Public,0.007623622653035052,0,-0.33117529880478086,0.5436016764608891,0.21428139854439357,0.009507413511301065
1862,128179,Intellitec College-Colorado Springs,For-profit,0.007603793901969383,0,0.333976833976834,0.3915685759436932,0.15228569122571348,0.995284521733394
1863,443599,American College of Healthcare Sciences,For-profit,0.007591761668681252,0,0.3804195804195804,0.10637290246721898,0.3130316442747315,0.9994540643429575
1864,456542,Geisinger Commonwealth School of Medicine,Private nonprofit,0.007558801446560421,0,0.2553191489361702,0.31453579188102987,0.12818606446084288,0.6209224605620136
1865,218955,Williamsburg Technical College,Public,0.007528714019385321,0,-0.19110576923076922,1.1306578884453398,0.03725534937526817,0.04598783588527555
1866,164748,Berklee College of Music,Private nonprofit,0.0075086375496469055,0,0.1833119017002429,0.45557986206461754,-0.1334545864210679,0.9265049735703119
1867,190628,CUNY LaGuardia Community College,Public,0.007483045012136645,0,-0.2959310158986796,0.7026393486972892,0.014793393891343666,0.04379539835305967
1868,451103,Miami Regional University,For-profit,0.0074742782924317646,0,0.3217821782178218,0.056009991783935294,0.3721311942981261,0.8678557301096351
1869,385619,Everglades University,Private nonprofit,0.00745680831827639,0,0.24714828897338403,0.1530775939203856,0.21428436340062232,0.9143875551288827
1870,190521,CUNY Borough of Manhattan Community College,Public,0.0074365918942613934,0,-0.31592156862745097,0.47375008806824825,0.19500144284744994,0.034364811571511535
1871,213233,Johnson College,Private nonprofit,0.007433057175076228,0,0.22083333333333333,0.06590626788735345,0.25784759500516796,0.6257632960281683
1872,220464,John A Gupton College,Private nonprofit,0.007422786524030857,0,0.1951219512195122,0.040563908091655956,0.24639268741478138,0.7887102935586541
1873,148007,Prairie State College,Public,0.00742145120133361,0,-0.3026281550871715,0.5235117805819642,0.04028429646881681,0.07115098083846008
1874,450401,Clary Sage College,Private nonprofit,0.007413228303503996,0,0.26443768996960487,0.8343819583725977,0.059880013526406685,0.8059569530158653
1875,210605,Community College of Allegheny County,Public,0.007391341963404457,0,-0.3470775372715364,0.4297982098471978,0.10668524134305378,0.15486589464229966
1876,366395,Suffolk County Community College,Public,0.007387982206203115,0,-0.20673801030519223,1.6302368583279936,-0.07355002316026939,0.21785463538324437
1877,191612,Herkimer County Community College,Public,0.007387144865513456,0,-0.15275459098497496,1.5189698066968553,0.048241640735898456,0.16757373575569715
1878,153621,Iowa Wesleyan University,Private nonprofit,0.007382536090113238,1,0.4003215434083601,0.8797395888099023,-0.09288256447943814,0.46061976936330973
1879,193061,Mesivta of Eastern Parkway-Yeshiva Zichron Meilech,Private nonprofit,0.007373524367835705,0,0.3055555555555556,0.14814888715479374,0.1360420680498541,0.3090957515880861
1880,110486,California State University-Bakersfield,Public,0.007361410348208627,0,-0.16633422946838955,1.8104840696862656,0.10282481587602137,0.13909077794430025
1881,433004,American University of Health Sciences,For-profit,0.007350573097610756,0,0.328125,0.4238160426389199,0.06196737848482169,0.9842422772150345
1882,218742,University of South Carolina-Upstate,Public,0.007324871606769045,0,-0.22114774889029803,1.2488819417498331,0.22050994327437864,0.21346208955654158
1883,446604,Uta Mesivta of Kiryas Joel,Private nonprofit,0.007299857781905724,0,0.2847222222222222,0.02718449981761464,0.22325304661439518,0.7133462189275653
1884,243203,University of Puerto Rico-Medical Sciences,Public,0.00728094099752531,0,-0.07838695061169007,2.2797975801492956,0.3366472391665676,0.07055768329134653
1885,140562,Morehouse School of Medicine,Private nonprofit,0.007268536005154545,0,0.4727272727272727,0.22895937835706703,0.10450809943613784,0.07682529123445836
1886,209250,Mt Hood Community College,Public,0.007262723329303687,0,-0.19442583411496717,1.531437501044574,0.139497076721155,0.08610995107982342
1887,363712,Yeshivah Gedolah Rabbinical College,Private nonprofit,0.0072278872567046425,0,0.4666666666666667,0.7217721263618578,0.3286439099002456,0.18871828300274343
1888,434061,South Louisiana Community College,Public,0.007217290223790579,0,-0.15243356225739027,1.5445287495155955,0.1285437741226987,0.19323973429088845
1889,453792,Ohio Medical Career College,For-profit,0.007209611590847861,0,0.4473684210526316,0.007220273073363436,0.1843314783009527,1.0
1890,143233,Bethany Theological Seminary,Private nonprofit,0.007208499044749516,0,0.27419354838709675,0.016296963847957757,0.770292306394654,0.0
1891,234164,Virginia Union University,Private nonprofit,0.007184708722248274,0,0.28187456926257753,0.13392508231788813,-0.12067993981951869,0.40499633392951245
1892,190673,CUNY Queensborough Community College,Public,0.007174758200191845,0,-0.31791948699679373,0.6595537129943913,0.01679883278763595,0.07261001316672258
1893,188535,Albany Law School,Private nonprofit,0.007157937243790028,0,0.20411985018726592,0.13035553177005746,-1.9716823808572745,1.1168692167552512
1894,117751,The Master's University and Seminary,Private nonprofit,0.00713719498999101,0,0.29910269192422734,0.30692800001606374,0.18601711455311004,0.4044519117857798
1895,167288,Massachusetts College of Liberal Arts,Public,0.0071241395131113544,0,-0.37757133377571334,0.3257217194267444,0.007055106370214853,0.12107276145092631
1896,186867,Stevens Institute of Technology,Private nonprofit,0.007121878872323855,0,0.27886859810517645,0.44761471112709006,0.09516279891660345,0.7021603950924208
1897,176664,Baptist Bible College,Private nonprofit,0.007113463772944689,0,0.34210526315789475,0.5273271393628474,0.06442507516101773,0.35733844534440135
1898,215239,Community College of Philadelphia,Public,0.007092943567572871,0,-0.2725681420355089,0.9365965357384173,0.11428499094665791,0.11429794945241911
1899,128780,Charter Oak State College,Public,0.007080558814490341,0,-0.00558659217877095,2.5930047696427296,-0.06742920042067423,0.38229405392245874
1900,190585,CUNY Hostos Community College,Public,0.0070794476240989635,0,-0.3112359550561798,0.459891860732894,0.09919796535739407,0.0283729734871339
1901,126049,Thomas Jefferson School of Law,Private nonprofit,0.007073384249027325,0,0.2374429223744292,0.3935614249629176,0.07821787107943606,0.963226312297875
1902,193946,Niagara County Community College,Public,0.0070694095091760325,0,-0.23193916349809887,0.9980976093249265,0.29451205065773434,0.14768334122181384
1903,112172,Citrus College,Public,0.00702895771812554,0,-0.2402894135567403,0.785798592963945,0.18896448652801978,0.03494577435652434
1904,193070,Mesivtha Tifereth Jerusalem of America,Private nonprofit,0.007028277955487664,0,0.2857142857142857,0.015198143589158332,0.3023126515590365,0.23108759465111192
1905,112686,Compton College,Public,0.007018772262257448,0,-0.29131944444444446,0.743831641833277,0.17751458410011536,0.01144366362555212
1906,209746,Portland Community College,Public,0.00700470104668402,0,-0.298372513562387,0.5916977368612096,0.17649632775842133,0.1331027884250995
1907,409616,Roger Williams University School of Law,Private nonprofit,0.006998781892157143,0,0.13347022587268995,0.06351526990987626,-0.11352001478260196,1.0131010150511217
1908,229504,Vernon College,Public,0.006996420728034608,0,-0.23242320819112627,0.9362919616475335,0.042554188393469757,0.16137152858284395
1909,209065,Linfield University,Private nonprofit,0.00698136212774479,0,0.24045261669024046,0.23464366314090732,-0.3862432231665486,0.7932703988374804
1910,430670,San Juan Bautista School of Medicine,Private nonprofit,0.006977130790864527,0,0.23333333333333334,0.056399971869898646,0.20731858503474349,0.5221960138313139
1911,439871,PCI College,For-profit,0.006960580729349051,0,0.5964912280701754,0.9143174586199023,0.6546990496304118,1.0
1912,485519,Lionel University,For-profit,0.006952125682665942,0,0.34564643799472294,0.315507717113661,-0.12971492936625992,0.9237823161794935
1913,129941,University of New Haven,Private nonprofit,0.006930912563087059,0,0.2982481966730458,0.42843354832245967,-0.0268136204403251,0.6797866515376135
1914,220996,Middle Tennessee School of Anesthesia Inc,Private nonprofit,0.006896244329454084,0,0.12595419847328243,0.12580193414787177,0.2047631540681642,0.8989489934347374
1915,490276,Yeshiva Shaar Ephraim,Private nonprofit,0.006893149458317291,0,0.32323232323232326,0.37215164174458826,-0.04144739505138714,0.4916069918456668
1916,216010,Shippensburg University of Pennsylvania,Public,0.00687229486366512,0,-0.15154503616042078,1.4913163275219161,0.08188312225289338,0.28593995109900977
1917,190637,CUNY Lehman College,Public,0.006869357486607107,0,-0.14052697616060225,1.341595364507332,0.10858426547012104,0.10790623249114578
1918,240754,University of Guam,Public,0.006855166966319942,0,-0.16867808026943587,1.5741803082787997,0.10536287360406459,0.09252716969338107
1919,189097,Barnard College,Private nonprofit,0.006799701378948368,0,0.3082478145191942,0.3025437980243785,0.11404482776429273,0.5689373203188212
1920,196130,SUNY Buffalo State University,Public,0.0067901681740081075,0,-0.2556017556017556,0.8745969222102468,-0.015476652048693935,0.11614112977012013
1921,233277,Radford University,Public,0.006787715874862878,0,-0.3497893850042123,0.3559141205801313,0.15377903881288302,0.20359502755276432
1922,433420,California Aeronautical University,For-profit,0.006780424110234675,0,0.44782608695652176,0.6918553102928765,0.052904610052144384,0.7859968656621943
1923,236692,Spokane Community College,Public,0.00676956852092,0,-0.3641075794621027,0.31018168783427746,0.12342641830309277,0.12485914128000355
1924,124706,Concorde Career College-San Bernardino,For-profit,0.006764506575349309,0,0.4423076923076923,0.4384091327563985,0.20818274803954995,0.7357654278895329
1925,172705,Western Theological Seminary,Private nonprofit,0.006739645286201016,0,0.3447204968944099,0.03553640223828192,-1.0931461928705175,0.32155283033145443
1926,195322,Schenectady County Community College,Public,0.00672708649289758,0,-0.2271766694843618,0.8728534643328093,0.08826717862022088,0.12423981041798356
1927,196219,SUNY at Purchase College,Public,0.006726443816052726,0,-0.23454414241039212,0.8379432477304268,-0.03678292747554782,0.15330126943726688
1928,441104,Richmont Graduate University,Private nonprofit,0.00670060651978361,0,0.2846441947565543,0.08577857895904233,-0.012118203568125598,0.5762442731216936
1929,393649,UEI College-Gardena,For-profit,0.006700348496748668,0,0.3515215110178384,0.23910242051930228,0.4520858346036953,0.9999928941316412
1930,418533,Lancaster County Career and Technology Center,Public,0.006668295635311184,0,-0.2822822822822823,1.0488694520397532,0.46446444776076756,0.266639183148874
1931,166489,Longy School of Music of Bard College,Private nonprofit,0.006633499842304697,0,0.23529411764705882,0.02683254959145886,0.10177552373271345,0.6764752138684302
1932,384421,Rabbi Jacob Joseph School,Private nonprofit,0.006620253793199548,0,0.3013698630136986,0.12743325703816333,0.23021773034431653,0.3440112547201941
1933,199023,Montgomery Community College,Public,0.006587766827206476,0,-0.23529411764705882,0.6712037192850212,0.11547853610490902,0.05375139765268678
1934,240745,Guam Community College,Public,0.006554555374778779,0,-0.10111111111111111,1.458928513274827,0.12624812672313462,0.07929506249402196
1935,178341,Missouri Southern State University,Public,0.006548922903685629,0,-0.2605281941470378,0.6821774821252702,0.008639067129443387,0.15929821868738922
1936,442064,Won Institute of Graduate Studies,Private nonprofit,0.006528076492038135,0,0.29577464788732394,0.13009151384746145,0.44422341571371043,0.32725431572124025
1937,194666,Rabbinical College Bobover Yeshiva Bnei Zion,Private nonprofit,0.006518032269712112,0,0.2456575682382134,0.14930303951611462,0.1978457951661418,0.5899375585653255
1938,449834,Virginia Beach Theological Seminary,Private nonprofit,0.006515202756594012,0,0.42857142857142855,0.0336834869695614,-0.29854856086119286,0.26990320911412163
1939,157058,Kentucky State University,Public,0.006506431089856004,0,-0.20497466605251036,0.9966038683716272,-0.008925240375268302,0.18099145154732224
1940,178208,Midwestern Baptist Theological Seminary,Private nonprofit,0.006504999466094592,0,0.24160631994733378,0.05256213887314047,0.27760944431189044,0.5274051149892631
1941,493646,Ohel Margulia Seminary,Private nonprofit,0.006472997333579931,0,0.20588235294117646,0.10046697347049269,0.0707488961772291,0.741732972918306
1942,167525,Quincy College,Public,0.006452200094549701,0,-0.23493090267568362,1.2453043157422745,-0.005952833556840931,0.3536483427739756
1943,180814,Bellevue University,Private nonprofit,0.0064511300638515285,0,0.1893958924121337,0.13106579072485997,-0.09486417199115188,0.9544528821659952
1944,122597,San Francisco State University,Public,0.006428823881937561,0,-0.12916781482502065,1.8621625496509122,0.15632864844545352,0.17949683781254056
1945,176451,Wesley Biblical Seminary,Private nonprofit,0.006427884420350077,0,0.31386861313868614,0.021981368297859,-0.17074764422430075,0.49582911843410055
1946,175616,Delta State University,Public,0.006412167971754533,0,-0.3185817115435884,0.432811793917049,0.057416820922681286,0.22791544493922133
1947,451927,Patrick Henry College,Private nonprofit,0.006348118479961245,0,0.34098360655737703,0.02863398170338667,0.14921580303290793,0.368341597101276
1948,196389,Swedish Institute a College of Health Sciences,For-profit,0.00633492711582098,0,0.5530973451327433,0.46419192216663574,-0.15455137894650978,0.7306702334077484
1949,128188,Intellitec College-Grand Junction,For-profit,0.006299899600013578,0,0.42396907216494845,0.3915685759436932,0.15228569122571348,0.995284521733394
1950,218964,Winthrop University,Public,0.006293979955981,0,-0.19658994032395566,1.5280915817759253,0.04713117060843678,0.27543755484831467
1951,189282,Phillips School of Nursing at Mount Sinai Beth Israel,Private nonprofit,0.006275690086659448,0,0.26053639846743293,0.3807537139728575,0.0015725773885754502,0.8803848949499844
1952,196158,SUNY at Fredonia,Public,0.006265531653212018,0,-0.21479982006297796,0.8171314524694427,-0.022100296086090054,0.13256320712072237
1953,107743,University of Arkansas Community College Rich Mountain,Public,0.006260006271508822,0,-0.21502890173410405,0.7031572217017366,0.043034945182145394,0.02634999007619986
1954,193326,Monroe Community College,Public,0.006237882113698416,0,-0.28422053231939165,0.7065148911593863,0.06952650250813965,0.1449298046274985
1955,218025,Florence-Darlington Technical College,Public,0.0062334244022260515,0,-0.1736930860033727,1.085321617558194,0.1494850070883032,0.14901124709295593
1956,117672,Southern California University of Health Sciences,Private nonprofit,0.006231339908832223,0,0.18037518037518038,0.12697337290503566,0.046908410758448364,0.9826012460326223
1957,177551,Harris-Stowe State University,Public,0.006227603428318458,0,-0.33496932515337424,0.3836017346163032,0.1393886277012352,0.09125806847982319
1958,202356,Cuyahoga Community College District,Public,0.00622562534195609,0,-0.3335869794969351,0.47217739177269846,0.2326853831354298,0.09867775959404133
1959,436304,River Parishes Community College,Public,0.00620673955918275,0,-0.27629950495049505,0.7483343803856101,0.09918922021744124,0.10834627338275064
1960,190840,Dutchess Community College,Public,0.0061858621665004995,0,-0.18916120124266483,1.3230400316622613,-0.037561243731440944,0.20801253810016868
1961,461139,Jung Tao School of Classical Chinese Medicine,Private nonprofit,0.006167936968503611,0,0.2028985507246377,0.0711767283204375,0.21989315619653343,0.728031915203014
1962,118684,Mendocino College,Public,0.006158086716112992,0,-0.10252525252525252,1.2104562696555523,0.020335535817928983,0.024094716283404885
1963,187596,Navajo Technical University,Public,0.0061580303350586485,0,-0.2677122769064359,0.34644497577013345,0.18227658636638655,0.03153486363913829
1964,480985,Midwives College of Utah,Private nonprofit,0.00614885210299374,0,0.2995391705069124,0.5249486610496883,0.02804021092356178,0.7245199526999835
1965,386472,Herzing University-Orlando,Private nonprofit,0.006145805042012466,0,0.21895424836601307,0.3256540758384757,0.21274582904970818,0.963762149823403
1966,190549,CUNY Brooklyn College,Public,0.006136395300503424,0,-0.20302060524395038,1.1328335967226553,0.031096065931057935,0.1352937428257692
1967,123299,Shasta College,Public,0.006110190797006829,0,-0.20887504029225315,0.9870060093868631,0.11308389045167426,0.026965717014976933
1968,107637,Southeast Arkansas College,Public,0.006083556438459904,0,-0.30116731517509726,0.3246784124421322,0.22651353978747782,0.08432829762027866
1969,491914,Yeshiva Gedola Tiferes Yerachmiel,Private nonprofit,0.00607411363902412,0,0.31851851851851853,0.3327956832035994,-0.15093703399268632,0.6222708809887034
1970,121044,Pasadena City College,Public,0.006072238169686244,0,-0.18716399095324607,0.7811379205659001,0.11814254261438603,0.04864472738613405
1971,123563,Solano Community College,Public,0.006048203019798973,0,-0.09689174705251875,1.2697645837328637,0.12776116313006344,0.041631439394032105
1972,192022,Jefferson Community College,Public,0.0060210504516008375,0,-0.23190348525469168,0.9105565945916542,0.05690443858500167,0.10156826531661188
1973,199324,Piedmont Community College,Public,0.006009929545394493,0,-0.1867043847241867,0.8376012724008902,0.14430007826679064,0.044453626389163885
1974,124113,Taft College,Public,0.006006119642962703,0,-0.24463806970509383,0.6955035019185647,0.20640854558282568,0.029058773286098613
1975,205124,Rabbinical College Telshe,Private nonprofit,0.005998912350647245,0,0.37037037037037035,0.18862912630319703,0.13415773073214832,0.2334420611927512
1976,446774,Blue Ridge Community and Technical College,Public,0.005995095045427712,0,-0.3498162890385793,0.23045692745581073,0.011255091955467832,0.17218310389849914
1977,115126,Golden West College,Public,0.0059861742242715114,0,-0.16399168399168398,0.9573505591372785,0.10277791174633642,0.05849670296678732
1978,144564,Danville Area Community College,Public,0.005982949213901786,0,-0.2723146747352496,0.30342527232008804,-0.018646715382940757,0.08786229390928739
1979,209038,Lane Community College,Public,0.005981808301408037,0,-0.23879923259225821,1.0215700516934219,0.10757786857967999,0.20611754679602168
1980,110510,California State University-San Bernardino,Public,0.005979005458112721,0,-0.04045934683593371,1.6324515462766882,0.05660423405290799,0.09435050288684865
1981,460394,Moreno Valley College,Public,0.005971370507707468,0,-0.14480488951574988,1.0098307848265071,0.03177446420661134,0.03583258561306805
1982,237109,Yakima Valley College,Public,0.005955076658951354,0,-0.2948387096774194,0.2823855417546512,-0.002228157467173262,0.09328822752145925
1983,119164,Mt San Antonio College,Public,0.005924955060247959,0,-0.11889660726870029,1.0706696131783862,0.02055445668418304,0.037952234173765975
1984,106999,University of Arkansas Community College-Batesville,Public,0.005917841751109636,0,-0.30911583276216587,0.1532765273210862,0.06101533755751318,0.04272346335789039
1985,119067,Monterey Peninsula College,Public,0.00590703374930209,0,-0.17752525252525253,0.8500015297867021,0.11454325027477762,0.04177751273807995
1986,405872,Carroll Community College,Public,0.0059012196130087385,0,-0.07517594369801664,1.9709244749024741,-0.02924811984282146,0.18570766872835248
1987,196033,SUNY College of Agriculture and Technology at Cobleskill,Public,0.005887064324573382,0,-0.21349801499779444,0.9370467814844854,-0.04547984371235503,0.10677799873585239
1988,129428,Rensselaer at Hartford,Private nonprofit,0.005883332998094313,0,0.29213483146067415,0.3805168986083499,-1.649584487534626,1.1168692167552512
1989,441937,California State University-Channel Islands,Public,0.005877969051784162,0,-0.18564784053156147,0.8624547366714345,0.1278086703360577,0.12567620908778976
1990,209074,Linn-Benton Community College,Public,0.005872585015672669,0,-0.23332730887402856,0.6888774645158608,0.16265631818271983,0.14829024927608894
1991,198455,Durham Technical Community College,Public,0.005866616979085851,0,-0.24201235657546338,0.5710977854963452,0.16990691703373406,0.13465897132574062
1992,460464,Norco College,Public,0.005850824426244509,0,-0.1918907383696116,1.009830785819282,0.033171910372115226,0.035812135598819024
1993,236513,Seattle Central College,Public,0.0058472155171452765,0,-0.33620050422660536,0.2966923169276771,-0.01022378076231097,0.18869297853222505
1994,107664,University of Arkansas-Pulaski Technical College,Public,0.005834150288181524,0,-0.23250768396311697,0.6217267135440893,0.0480027395408459,0.1603998869920273
1995,121886,Rio Hondo College,Public,0.0058151630858273,0,-0.1662878396528567,0.7789384894803665,0.10938816732494651,0.027356736491616192
1996,137476,St. Thomas University,Private nonprofit,0.00580743592706218,0,0.3204809286898839,0.4701403208754117,0.07973904764496172,0.8612808859001632
1997,199740,Stanly Community College,Public,0.005787058656258726,0,-0.13695571269073317,0.9846711199098671,0.13204110000873462,0.05333028296347654
1998,161864,Baltimore City Community College,Public,0.0057758820796748,0,-0.27928294968425343,0.27614207395159995,0.14536285287042794,0.10496831432018669
1999,440402,Arkansas State University-Newport,Public,0.005773225345178867,0,-0.2983693256941384,0.24333778538521528,0.08249157930616348,0.16007927521349408
2000,224350,Del Mar College,Public,0.005759931031975179,0,-0.1901232511658894,0.7536165990328875,0.058458965628279645,0.05827211736639374
2001,438708,Eastern West Virginia Community and Technical College,Public,0.005752546029088762,0,-0.29056603773584905,0.19323718331217674,0.05218819736285583,0.1360472601071776
2002,162283,Coppin State University,Public,0.0057486282135168374,0,-0.263582966226138,0.2771034038880876,0.010200539224573564,0.04318035844469211
2003,165866,Framingham State University,Public,0.005728868640403363,0,-0.2465175953079179,0.584168216874395,-0.08356790665355142,0.2273280143324311
2004,175786,Hinds Community College,Public,0.005721863106477125,0,-0.20461655533947748,0.8060238384881209,0.053766550548453064,0.029067881475703158
2005,194028,North Country Community College,Public,0.005721051767270821,0,-0.1526677231907026,1.012754753321437,0.05612577044287493,0.11997411462410885
2006,183099,NHTI-Concord's Community College,Public,0.005701121029491223,0,-0.19563882063882063,1.142806855053209,0.22978999677483158,0.34010912011055094
2007,205027,Pontifical College Josephinum,Private nonprofit,0.005697127436272771,0,0.5188679245283019,0.07265678622025096,-1.8329643738923642,0.26925922840394434
2008,146296,Joliet Junior College,Public,0.005672234487937888,0,-0.2867718955161335,0.5422174855605691,0.06701463626759126,0.13216817169774206
2009,234951,Clover Park Technical College,Public,0.0056716693266865344,0,-0.29826327712056383,0.353124468866125,0.045098364585376555,0.10925948671088645
2010,158662,Delgado Community College,Public,0.005670930851760873,0,-0.12468175388967469,1.2888109942921233,0.11174513610831069,0.21817820117542436
2011,236975,Wenatchee Valley College,Public,0.005661204082172716,0,-0.24552505966587113,0.5101641093405773,0.004792431281802013,0.12862082297586694
2012,229832,Western Texas College,Public,0.005659533979022843,0,-0.30711796913887507,0.47273430914733977,0.19635803575965466,0.11709093755055769
2013,234933,Clark College,Public,0.005654495672230407,0,-0.28593090003249216,0.2984934686028997,0.09432238566580373,0.11168032930332962
2014,217925,Columbia International University,Private nonprofit,0.00564919427923131,0,0.5045482110369921,0.3301855393836154,-0.14499682602816877,0.32733782355668095
2015,111188,California State University Maritime Academy,Public,0.005635326698383192,0,-0.09776833156216791,1.2345594206953698,0.1807784563846102,0.09212834457013885
2016,178387,Missouri Western State University,Public,0.005634519213215698,0,-0.28263195435092725,0.6993032370216792,0.14840191595400468,0.26600707866213635
2017,404426,Coconino Community College,Public,0.005627476654932722,0,-0.29229480737018426,0.24801343241409055,0.13098597319722644,0.18828659842382012
2018,147697,Northern Baptist Theological Seminary,Private nonprofit,0.005623100483942695,0,0.41132075471698115,0.06667745257367208,-0.5705062057327559,0.5431314395552088
2019,486433,Presidio Graduate School,Private nonprofit,0.005615876957230049,0,0.325,0.17909410441465928,-0.1515311990256321,0.6967409185116512
2020,212878,Harrisburg Area Community College,Public,0.005615357038370652,0,-0.2781540580874756,0.450017234793645,0.17991929325146835,0.22149566213065122
2021,194240,Orange County Community College,Public,0.005601732748561643,0,-0.21908349026993096,1.0681086084676568,-0.01623647812069562,0.23606194106587436
2022,183877,Rowan College at Burlington County,Public,0.005591864529226611,0,-0.2676857447564877,0.5644101343208775,0.10983026457025287,0.27860573565943164
2023,209940,Rogue Community College,Public,0.005589116506424045,0,-0.26132930513595165,0.8058641350553611,0.23770396334533153,0.13816373223313855
2024,190655,CUNY New York City College of Technology,Public,0.005585699627351909,0,-0.2318032401972294,0.6118032034982586,0.12404473177118604,0.07435089798769995
2025,151324,Indiana State University,Public,0.005578817891242461,0,-0.28705533596837945,0.3564823701230695,-0.07920636226593894,0.2162814136277562
2026,122977,Santa Monica College,Public,0.005565118174922312,0,-0.18627486634905627,1.0748437865087845,-0.024990273574539416,0.11540897453890289
2027,475565,CUNY Stella and Charles Guttman Community College,Public,0.005552893455141685,0,-0.1761252446183953,0.5712075623865195,-0.004002612253224925,0.007482690969941266
2028,454838,Institute of Taoist Education and Acupuncture,Private nonprofit,0.005548785598878022,0,0.21428571428571427,0.01816093853990404,-0.02086680404710383,0.8491160291319919
2029,160010,Northwest Louisiana Technical Community College,Public,0.005547360887903556,0,-0.12454873646209386,1.5912399249062512,0.24385226970319,0.10947158274760446
2030,222992,Austin Community College District,Public,0.0055468843437686205,0,-0.15902669524551832,0.9223146800868406,0.0980396957290269,0.1014836076274655
2031,413617,College of Menominee Nation,Private nonprofit,0.005520896796076602,0,0.4712041884816754,0.4155010016290928,-0.07720494919124382,0.0
2032,197294,SUNY Westchester Community College,Public,0.005512067986201293,0,-0.2080748134160597,0.7674757716539305,0.08324644956990478,0.19691882534522562
2033,148292,Richland Community College,Public,0.005511948638467096,0,-0.27090653548840476,0.44256080139507153,0.06201550799635139,0.06048627395572486
2034,232797,American National University,For-profit,0.0055069924649027895,0,0.392991239048811,0.178312719730885,0.009728784686509454,0.8588997830957867
2035,190600,CUNY John Jay College of Criminal Justice,Public,0.005504946759162322,0,-0.12336272040302267,1.51412301311996,0.038683640662866586,0.102025398542061
2036,220400,Jackson State Community College,Public,0.005500966131773213,0,-0.2974076342110635,0.06600969214086494,0.22133241013857152,0.0803485208035874
2037,211927,Delaware County Community College,Public,0.005499014931725503,0,-0.25329346912080725,0.4522980924030661,0.039232518592065176,0.19544721059961906
2038,165112,Bunker Hill Community College,Public,0.005484830233848919,0,-0.25660676532769555,0.40831514778984646,0.1363549235370317,0.16639644344908688
2039,166133,Holyoke Community College,Public,0.005483099029580154,0,-0.2678902866570427,0.2464493717917693,0.02997200411989289,0.13340556868036407
2040,190053,Clinton Community College,Public,0.005480110619053755,0,-0.2048,0.8496026402843728,0.1428007699711261,0.0995105086041543
2041,171395,North Central Michigan College,Public,0.005476581155256915,0,-0.28077455048409405,0.2294480623423738,0.151350809729355,0.139659605936324
2042,218487,Orangeburg Calhoun Technical College,Public,0.005464221991560884,0,-0.12445604873803308,1.34663248634888,-0.0128441453699217,0.09116393448645939
2043,224110,North Central Texas College,Public,0.005443607981630494,0,-0.2314921165291845,0.7037219749531705,0.015531551532807143,0.2552869358305394
2044,175935,Meridian Community College,Public,0.005442773156752843,0,-0.2295708406819518,0.608903271606803,0.06795178474962739,0.14157849405445044
2045,123679,Concorde Career College-Garden Grove,For-profit,0.00542960598602821,0,0.3633276740237691,0.007220273073363436,0.16774524251938233,0.831037355032998
2046,196699,Ulster County Community College,Public,0.005424773212847693,0,-0.17971830985915493,0.8012757711169762,0.045951114076327626,0.17218685958674226
2047,127741,University of Northern Colorado,Public,0.005419233407852927,0,-0.2745552977571539,0.6265571315490097,0.18203683098926307,0.3703537833411072
2048,226578,McLennan Community College,Public,0.0054157507661147675,0,-0.20252728317059163,0.8429384216777109,0.12458433914689425,0.1135151943129581
2049,243665,University of the Virgin Islands,Public,0.005407640100318363,0,-0.21497120921305182,0.8563346310714385,0.3475319560349131,0.08298237171189998
2050,202806,Franklin University,Private nonprofit,0.005405953060703852,0,0.33377549328469575,0.2149520554379322,-0.24690648898808548,0.9115108149801424
2051,196167,SUNY College at Geneseo,Public,0.0054043775892258766,0,-0.22489811041126342,0.8107268960698731,-0.003798530386749038,0.14993097385518903
2052,206932,Central Oklahoma College,For-profit,0.005401958632027452,0,0.4506578947368421,0.30478976616426057,0.12570983908320904,0.9075923570584727
2053,118347,College of Marin,Public,0.005400670748470223,0,-0.1734851408722501,0.9538821581305533,0.13920243868689405,0.031962066569039244
2054,236887,Walla Walla Community College,Public,0.005389566772607003,0,-0.27485698719694907,0.3495201275885747,0.129174095193781,0.15750264014139717
2055,110556,California State University-Fresno,Public,0.005382668700273037,0,-0.012305539550580294,2.2009669638141363,0.1050322935154916,0.13761589952549483
2056,234696,Bellingham Technical College,Public,0.005372505378491331,0,-0.29806451612903223,0.3872230051218848,0.09950312721811763,0.12820052394361914
2057,113980,El Camino Community College District,Public,0.005369091577300742,0,-0.17665029104570037,0.9784010993811588,0.09741554208077242,0.046450564930879304
2058,434016,Little Priest Tribal College,Private nonprofit,0.005368946008578667,0,0.5639097744360902,0.5047554557605862,0.030603363113489136,0.009514960483790108
2059,166823,Massasoit Community College,Public,0.00535400225196391,0,-0.27527497363266534,0.3235933928847852,0.09843866678161779,0.2500323031627667
2060,195988,Sullivan County Community College,Public,0.005349231355890475,0,0.042997542997543,2.5930047696427296,0.1030110925494223,0.1722470993839633
2061,186371,Rutgers University-Camden,Public,0.005340778838416714,0,-0.1751693626434398,1.1202916317850653,-0.14102180078816073,0.43150864449457554
2062,486239,San Ignacio University,For-profit,0.005340027797668612,0,0.4785714285714286,0.618709702340624,0.15894632525272598,1.0
2063,101648,Marion Military Institute,Public,0.005339874027426304,0,-0.2176039119804401,0.5805388225956772,0.11462950601578703,0.05187004993092157
2064,196291,SUNY Maritime College,Public,0.005335941487494171,0,-0.14755077658303464,1.058085037705343,-0.006156639908845598,0.2329998557330474
2065,114938,Gavilan College,Public,0.00533068338242431,0,-0.18158980800287097,0.9307281369880813,0.1989938201949688,0.02841180213547265
2066,190576,CUNY Graduate School and University Center,Public,0.005315976010694292,0,0.027049276725861462,1.7492303788652914,-0.030333396800247263,0.08429209817665811
2067,110495,California State University-Stanislaus,Public,0.005308393499993561,0,-0.0747220703480955,1.3555242318079432,0.20516767712626593,0.12744996768711966
2068,437635,The College of Health Care Professions-Austin,For-profit,0.005307786609677726,0,0.6022988505747127,0.5499673757174577,0.11295656357795968,0.6809628334347614
2069,122658,San Joaquin Delta College,Public,0.005293399453893742,0,-0.12761020881670534,0.9249250150531779,0.11142598108532716,0.020856286653922935
2070,123341,Sierra College,Public,0.005289668953655404,0,-0.13497201799626907,0.8193631381677555,0.18099426469387755,0.039233622213144415
2071,110617,California State University-Sacramento,Public,0.005280824672885637,0,-0.005438859714928732,1.7838497101066457,0.13616876998643968,0.20299912719534643
2072,206084,University of Toledo,Public,0.005279751027042464,0,-0.21067330151315122,0.5917789862433843,0.07989573677468316,0.17457010374755325
2073,199795,Tri-County Community College,Public,0.005279333882446954,0,-0.18005540166204986,0.6732639794870485,0.18673537307473512,0.0277209469087041
2074,178615,Truman State University,Public,0.0052606560755624155,0,-0.24297457465111832,0.38900291972603124,-0.10069401308817974,0.23141187243714112
2075,120342,Orange Coast College,Public,0.0052541182504441085,0,-0.17104081428999102,0.9573505616186271,0.095511654015104,0.05852290739801358
2076,442806,Edward Via College of Osteopathic Medicine,Private nonprofit,0.00523744837571964,0,0.22606516290726816,0.1489645359796691,-0.018757873104433033,1.0266348317486222
2077,208512,Sumner College,For-profit,0.0052360169925002005,0,0.5501519756838906,0.48023915876973305,0.1329298504710488,0.9948651754810625
2078,187532,Central New Mexico Community College,Public,0.005228336864391508,0,-0.17323346033945272,0.709263854094244,0.10407692556324755,0.056428227116465834
2079,107318,Arkansas State University Mid-South,Public,0.00521601409092727,0,-0.2639097744360902,0.33221761041865083,0.037650270971371795,0.06447789201010197
2080,123800,Southwestern College,Public,0.005210600767328094,0,-0.14045031459622484,1.0808837251162309,-0.008409277395271132,0.029304751514941624
2081,196121,SUNY Brockport,Public,0.0052078120047486486,0,-0.18929833417465927,0.8358873614554752,0.005993020386500101,0.1661670447916394
2082,167358,Northeastern University,Private nonprofit,0.005199410388965218,0,0.35151078488764803,0.363805509909869,0.3049657949497029,0.5370667908920981
2083,188438,SUNY Adirondack,Public,0.005188407200267757,0,-0.2216374269005848,0.5575577682136088,0.05846201173600989,0.15188733618338485
2084,183132,Manchester Community College,Public,0.005187992749740628,0,-0.22962962962962963,0.8006961507022742,0.17866670291197953,0.3735456884519433
2085,239372,Moraine Park Technical College,Public,0.005181649327988538,0,-0.24304358532381187,0.29987300359788316,0.08127774996035296,0.09170696026561012
2086,434584,Ilisagvik College,Public,0.0051811327208620365,0,-0.2317596566523605,0.3684544038444491,0.17583566561193775,0.023886651917113293
2087,210234,Treasure Valley Community College,Public,0.005177158566024538,0,-0.22777454968041835,0.6111761716141472,0.17036477556381482,0.1739175285017893
2088,140960,Savannah State University,Public,0.00516003051253056,0,-0.1971101417666303,0.91712123677627,0.07229791722154578,0.12544542190918428
2089,199467,Roanoke-Chowan Community College,Public,0.005158849348052251,0,-0.12326656394453005,0.7549306933890155,0.056766491577751335,0.011518089758254874
2090,197735,Yeshivath Viznitz,Private nonprofit,0.005148785913641891,0,0.3631361760660248,0.2906042712075994,0.38531363517606165,0.5090278968726641
2091,446561,Stanbridge University,For-profit,0.005138103207764075,0,0.656158357771261,0.49089510019314003,0.26001893436172646,0.9544331664826053
2092,139700,Georgia Highlands College,Public,0.005131258048307954,0,-0.22697795071335927,0.7485382139855232,0.0359738948524025,0.18787488078589037
2093,188100,San Juan College,Public,0.005119673073718447,0,-0.1909212283044059,0.8402635078319076,0.03461292998643468,0.08796353497881794
2094,110334,Cabrillo College,Public,0.005115678971490284,0,-0.1707604459349225,0.6815182347333429,0.11475736109217802,0.04686729891210416
2095,485698,American College of the Building Arts,Private nonprofit,0.005113989708501793,0,0.5,0.41052725479128943,0.28884918848013785,0.5303999353916635
2096,129543,Housatonic Community College,Public,0.00511236429120132,0,-0.304383788254756,0.07737665259419439,0.0034534767949533493,0.09919145650931929
2097,443492,Pierpont Community and Technical College,Public,0.005108298682733614,0,-0.23640167364016737,0.4843514059779735,0.24306079183135287,0.122180852088241
2098,236610,Shoreline Community College,Public,0.00510139960285844,0,-0.24915023793337865,0.5559560184370813,0.16841553574546347,0.27687500814937477
2099,236656,South Puget Sound Community College,Public,0.005084393417086722,0,-0.23843988741455568,0.3101101624546607,0.13504716189922,0.07609651023176466
2100,444954,Mountwest Community and Technical College,Public,0.005078167121802041,0,-0.27997737556561086,0.10687079586484804,0.09846158679473589,0.15664487613506414
2101,235343,Green River College,Public,0.0050713439032708685,0,-0.25880260818020157,0.2769537221003309,-0.026282172347714378,0.210254727664366
2102,167631,Roxbury Community College,Public,0.005060997299994309,0,-0.2747909199522103,0.21092064627913243,-0.07046739429861465,0.07161351645307037
2103,190752,Yeshiva of Far Rockaway Derech Ayson Rabbinical Seminary,Private nonprofit,0.005053660232567318,0,0.4166666666666667,0.1540482128449113,0.1555272328128778,0.44144820110496213
2104,221485,Southwest Tennessee Community College,Public,0.005051691230483475,0,-0.3169723311777801,0.0739114784386341,0.12836166361681395,0.076370901135693
2105,161873,University of Baltimore,Public,0.005035688391092183,0,-0.26541554959785524,0.2691007644389221,0.05939490073059618,0.2890354856117512
2106,235431,Highline College,Public,0.00501438160414702,0,-0.2576862123613312,0.3774422545497566,0.0003399671216685753,0.11637815630856733
2107,196237,SUNY College at Old Westbury,Public,0.005006869336047245,0,-0.16699180647678502,0.9174777851218044,-0.025200423604683806,0.17496584882818828
2108,122791,College of San Mateo,Public,0.005005869150490683,0,-0.07975009187798604,0.9898621852333379,0.07741726696125122,0.03590658051977134
2109,196246,SUNY College at Plattsburgh,Public,0.004996024804079365,0,-0.14910612400152148,0.874417383034474,0.043603873936377845,0.15661380912249534
2110,159966,Nicholls State University,Public,0.004993897722559931,0,-0.09366815590818056,1.402062071670557,0.08145913926206642,0.3272919246813453
2111,177940,Lincoln University,Public,0.004989002909804117,0,-0.24753694581280788,0.4693993604277177,0.13198126388057793,0.06804320091748864
2112,208275,Blue Mountain Community College,Public,0.004984487742111694,0,-0.21295702373316228,0.5755188370876654,0.11402993723471766,0.15640759060143913
2113,235149,Everett Community College,Public,0.004979110561649878,0,-0.2410680707032719,0.3820785587649257,0.22077877743581945,0.11538940534357212
2114,105525,Pima Community College,Public,0.004946042617080756,0,-0.2162259122591226,0.4482447495555582,0.11606810108053447,0.09724755126667252
2115,188137,Santa Fe Community College,Public,0.004937664028232989,0,-0.205352798053528,0.5775233992479271,0.2250342655209786,0.06259792203135599
2116,227146,Navarro College,Public,0.004935223507982967,0,-0.23198335984338675,0.6122442031327077,0.09443117241708801,0.17662878822977232
2117,212115,East Stroudsburg University of Pennsylvania,Public,0.00493391987955718,0,-0.17035005646071946,0.9387865299674343,0.18489361752179312,0.3023522053785357
2118,198011,Bladen Community College,Public,0.004930797072407606,0,-0.20228384991843393,0.5677919226613999,0.15182340258102203,0.0316262840670372
2119,187639,Clovis Community College,Public,0.004927454389400865,0,-0.2064093728463129,0.5291008087923924,0.03588266846391402,0.023502851548674562
2120,262086,University of Massachusetts Global,Public,0.004923326323620313,0,-0.15071840484801094,1.48739401778939,-0.9041030803882036,0.8837510168318576
2121,207281,Northern Oklahoma College,Public,0.004917454547268874,0,-0.19631449631449632,0.5762825495117215,0.05235770007660032,0.20070229088286728
2122,138901,Atlanta Metropolitan State College,Public,0.004913523346504873,0,-0.2218004338394794,0.5953775033058742,0.14157397716382084,0.13171411792544727
2123,198817,Lenoir Community College,Public,0.004889436799714542,0,-0.12945368171021376,0.7153999186554525,0.30749373497638105,0.02391787878074041
2124,211343,Butler County Community College,Public,0.004887154820783472,0,-0.2141057934508816,0.6003862103157225,0.060980874162298096,0.2529000560380059
2125,488350,Yeshiva Gedolah Shaarei Shmuel,Private nonprofit,0.004887098281804727,0,0.4,0.32550471033621914,0.17451587172068578,0.46033739893817405
2126,198321,Cleveland Community College,Public,0.004878499071674272,0,-0.23264984227129337,0.39222098351562157,0.3606113231060976,0.05373066599423429
2127,208390,Chemeketa Community College,Public,0.004874020574919067,0,-0.18241146892050925,0.5477434220269425,0.1700650874639761,0.12720276039763725
2128,176169,Northeast Mississippi Community College,Public,0.004867155198166788,0,-0.15085967831392125,0.6273112124481867,0.024519564835340443,0.09673883701757094
2129,169248,Central Michigan University,Public,0.004866325170847241,0,-0.24816651172399545,0.35587183423344093,-0.07844732409463326,0.3861310045493063
2130,216463,Trinity Episcopal School for Ministry,Private nonprofit,0.004861313884290397,0,0.5875,0.012798482612248882,-1.6179221601298233,0.3655450980433737
2131,130183,Post University,For-profit,0.0048538989905760185,0,0.6006389776357828,0.5813926540777092,0.021254480721365064,0.9486431372515979
2132,161022,Maine College of Health Professions,Private nonprofit,0.004836312763360183,0,0.29508196721311475,0.04353956395149869,-0.04430833518964625,0.7438780283313051
2133,234845,Centralia College,Public,0.0048361775781185674,0,-0.25999350016249595,0.1992290687642438,0.06850556247564582,0.06545487321075878
2134,243823,Parker University,Private nonprofit,0.004832725022140324,0,0.3430989583333333,0.14929364159114034,0.002819846651036056,0.8836258792218491
2135,123013,Santa Rosa Junior College,Public,0.004829567152935019,0,-0.1858017904821737,0.7738512779619173,0.1983306072046823,0.0341974782044702
2136,109350,Antelope Valley Community College District,Public,0.004826196626783183,0,-0.1487526062261845,0.8538732548846291,0.09723138973725015,0.014308825526197154
2137,440396,New Saint Andrews College,Private nonprofit,0.004815017281844243,0,0.5154639175257731,0.4234745334365584,0.18025487467436765,0.5505411736759901
2138,129367,Capital Community College,Public,0.004809179583870136,0,-0.22315926046059034,0.23470858801170366,0.014247380235832476,0.0981968375573111
2139,228547,Tarrant County College District,Public,0.004806447489777355,0,-0.20562560620756548,0.43897593115051464,0.10250099849426045,0.07492135757750674
2140,185129,New Jersey City University,Public,0.004798742436087457,0,-0.17738080261668135,1.1276047056114293,0.002740710393832507,0.30154173524508454
2141,196103,SUNY College of Environmental Science and Forestry,Public,0.004790930665362332,0,-0.10547759167043912,0.9799921910139096,-0.03798046489788673,0.12178952350294411
2142,172200,Schoolcraft Community College District,Public,0.004785692934296481,0,-0.17118093174431204,0.8157271644219186,0.168240326867572,0.2313940525325138
2143,215619,Reconstructionist Rabbinical College,Private nonprofit,0.004783114933034822,0,0.5,0.07274235197844596,-0.7074203361709669,0.19858185048876026
2144,475495,Rocky Mountain University of Health Professions,For-profit,0.004774294560691291,0,0.5015479876160991,0.36462764656674806,0.143371445187191,0.9980944169533429
2145,173461,Lake Superior College,Public,0.004774134698670726,0,-0.26405353728489483,0.26727977061981456,0.08233854345585709,0.26925884575747167
2146,191302,Fulton-Montgomery Community College,Public,0.004771853140601182,0,-0.24625623960066556,0.28284576681023105,0.06714471088083541,0.13777334088796805
2147,111461,College of the Canyons,Public,0.0047679536686201516,0,-0.053119597674053116,1.0552285314878938,0.06608847039405369,0.04186690517899832
2148,118912,MiraCosta College,Public,0.004759211709741782,0,-0.16410098522167488,0.7871263288374717,0.09369179048801884,0.023568071687001042
2149,204662,Ohio State University Agricultural Technical Institute,Public,0.00475731561633743,0,-0.24915824915824916,0.007220273073363436,-0.28431472535034824,0.29413493745813984
2150,122339,San Diego City College,Public,0.004756558682060163,0,-0.13602731929425158,1.0247885116803763,0.18539219115831979,0.031115353233254837
2151,199768,Surry Community College,Public,0.004755689464685488,0,-0.1729745712596097,0.7135253465312523,0.10777462707690105,0.04651503837861665
2152,206996,Connors State College,Public,0.0047538113619482935,0,-0.2016090866067203,0.5982480781669387,0.21221802122281963,0.13698885288974397
2153,218706,University of South Carolina-Union,Public,0.00475086282417198,0,-0.047701647875108416,1.6621427764131418,0.2196036320139191,0.11682338594419935
2154,190567,CUNY City College,Public,0.004748884294225785,0,-0.08390237733940313,1.4440369771408625,0.06498990413843926,0.06793404673339132
2155,225371,Hill College,Public,0.004746423942658813,0,-0.19804347826086957,0.4275539385798474,0.029692855441447952,0.09210914962586798
2156,170550,Kellogg Community College,Public,0.004743186281476018,0,-0.1884915936538006,0.5708448450143723,0.0943511734090267,0.20390908783985917
2157,161235,University of Maine at Fort Kent,Public,0.004736845992645135,0,-0.23851478917558214,0.2500732386113959,0.03336298932384341,0.23255239224990115
2158,247162,Ecumenical Theological Seminary,Private nonprofit,0.00473636497916617,0,0.391304347826087,0.007220273073363436,0.05834568000308887,0.4064960264795373
2159,183257,Granite State College,Public,0.004728393533280063,0,-0.2892768079800499,0.09825135121050471,0.12360182908271505,0.41151038788698696
2160,461795,North American University,Private nonprofit,0.00472066259913781,0,0.4432809773123909,0.28521099381526305,0.09399120610513197,0.5163840667900257
2161,211079,Community College of Beaver County,Public,0.004715754054943108,0,-0.19962773382968824,0.7477512583779005,0.10352987153741458,0.3297281913694697
2162,196185,SUNY Oneonta,Public,0.004708390687051378,0,-0.16819852941176472,0.8082351441517832,0.10695390067031221,0.1497970818972726
2163,175573,Copiah-Lincoln Community College,Public,0.004702819805837649,0,-0.10022486347574687,0.7962589020134766,0.04515955699775804,0.06327617988589897
2164,186034,Passaic County Community College,Public,0.004702612686433453,0,-0.21209789133446205,0.3562530517917014,0.20069233704275055,0.05411301053896708
2165,111887,Cerritos College,Public,0.0046989725482022736,0,-0.12644142325122268,0.9429167882684782,0.007912784201982657,0.031104461452983335
2166,147776,Northeastern Illinois University,Public,0.004688075252715931,0,-0.22457227536036642,0.3408169049640564,-0.001044855782730599,0.21663749570521454
2167,366711,California State University-San Marcos,Public,0.004686272712457538,0,-0.058805207749330346,1.8168548574690873,0.010287184798962706,0.23743262900833917
2168,174251,University of Minnesota-Morris,Public,0.004682485181518083,0,-0.2875250166777852,0.08361847648039035,0.011448763897796163,0.10062364905194199
2169,199449,Richmond Community College,Public,0.004681357110368663,0,-0.11446249033255994,0.6782927160948674,0.18669081702983772,0.021100637336301423
2170,232681,University of Mary Washington,Public,0.004670657813962789,0,-0.16287878787878787,0.6108093850564061,0.17482519652140818,0.14580191989944943
2171,245953,Mid-America Christian University,Private nonprofit,0.004667283226531182,0,0.38122171945701355,0.1805820695364249,0.002578032821754365,0.5588902975467812
2172,461528,Manna University,Private nonprofit,0.0046589616810257545,0,0.3689839572192513,0.09490958087566162,0.11810620162285679,0.4726798200822907
2173,383190,Hawaii Community College,Public,0.004648294341332833,0,-0.18661567877629062,0.3146407617195509,0.008535124111623106,0.08342588652738012
2174,407610,Pacific Bible College,Private nonprofit,0.004639085071548615,0,0.5757575757575758,0.01659673984320143,0.5581095519086073,0.11484961057690493
2175,169275,Mott Community College,Public,0.0046286100765026445,0,-0.21086726599682706,0.6343684345467926,0.061784017791399505,0.18589270911379022
2176,140003,Gwinnett College-Lilburn,For-profit,0.004623687238661313,0,0.5476190476190477,0.35784105889769,0.3373046513037066,0.7500645802778033
2177,110608,California State University-Northridge,Public,0.004620803756760285,0,-0.05840641443247306,1.7104008164868416,0.1027033596025522,0.18122297717608907
2178,125091,Victor Valley College,Public,0.004614399602932459,0,-0.03641627304586317,1.060372707980516,0.06609967126380052,0.025589965790929415
2179,122384,San Diego Miramar College,Public,0.004613995758364444,0,-0.07538755574431939,1.0247885122903069,0.16677963361433407,0.03262944645119401
2180,210429,Western Oregon University,Public,0.004609937962827285,0,-0.2389937106918239,0.4885901377155878,-0.004574072167307694,0.21546037400021792
2181,117645,Long Beach City College,Public,0.004608651518936395,0,-0.07149666348903717,1.0172440405774914,0.05907041029976834,0.03235306347919401
2182,183141,Nashua Community College,Public,0.004606147471259351,0,-0.1787598944591029,0.78303112347401,0.24500589147782859,0.30307131712647856
2183,162584,Frostburg State University,Public,0.00460151205071979,0,-0.2145616067979915,0.46502669821651577,0.18201812049025315,0.1728599858764316
2184,155292,Kansas City Kansas Community College,Public,0.004595415212465676,0,-0.22040680226742249,0.3322177340088869,0.20929785069473353,0.053677302234956
2185,145521,Highland Community College,Public,0.004593623291033182,0,-0.21641297154202516,0.31161999166454496,0.13150298012785408,0.1363943937449298
2186,122375,San Diego Mesa College,Public,0.004580301476108793,0,-0.12726921591348012,1.0247885126200988,0.17526485359331193,0.034185554189782204
2187,107549,Ozarka College,Public,0.004576245957426711,0,-0.15982905982905982,0.3974676088469598,0.07941250203600561,0.048653004171176
2188,481058,Grace Mission University,Private nonprofit,0.004568904421721056,0,0.38461538461538464,0.3947403405580764,0.15841380891845044,0.813822185699164
2189,189839,Cayuga County Community College,Public,0.0045619023040888345,0,-0.05178522758244753,1.2810713576248813,0.05055031377249731,0.1808504578786864
2190,115861,Imperial Valley College,Public,0.004561527061319535,0,-0.08976618493714017,1.2628407900556382,0.11980359469354238,0.02124721640607145
2191,136516,Polk State College,Public,0.00454908581581525,0,-0.2444813891197931,0.20304857164692935,0.21992190584575333,0.08618845044769763
2192,132709,Broward College,Public,0.004545889830390855,0,-0.22883312807881773,0.27416287477134954,0.08025301857585784,0.11093630365895331
2193,111939,Chaffey College,Public,0.004537087838617169,0,-0.15366679864502222,0.696366250456246,0.13066632738493733,0.018537122008138188
2194,110547,California State University-Dominguez Hills,Public,0.004529760316059733,0,-0.08627690938421316,1.3136498675211998,0.1857874477701794,0.12241636812281845
2195,225423,Houston Community College,Public,0.004522719778350971,0,-0.14233050168296202,0.6084197619989672,0.1228294376312354,0.1207891994346642
2196,118718,Merced College,Public,0.004505256626408038,0,-0.08583191622661773,0.9247335608692018,0.16999746798051912,0.023052593123866462
2197,107619,Phillips Community College of the University of Arkansas,Public,0.004504590764324508,0,-0.19922128487994809,0.31765734173720045,0.19011591501721234,0.007068838006653113
2198,486460,Wright Graduate University for the Realization of Human Potential,Private nonprofit,0.004503321705856047,1,0.42105263157894735,0.0260264264236714,0.4857935019668202,0.1346722413659647
2199,170790,Macomb Community College,Public,0.004502729478452141,0,-0.1875891583452211,0.46199296120295547,0.05158596959634064,0.20107847286793268
2200,122889,Santa Barbara City College,Public,0.00449958050858829,0,-0.10316281044364253,0.7435459850775705,0.061608017339071515,0.08741704211739496
2201,485111,Georgia Military College,Public,0.004495281993126529,0,-0.20168834131873145,0.5424745179686863,0.06376830552833349,0.29324878855045433
2202,111434,Canada College,Public,0.004486150124022873,0,-0.07087428867046043,0.9898621775172578,0.07741726207034892,0.03590658324822636
2203,166957,Mount Wachusett Community College,Public,0.00447563827509399,0,-0.21937942297223734,0.33922993572170934,0.07947533275658653,0.14315670049957888
2204,129756,Middlesex Community College,Public,0.004472934898004554,0,-0.22442244224422442,0.39472748852584777,0.015453064617181735,0.13855833304509751
2205,204255,Zane State College,Public,0.004461927326380529,0,-0.2369584438549956,0.44681949824963013,0.11528668410669722,0.22602243484671744
2206,224961,Galveston College,Public,0.00445873909937649,0,-0.12142237640936687,0.6006514035999144,0.11998859468362406,0.06321650186722073
2207,452081,Ross College-Sylvania,For-profit,0.004458732349181953,0,0.5879218472468917,0.7347740484489083,0.5835083073849625,1.0
2208,461485,Shepherds Theological Seminary,Private nonprofit,0.004458473294239244,0,0.5333333333333333,0.355454399767078,0.04293284459295265,0.33178411976605093
2209,240392,Herzing University-Madison,Private nonprofit,0.004452818581286213,0,0.5975160993560258,1.420956404969948,-0.06950173118030192,0.5743307050590739
2210,223898,Cisco College,Public,0.004450735904049788,0,-0.1925343811394892,0.827434540118008,0.10717473286071298,0.19025807282087484
2211,440262,New York Automotive and Diesel Institute,For-profit,0.0044456960844726084,0,0.5055350553505535,0.4140004111636303,0.09079172532974542,1.0
2212,233019,Patrick & Henry Community College,Public,0.0044451867590268885,0,-0.16845397676496873,0.4311982509506812,0.17446196367897232,0.11242850952204955
2213,177995,Metropolitan Community College-Kansas City,Public,0.004443476180742127,0,-0.18376664552948638,0.38963265073234693,0.17766691030706855,0.01886700982457125
2214,196024,SUNY College of Technology at Delhi,Public,0.004439196174108008,0,-0.15359688917692807,0.8449660373050879,-0.03922452254629874,0.13136619301561814
2215,139311,Clayton  State University,Public,0.004437663707998929,0,-0.15002180549498473,0.982989648855156,0.09327373124264524,0.20495665712658523
2216,208318,Central Oregon Community College,Public,0.004426455147525602,0,-0.13760896637608966,0.5945477478332971,0.08597864035827851,0.1269662905621814
2217,113573,College of the Desert,Public,0.004424169765550793,0,-0.12895377128953772,0.8445968304705093,0.12669931171388787,0.028064703747842104
2218,445948,Northwest Career College,For-profit,0.0044157292399799345,0,0.5509881422924902,0.6822811659183947,0.05345189125471041,0.986189004110388
2219,475839,Sessions College for Professional Design,For-profit,0.004408016769736568,0,0.6648648648648648,0.2742383914170349,0.06237551381971805,1.0
2220,213020,Indiana University of Pennsylvania-Main Campus,Public,0.004401508321629139,0,-0.16507245004261767,1.2311605007485662,0.14326587513622113,0.30496311803374065
2221,176008,Mississippi Delta Community College,Public,0.004401257334069615,0,-0.18958664546899842,0.5132948341726036,0.041866634572638756,0.05628223167416061
2222,184791,Rowan College of South Jersey-Gloucester Campus,Public,0.004397512993304095,0,-0.2174600891701424,0.4033885112991991,0.2681484541428821,0.17199511711675924
2223,148937,Southeastern Illinois College,Public,0.0043954000965305395,0,-0.203810623556582,0.3182604287357473,0.3038565271941464,0.03675708834067401
2224,160579,SOWELA Technical Community College,Public,0.004390785723739958,0,-0.19467718087727945,0.4479830015951659,0.007465515255153908,0.16392883839606273
2225,166692,Massachusetts Maritime Academy,Public,0.004388457797894619,0,-0.20479910714285715,0.46900314137725335,0.12795438970680748,0.2709043047731868
2226,235103,Edmonds College,Public,0.004387118539526308,0,-0.26964580424019297,0.1840914234417596,0.100840198813413,0.22072618153930976
2227,240462,University of Wisconsin-Platteville,Public,0.004382999528602535,0,-0.21581429089590135,0.4554852279050646,0.1927429872245534,0.2274881484736241
2228,199333,Pitt Community College,Public,0.004361927926318256,0,-0.13269394196916354,0.5258779791611716,0.16750452541731603,0.07210863725145858
2229,217420,Rhode Island College,Public,0.004361026502771653,0,-0.23075900571580488,0.31036661802281806,0.14283251491872206,0.2733831811012113
2230,442569,University of Arkansas Grantham,Public,0.004349937736641696,0,-0.23209492866224044,0.7011202686342788,0.07580647227336894,0.5230203345707081
2231,434672,Community College of Baltimore County,Public,0.004346502008489121,0,-0.13608166027520865,0.6907160457654825,-0.007784471686117745,0.21496744960398512
2232,129729,Naugatuck Valley Community College,Public,0.004338719307707375,0,-0.24789430222956235,0.13774455492875284,0.0346232007714376,0.1173981712989759
2233,123509,Skyline College,Public,0.0043322035580379776,0,-0.03180733840736113,0.9898621798903914,0.07741726748072487,0.035906578069156224
2234,201973,Clark State College,Public,0.004329424686154757,0,-0.1704004233550891,0.425507397942154,0.13098544783060587,0.15195989545886662
2235,214041,Millersville University of Pennsylvania,Public,0.004314051872685881,0,-0.12951304124373636,1.3246525320720612,0.0686627665291837,0.36440928393152194
2236,108807,Allan Hancock College,Public,0.004313704245881913,0,-0.13157894736842105,0.745774219401491,0.17125396136013918,0.024330825475067798
2237,133881,Florida Institute of Technology,Private nonprofit,0.004313274682789503,0,0.3807705081368316,0.39772239154756395,0.03634724846558511,0.784556327199839
2238,155186,Highland Community College,Public,0.0043132113916796635,0,-0.18387997208653176,0.29428302515517196,-0.07670899774652162,0.15914894466102536
2239,174473,Northland Community and Technical College,Public,0.004308607172641731,0,-0.2251552795031056,0.3085222927303169,0.061486978029972356,0.1926669576604103
2240,183105,White Mountains Community College,Public,0.004304967421354374,0,-0.24964131994261118,0.5759838175944486,0.2536795726469431,0.22144408155202092
2241,160038,Northwestern State University of Louisiana,Public,0.004301271564757028,0,-0.13862385321100917,1.2828454506177085,0.07615368052843553,0.379954903341216
2242,235167,The Evergreen State College,Public,0.0042996650065050485,0,-0.2624386825508059,0.2652148966118816,0.061939462332612966,0.1743171430546371
2243,234827,Central Washington University,Public,0.004294035858814879,0,-0.20595299365242753,0.36806041466342215,0.0942787123071084,0.2508767168380467
2244,369455,Worsham College of Mortuary Science,For-profit,0.004286810311784929,0,0.6101694915254238,0.9099713033633189,0.2695517697632683,0.9263920269003566
2245,236504,South Seattle College,Public,0.004286733951443882,0,-0.2019215111545351,0.28509407292677175,0.19540545649142543,0.1223298881633063
2246,231420,Averett University,Private nonprofit,0.004286493514412719,0,0.5246085011185683,0.35431113932706954,-0.30641476285677605,0.6107865710984234
2247,447689,Georgia Gwinnett College,Public,0.0042850605669017775,0,-0.1403631829163744,0.8712399412207601,0.10302646029437218,0.2026958497606534
2248,146418,Kishwaukee College,Public,0.004280389559560835,0,-0.1565359477124183,0.6171689919256476,0.08921077519145769,0.1305534581821381
2249,193399,College of Mount Saint Vincent,Private nonprofit,0.004277995180916228,0,0.38517091959557054,0.3339291435898535,-0.025597726946824568,0.7142977362223578
2250,121901,Riverside City College,Public,0.0042779002864990695,0,-0.09333270196041292,1.0098307878459587,0.03031634345447594,0.03584145630076186
2251,207050,Eastern Oklahoma State College,Public,0.004273296484340054,0,-0.1566757493188011,0.6862302077032422,0.15975273170408263,0.1464684920197635
2252,174376,North Hennepin Community College,Public,0.004270754733122973,0,-0.21006776379477252,0.2467517665830864,0.10829369540776615,0.2054657095909366
2253,176336,Southeastern Baptist College,Private nonprofit,0.0042694240471230094,0,0.5396825396825397,0.41485026339361214,0.010848659020364249,0.12257903049027814
2254,136358,Palm Beach State College,Public,0.004267001462309754,0,-0.2258301639553837,0.19919740786205253,0.06323395024919001,0.11574274250546979
2255,138840,Atlanta Technical College,Public,0.00425974357179544,0,-0.17698182775875693,0.42799106981085216,0.1583264344706601,0.0766178769650152
2256,167729,Salem State University,Public,0.004258953406159157,0,-0.1514404360238775,0.719210473211573,0.0717579178912467,0.2910439014098242
2257,184995,Hudson County Community College,Public,0.004258462789915427,0,-0.18519873201658132,0.12506071086324805,0.1118077518539352,0.04483710104407147
2258,186399,Rutgers University-Newark,Public,0.004257361799235717,0,-0.1902241822859243,0.6852247264240536,-0.021162134475501845,0.4817286703946541
2259,145682,Illinois Central College,Public,0.004257327878908089,0,-0.19487941479026175,0.23216701165641374,0.09971119272086994,0.1424815805886788
2260,455512,Woodland Community College,Public,0.004253395636107881,0,-0.08823529411764706,1.055009411057722,0.11362106934783758,0.01730901801794117
2261,199111,University of North Carolina at Asheville,Public,0.004249777466210398,0,-0.19055555555555556,0.5476532459867438,0.17462036544314244,0.16251645457314598
2262,199722,Southeastern Community College,Public,0.00422534482668304,0,-0.1942257217847769,0.373916733755948,0.4524689745975962,0.01984319738690607
2263,110583,California State University-Long Beach,Public,0.004224614605609207,0,0.007731292341107721,1.9150632701447483,0.03496704734269017,0.19190754915514258
2264,179308,Saint Louis Community College,Public,0.004224607430204174,0,-0.17306580316872905,0.26387495648203285,0.2311178770837907,0.07477569495517866
2265,175041,Saint Paul College,Public,0.004221447309284894,0,-0.19396033653846154,0.2922159171013676,0.12515576530476974,0.1452793170188509
2266,165194,Cape Cod Community College,Public,0.004219498238658665,0,-0.19642242862057105,0.21317550019283452,0.29288084844804085,0.112620283795893
2267,229540,Victoria College,Public,0.004217658439401319,0,-0.1774496644295302,0.6417306366395826,0.11880852187696384,0.17498382668484727
2268,246813,Athens Technical College,Public,0.004216839076849944,0,-0.18734230445752734,0.44988979816250585,0.29888667030284444,0.12236241443850608
2269,146685,Lincoln Land Community College,Public,0.004208615178923015,0,-0.18398824825560045,0.32208831903121043,0.16488994339395682,0.16090186033593326
2270,163426,Montgomery College,Public,0.0042073620791916256,0,-0.19393226716839135,0.2248841405357738,0.08498483490143262,0.12418361076701656
2271,214111,Montgomery County Community College,Public,0.004198237501912664,0,-0.16616548646813464,0.6334609822356059,0.07082068198335123,0.257063759353892
2272,172699,Western Michigan University,Public,0.004192666603474295,0,-0.20819748486259898,0.6173861810503173,0.09554851143383164,0.4030803768584973
2273,236708,Spokane Falls Community College,Public,0.004187731649993781,0,-0.2444754130997412,0.29124619518925804,0.1590059212817342,0.12094748313726336
2274,483212,Louisiana Delta Community College,Public,0.004186038500715144,0,-0.09221583370190181,1.1731048858100839,0.19637707922223333,0.10006353764673077
2275,135160,Florida Gateway College,Public,0.004182393072057723,0,-0.20551967116852612,0.26817900981651654,0.1492729588801389,0.09183664875376467
2276,144005,Chicago State University,Public,0.004176481724747741,0,-0.23757815070746957,0.12653817361413205,0.06575008046792992,0.13194561006595984
2277,175342,Alcorn State University,Public,0.004175576182456983,0,-0.16747090547828555,0.46024456389933033,0.10925340791400097,0.09619166804886188
2278,221643,Pellissippi State Community College,Public,0.004168335449277128,0,-0.209650271180101,0.08268961450553419,0.18631870540005388,0.111118218189624
2279,227979,San Jacinto Community College,Public,0.004167250418370427,0,-0.057284604955010476,0.9076094445519866,0.017722861740196064,0.12440723569449962
2280,366340,Stone Child College,Public,0.0041649971535335515,0,-0.11635220125786164,0.36042934815277816,-0.0731126868696188,0.012758732252122826
2281,194222,Onondaga Community College,Public,0.004164555683300673,0,-0.22531484813207747,0.21441067032287942,0.10504871202284219,0.1474199859349145
2282,187666,Eastern New Mexico University-Roswell Campus,Public,0.004157502240804843,0,-0.1773049645390071,0.498668517073605,0.058826483671090654,0.05701429176289722
2283,204699,Ohio State University-Marion Campus,Public,0.004156446221672771,0,-0.29356357927786497,0.010735106341240714,-0.08729950111284931,0.3965248373900597
2284,196015,SUNY College of Technology at Canton,Public,0.004148256949679105,0,-0.1200744647843624,0.8262585625239058,-0.02027522666473067,0.16851883545711802
2285,107725,University of Arkansas Hope-Texarkana,Public,0.004147139210782646,0,-0.1489971346704871,0.26441397558024576,0.11076475272830595,0.0367209904474275
2286,228431,Stephen F Austin State University,Public,0.004142646324448854,0,-0.12660960752563807,0.9399292496607979,-0.1766649664790362,0.38555139391233295
2287,106795,Cossatot Community College of the University of Arkansas,Public,0.004142413108059476,0,-0.1586570111915734,0.27220610977100257,0.04889570210928637,0.08523069558805758
2288,237039,Whatcom Community College,Public,0.004139160665492671,0,-0.1955684007707129,0.4033782568213879,0.021149794659086493,0.12617163596470155
2289,182005,College of Southern Nevada,Public,0.004136101919671769,0,-0.14851806022037595,0.488149986617028,0.08276217968359431,0.17506813527068651
2290,234711,Big Bend Community College,Public,0.00413454206250668,0,-0.18535898639136555,0.17965836682199193,-0.0144612935423552,0.12462337188057566
2291,201672,Central Ohio Technical College,Public,0.004125780621491043,0,-0.24646872297492073,0.1804790938393928,0.18504739643738072,0.20678200205233507
2292,236638,Skagit Valley College,Public,0.004122238484735938,0,-0.24090462143559488,0.05353173869126483,0.24595463535521941,0.10768839387200928
2293,141060,Spelman College,Private nonprofit,0.004119832791388593,0,0.46320754716981133,0.08837671977383968,-0.306099958124926,0.48026698897633513
2294,197814,College of the Albemarle,Public,0.0041161158117740265,0,-0.10552763819095477,0.5175290239740542,0.07550594594587196,0.056923389244245476
2295,196194,State University of New York at Oswego,Public,0.004115808034909724,0,-0.11800766283524904,0.8412492531420749,-0.003053345393637681,0.17192763164644
2296,137209,Seminole State College of Florida,Public,0.0041007303229405635,0,-0.19325222485073787,0.16589951928107727,-0.003217737339800033,0.15688442701174596
2297,107840,Shorter College,Private nonprofit,0.004097126135011883,0,0.45248868778280543,0.06280335115846963,0.3149278483034635,0.19834094490862966
2298,217475,Community College of Rhode Island,Public,0.004095475973304247,0,-0.17001692047377326,0.36423205630463457,0.0686262107250057,0.13199656086923367
2299,160658,University of Louisiana at Lafayette,Public,0.0040952379360165644,0,-0.10122246500915372,1.0469253944376866,0.012730005895406078,0.34013291807435625
2300,191339,Genesee Community College,Public,0.0040950401363625925,0,-0.18202459791863765,0.23716910263110685,0.10763016945352638,0.14416311043172264
2301,104577,Eastern Arizona College,Public,0.004092498191693285,0,-0.19296499087439853,0.28141601914316816,0.2049897215371902,0.059872669984719094
2302,240693,Western Wyoming Community College,Public,0.004091059651832693,0,-0.15242821694434597,0.33462289531988654,0.13997457987284537,0.09937487920017336
2303,223922,Clarendon College,Public,0.004089627120099806,0,-0.1882770870337478,0.5768467689514497,0.0671424705177195,0.21797638942544123
2304,173115,Northwest Technical College,Public,0.00408792366463074,0,-0.23864836325237593,0.3562736476122303,0.11319444444444444,0.1740079365079365
2305,414911,Pennsylvania Highlands Community College,Public,0.004085743276554586,0,-0.1751453488372093,0.46852854173315095,0.1110394843948223,0.2253731216641057
2306,204422,North Central State College,Public,0.004084856000304576,0,-0.19584569732937684,0.3288337523361786,0.16548734204452933,0.23666526549413883
2307,129695,Manchester Community College,Public,0.004081461746019399,0,-0.24442025040827436,0.173071510464281,0.030453060707281866,0.13068731106403875
2308,167312,North Shore Community College,Public,0.004076148648877296,0,-0.1850408314773571,0.15749840428286951,0.1580169672716942,0.10339386411118884
2309,409698,California State University-Monterey Bay,Public,0.004074020125968941,0,-0.07908496732026143,0.9668992123809133,0.14567925779678648,0.15627374668748029
2310,155098,Fort Scott Community College,Public,0.0040691295999032385,0,-0.17952928297755885,0.36825608788817304,-0.008394066790544252,0.12703518791067414
2311,167905,Springfield Technical Community College,Public,0.004064004505115944,0,-0.2212791156731149,0.19372511330991687,0.02151943302481858,0.12683958436402298
2312,138682,Albany Technical College,Public,0.004063127401943728,0,-0.21552511415525114,0.2947990910982947,0.13798918644152539,0.06729222803662195
2313,444778,Charlotte Christian College and Theological Seminary,Private nonprofit,0.004061849366300621,0,0.43037974683544306,0.038307387055979206,-0.059179531158071653,0.6004536302659502
2314,171304,Muskegon Community College,Public,0.004060708341139499,0,-0.1382845711427857,0.8128920270059233,0.1674909953082065,0.1693761514279401
2315,219824,Chattanooga State Community College,Public,0.004060361443878471,0,-0.2013664596273292,0.12772217728862012,0.15098088215479216,0.13527039115693953
2316,198668,Haywood Community College,Public,0.004038783447327543,0,-0.21200980392156862,0.27469723709435107,0.19856078081157302,0.030155495103287005
2317,162104,Cecil College,Public,0.004037393430083406,0,-0.23306689103912495,0.044041844900610846,0.037067966643794,0.09266791662991644
2318,132851,College of Central Florida,Public,0.004033284610890586,0,-0.16987130961392885,0.21705908485117725,0.03334027668291914,0.07149900506633945
2319,175272,Winona State University,Public,0.0040326042199650665,0,-0.19079552925706772,0.35938887971763006,0.060681231420501656,0.2703152700725991
2320,199421,Randolph Community College,Public,0.004031848802722181,0,-0.149500516706855,0.44465392233147716,0.11886538065589206,0.04543830262487975
2321,199485,Rockingham Community College,Public,0.004028038896292613,0,-0.14952806756085443,0.4429218013022385,0.22826635437852572,0.02332014054267704
2322,493512,San Diego Global Knowledge University,For-profit,0.004025271452763827,0,0.7125,0.42733238690374586,0.2498470112994804,1.0
2323,232788,Mountain Empire Community College,Public,0.004024887737931247,0,-0.1664504971897968,0.44230702724938425,-0.029176205619843423,0.14928288927994554
2324,206446,Washington State Community College,Public,0.0040170733346727395,0,-0.18277310924369747,0.32970837045770157,0.1616136811553505,0.21298535815605216
2325,168430,Worcester State University,Public,0.0040152620893614275,0,-0.14393939393939395,0.6651102290580495,0.06271223916138059,0.3004222729692037
2326,101897,Northeast Alabama Community College,Public,0.004010395204450927,0,-0.1311640389131164,0.668758996068503,0.15246187671253575,0.15237702686245722
2327,186645,Raritan Valley Community College,Public,0.0040096111839370285,0,-0.18888746310791737,0.24800817408838088,0.03459819591629564,0.23359663273376724
2328,113193,Cuesta College,Public,0.004008874329903277,0,-0.12170906834500488,0.7140767634140778,0.13248832042687533,0.05810023381453959
2329,196006,SUNY College of Technology at Alfred,Public,0.0040074473186966775,0,-0.11428571428571428,0.7446492631392104,0.0036564630213254306,0.12441020713698576
2330,483814,Standard Healthcare Services-College of Nursing,For-profit,0.004000952854751128,0,0.4940047961630695,0.13613446785572444,0.4750681648399674,0.9520810324672389
2331,240198,Northwood Technical College,Public,0.004000911371470772,0,-0.09743762643290627,0.4940023104918531,0.019082172686219697,0.05718287195277547
2332,161767,Anne Arundel Community College,Public,0.0040003832205392385,0,-0.1946266297905966,0.4969624897028971,0.06803523263985792,0.14283112849666724
2333,139968,Gordon State College,Public,0.003992996740497426,0,-0.10300429184549356,0.793777732987811,-0.03380885808184686,0.11421989786831209
2334,107974,South Arkansas Community College,Public,0.003984766124625741,0,-0.19473319473319473,0.21859528954761895,0.12522011506917266,0.06709385658373562
2335,222053,Volunteer State Community College,Public,0.003984487117096415,0,-0.23917322834645668,0.06159700222734046,0.15477323239322935,0.14722602155581135
2336,219888,Columbia State Community College,Public,0.003983363836849104,0,-0.21427438540840602,0.07448943543168453,0.25389272096939536,0.16189948975980728
2337,147411,Morton College,Public,0.003981497125826415,0,-0.15453931065555304,0.44144628533204433,0.031869442528320135,0.0975133432722811
2338,241766,Puerto Rico Conservatory of Music,Public,0.003967124238736841,0,-0.16624040920716113,0.15914563284040148,-0.14279708338623626,0.12414070536655895
2339,127565,Metropolitan State University of Denver,Public,0.003962999173515424,0,-0.15363545816733068,0.8020772640682629,0.11422760472300282,0.3912010664513603
2340,482680,University of North Georgia,Public,0.003959839835340587,0,-0.08704678954830869,0.9853666716575048,0.04242089412731528,0.26179862391775804
2341,221397,Roane State Community College,Public,0.003952953365397359,0,-0.239549564920662,0.0846362204064431,0.12818961838052403,0.06566708343481961
2342,234377,Wytheville Community College,Public,0.00394923714367703,0,-0.1363265306122449,0.33752660849437,0.10056160565326683,0.09336921337412683
2343,262129,New College of Florida,Public,0.003946750481147297,0,-0.05096418732782369,0.5968662005785403,-0.10022176577254993,0.0
2344,235334,Grays Harbor College,Public,0.003946365362414275,0,-0.20399352401511064,0.19341132643907394,0.10337353839975082,0.10266047531347246
2345,146506,Lake Land College,Public,0.0039454799801371225,0,-0.16211374832064487,0.28638694824860006,0.10281331488608601,0.07627117052227039
2346,198534,Fayetteville Technical Community College,Public,0.0039438653327150625,0,-0.14873970551534815,0.5334955960630048,0.2881513144010598,0.06715973755576486
2347,183655,Atlantic Cape Community College,Public,0.003940398981471593,0,-0.15253565768621236,0.2615736389789655,0.12810733148848202,0.09974462127314396
2348,184205,Rowan College of South Jersey-Cumberland Campus,Public,0.003938641266324994,0,-0.1883573101371696,0.5622902762874586,0.16867098265475552,0.13467419882066164
2349,157386,Morehead State University,Public,0.003935399933803227,0,-0.08773565361508183,0.7268098050715144,0.08983887417592164,0.16843682603766524
2350,229841,Wharton County Junior College,Public,0.003933816117857895,0,-0.20408458864426418,0.601352189132045,-0.028622043355311395,0.27496869541654095
2351,159939,University of New Orleans,Public,0.00393312730821895,0,-0.13607095128173977,0.9339740565614663,0.06415789254150159,0.2725207635417952
2352,237525,Marshall University,Public,0.003931234009545874,0,-0.1681450357920946,0.3490889442685343,-0.05676001985787452,0.23764985147368095
2353,189547,SUNY Broome Community College,Public,0.003925596434211675,0,-0.11458503846783434,0.7445653433780413,0.04880226972365322,0.19014396624537758
2354,409315,South Texas College,Public,0.003924692878287273,0,-0.15610818660373935,0.43783077876463206,0.08110372709868206,0.056334869829943617
2355,151379,Indiana University-Southeast,Public,0.003924039692862351,0,-0.24784924211388776,0.24378259618915482,0.17012165490111797,0.3297525743623202
2356,488527,Arkansas Colleges of Health Education,Private nonprofit,0.003917071882059171,0,0.4775828460038986,0.38593455824831907,-0.19518067819393553,0.9379503534439447
2357,200341,Williston State College,Public,0.003908843254371506,0,-0.18374558303886926,0.2938715088911312,-0.16048688304945435,0.08158002193667303
2358,236188,Olympic College,Public,0.0039049982612164476,0,-0.2187002230009557,0.03941155478828706,0.031691832340047056,0.21378297366303906
2359,222877,Arlington Baptist University,Private nonprofit,0.0039025286600590215,0,0.46308724832214765,0.3788721066891994,0.10222026033231614,0.6253030660914457
2360,188261,Mesalands Community College,Public,0.0038993813562146766,0,-0.06043329532497149,0.8626708785596772,0.021773181162753015,0.06596232497037922
2361,206604,Wright State University-Main Campus,Public,0.003896305558218854,0,-0.2167368080284882,0.37927306677583583,0.2171776102446897,0.3063102601155686
2362,130004,Norwalk Community College,Public,0.003887121065315826,0,-0.19948849104859334,0.22069296815310174,-0.022826716424349965,0.1495169850746621
2363,231882,Danville Community College,Public,0.0038816034541394747,0,-0.1916103803768219,0.24371680742394214,-0.0009957956174713651,0.09515457218940022
2364,170657,Lansing Community College,Public,0.0038726473838037326,0,-0.17990233873040348,0.7235250278577342,0.15363781653687983,0.21034117477620354
2365,185509,Mercer County Community College,Public,0.003872624122429125,0,-0.2217914438502674,0.3209416147166063,0.02126135698227566,0.26763073423312733
2366,101161,Coastal Alabama Community College,Public,0.0038725807135585734,0,-0.09754479097544791,0.646819492581439,0.057096929498478936,0.1769114473951835
2367,107992,Southern Arkansas University Tech,Public,0.0038713539582939174,0,-0.1442831215970962,0.23834764824293,0.07996517438211007,0.08647198489461513
2368,154059,North Iowa Area Community College,Public,0.0038712820882932115,0,-0.14340013821700068,0.5804088670523182,0.027763777022164555,0.1999907128412697
2369,106467,Arkansas Tech University,Public,0.0038677311307779654,0,-0.2015385915969228,0.34559144464383984,0.11534986221863981,0.20394886237306706
2370,488314,Beth Medrash of Asbury Park,Private nonprofit,0.003866665335257227,0,0.48484848484848486,0.24921023335711884,0.3876221243677942,0.30539747243663173
2371,182306,Great Basin College,Public,0.003851498113179968,0,-0.17004153686396678,0.35852209431860377,0.19928367131335514,0.17730423355407252
2372,423652,Oregon Coast Community College,Public,0.0038457616546751596,0,-0.11946902654867257,0.4637179150728259,0.12724892469375657,0.1366481665474812
2373,236258,Peninsula College,Public,0.0038413335885037793,0,-0.1948118006103764,0.1551689356407582,0.000733328491121882,0.06787088305762512
2374,200800,University of Akron Main Campus,Public,0.003840195763233144,0,-0.23494318181818183,0.5786135862092242,0.08451437258331847,0.34236915254297645
2375,199926,Wilkes Community College,Public,0.0038313321959670883,0,-0.13781575037147104,0.5801842300586388,0.10314127474869313,0.033931402263694566
2376,224642,El Paso Community College,Public,0.003816435506904386,0,-0.1610041265474553,0.558369987249917,0.1479367952996698,0.08337013004459494
2377,101286,George C Wallace Community College-Dothan,Public,0.003815768640432926,0,-0.14426083072800358,0.5584337376151773,0.07113101480329878,0.11714957658395612
2378,147378,Moraine Valley Community College,Public,0.003813956348984645,0,-0.19344689993861264,0.36656598673827623,0.07230218959664986,0.11600878041614447
2379,221096,Motlow State Community College,Public,0.0038062628792706454,0,-0.19393592677345536,0.04852910183626628,0.21734073787715893,0.1184675134395028
2380,443049,Faith International University,Private nonprofit,0.0038033397023680806,0,0.45652173913043476,0.09845831022489696,0.15870384179721111,0.47851588821475194
2381,219718,Bethel University,Private nonprofit,0.0037890577403343756,0,0.5024046168643796,0.5577632301866452,0.002448034108023868,0.5518065599027393
2382,172635,Wayne County Community College District,Public,0.003788806630320588,0,-0.15357439733998338,0.30977820145835205,0.1657890942493503,0.08234640324859338
2383,141264,Valdosta State University,Public,0.003782739370812517,0,-0.09414374445430346,0.9048680125845304,0.034245824237660455,0.2828858875963929
2384,491941,Caris College,For-profit,0.0037805302387623075,0,0.6451612903225806,0.28461850026208085,-0.0980431940912181,0.9994169578961976
2385,158431,Bossier Parish Community College,Public,0.0037770828737961836,0,-0.022910216718266253,1.1308982992337147,0.14450368674384872,0.22838108015486122
2386,183062,Keene State College,Public,0.003775763200254568,0,-0.17989720159908623,0.4669689899776458,-0.1400326381142867,0.3286431413449158
2387,213358,La Roche University,Private nonprofit,0.0037722589456242535,0,0.4760885082084226,0.4342070389157617,0.19254591800828932,0.5182775028898792
2388,204945,Owens Community College,Public,0.003771586749340391,0,-0.18807733619763695,0.3500293326365699,0.1973396292018487,0.3053824978635236
2389,165024,Bridgewater State University,Public,0.003763041086728346,0,-0.11736053671537543,0.819402505123388,0.06780503619301978,0.2916007990600572
2390,121707,College of the Redwoods,Public,0.0037535218137487803,0,-0.1412647374062165,0.3997579612106554,0.27503952525327036,0.023828065160793454
2391,126119,Yuba College,Public,0.0037531678120282,0,-0.03999289015286171,1.0550094116714295,0.1136210638702682,0.017309014469034642
2392,148991,Spoon River College,Public,0.0037468530010663454,0,-0.12554112554112554,0.6461096319199202,0.15331432461299774,0.11929921322863665
2393,146472,College of Lake County,Public,0.0037440828237113657,0,-0.152222949865386,0.4562290883401396,0.010060345136502679,0.11056620058671165
2394,236382,Renton Technical College,Public,0.003741159072188078,0,-0.18189081225033288,0.2779394230052353,0.24567948263866315,0.1284536279070867
2395,227225,Northeast Texas Community College,Public,0.00374107709985197,0,0.013721552878179385,1.0935942866573403,0.012133880543561158,0.11875688743293643
2396,176354,Southwest Mississippi Community College,Public,0.003736760241533678,0,-0.15084586466165414,0.4705687121484953,-0.00383083864459652,0.08070306493210844
2397,162168,Chesapeake College,Public,0.0037359503225900532,0,-0.17857142857142858,0.09064981757412456,0.03035988031125577,0.19122231356612818
2398,165981,Greenfield Community College,Public,0.003735217826791392,0,-0.19420783645655879,0.17382839579622109,0.10076524396032358,0.11450246716940819
2399,132693,Eastern Florida State College,Public,0.003734952245254272,0,-0.14577905158936946,0.29653191828769015,0.01295846098034958,0.13612453374314115
2400,172307,Southwestern Michigan College,Public,0.0037317232443043725,0,-0.15600186828584772,0.4326778752457078,0.07241264205521372,0.16733443104350276
2401,213659,Luzerne County Community College,Public,0.00372992251613734,0,-0.14227642276422764,0.6207819331504856,0.07575579127843814,0.2644847865171109
2402,160481,Fletcher Technical Community College,Public,0.0037293731951405337,0,-0.1115451388888889,0.6916053075561477,0.09730806135065473,0.185334031962056
2403,151865,Anabaptist Mennonite Biblical Seminary,Private nonprofit,0.0037286846436432293,0,0.5,0.008325507669278368,0.41776107200917145,0.011097349734221662
2404,154572,Western Iowa Tech Community College,Public,0.003728399323010501,0,-0.13821954484605087,0.3293115683500413,0.0631297998698376,0.1642911683402256
2405,233310,Rappahannock Community College,Public,0.0037245770214365146,0,-0.10931591612237883,0.5582680877956151,-0.0004945394551604704,0.21617714130883367
2406,180203,Aaniiih Nakoda College,Public,0.003724553493762369,0,-0.12213740458015267,0.3848178467538691,0.047207192565367005,0.02977283402261336
2407,186876,Stockton University,Public,0.0037233904344299265,0,-0.08596738473927924,0.9349342472432528,0.0014888568409247482,0.36150611793290977
2408,147703,Northern Illinois University,Public,0.0037229902266279866,0,-0.057799987958335845,0.7794572321556406,-0.00020724711575138802,0.1770044007427415
2409,147916,Parkland College,Public,0.003721258543064602,0,-0.12657450076804916,0.5403437652180652,0.12737198298530752,0.1324311791703724
2410,183938,Camden County College,Public,0.0037203173383999933,0,-0.20184899845916796,0.33372429661438113,0.07017701354237632,0.14954460852108994
2411,142443,North Idaho College,Public,0.003718775997328644,0,-0.15232833464877663,0.1615495304090873,0.07737387900132597,0.11218277033032883
2412,110592,California State University-Los Angeles,Public,0.003715367406770242,0,-0.007911214427655506,1.4177192344391054,0.061775413416311216,0.11887579711072442
2413,128577,Asnuntuck Community College,Public,0.003712558288515372,0,-0.21,0.11254130375377035,-0.04445060960931778,0.10635394256545005
2414,198905,Martin Community College,Public,0.003706146067175022,0,-0.037714285714285714,0.8551279810657337,0.019528699859490368,0.022800844400148446
2415,127778,Otero College,Public,0.0037035081514398276,0,-0.21892103205629398,0.10520311737457887,0.03034416973393956,0.10631287227700759
2416,222567,Alvin Community College,Public,0.003699916544520346,0,-0.06658616525789202,0.8615739138052193,0.11917699121551005,0.13631012230279918
2417,225308,Trinity Valley Community College,Public,0.003695472523229939,0,-0.13974009305310445,0.49305967126769484,0.10509671254490532,0.10085700556547582
2418,108092,University of Arkansas-Fort Smith,Public,0.0036942243716811133,0,-0.14142059058260176,0.33209594563083844,0.014101774996165335,0.15504058107880261
2419,164775,Berkshire Community College,Public,0.0036938305378928097,0,-0.15980331899200984,0.14033294422196593,0.033663362370873154,0.12350732869610405
2420,170639,Lake Superior State University,Public,0.0036925952534043044,0,-0.1658266129032258,0.49876575636867926,0.12278517880387445,0.2113727382593216
2421,120290,Ohlone College,Public,0.003691518689795835,0,-0.06089887640449438,0.9229268332081767,0.013613629060273797,0.05986136155654591
2422,169327,Cleary University,Private nonprofit,0.0036829584352061906,0,0.460655737704918,0.5619175274711414,-0.12262195410083954,0.7652165010159561
2423,153861,Maharishi International University,Private nonprofit,0.0036809468414581276,0,0.4363245566899516,0.3253647329121195,0.17043190490662885,0.6186978691790768
2424,490328,Mechon L'hoyroa,Private nonprofit,0.003677001568270403,0,0.7090909090909091,0.580916035670026,0.034633914467704745,0.20320813040131103
2425,129020,University of Connecticut,Public,0.003676846398177275,0,-0.010153958944281526,1.414425573555593,0.01986166666350923,0.1384687541589515
2426,219602,Austin Peay State University,Public,0.003675178833486043,0,-0.1558653149891383,0.31352354757568673,0.10023928380043232,0.22258122057500015
2427,186201,Ramapo College of New Jersey,Public,0.0036720020025824865,0,-0.10810810810810811,0.7378070914408213,0.07068998379872296,0.3214464404841323
2428,136473,Pensacola State College,Public,0.0036695645456627122,0,-0.17831771852156902,0.20974663781262243,0.1997724632418621,0.07341701309227221
2429,222576,Amarillo College,Public,0.003666619613911611,0,-0.07711263990142725,0.8500613141803217,0.039510453100504064,0.11288907607802313
2430,110219,Bryan University,For-profit,0.003666398713250006,0,0.5847533632286995,0.480004715968251,0.143364894286945,0.9664177632270894
2431,110565,California State University-Fullerton,Public,0.003665807312099909,0,-0.0014587711707256769,1.738582945698883,0.14594303832713376,0.21195427576965736
2432,137078,St Petersburg College,Public,0.0036632545325141256,0,-0.18549197657089384,0.217220536662089,0.07036035902403637,0.1297301230653237
2433,198251,Central Carolina Community College,Public,0.003660621607544979,0,-0.08452922646132306,0.7756644378964108,0.05816628923540813,0.059448461789270615
2434,106704,University of Central Arkansas,Public,0.003654899109883268,0,-0.08795657374183458,0.6946530550187817,0.013885668294512007,0.24433555011678726
2435,122755,San Jose State University,Public,0.0036475356821030866,0,-0.009255923513925454,1.6868474061788075,0.04939898029292708,0.2906096392111465
2436,485458,Coastal Pines Technical College,Public,0.0036468215849020285,0,-0.16696309470875945,0.16250210654994535,0.14048992551458847,0.17154934364246568
2437,148672,Sauk Valley Community College,Public,0.0036452143090427965,0,-0.14232673267326731,0.34139199650602103,-0.0200449640883686,0.07845640609309425
2438,154925,Coffeyville Community College,Public,0.003626862196125629,0,-0.161547212741752,0.4333973092267645,0.1826472579367581,0.20473950391588455
2439,168263,Westfield State University,Public,0.0036229770587182806,0,-0.18861087144089733,0.6826001514893958,0.08820689246479373,0.3018718920095972
2440,196176,State University of New York at New Paltz,Public,0.003617663559735215,0,-0.10223024365089596,0.8309791181742388,0.04919741423126878,0.17959394812308307
2441,231697,Central Virginia Community College,Public,0.0036168489953122087,0,-0.11146079202727512,0.6016604925116581,0.020021746157440828,0.19565750121773898
2442,237899,West Virginia State University,Public,0.0036162476203831784,0,-0.08131067961165049,0.591459013535306,0.0886403751731833,0.16009055361637456
2443,199786,Alamance Community College,Public,0.003615803547262395,0,-0.08987985212569316,0.39274422601377545,0.3024763601130244,0.03406149651005251
2444,233754,Virginia Peninsula Community College,Public,0.0036144750703795197,0,-0.17719442165709598,0.32903654591363957,0.06016569615896803,0.18075460266932739
2445,207209,Langston University,Public,0.0036040953046904863,0,-0.13105022831050228,0.3386559858946108,0.026535486375750164,0.13307551689851094
2446,170620,Lake Michigan College,Public,0.003601890493915653,0,-0.1585043017868961,0.35964890434913926,0.15735947275622575,0.14331933803068095
2447,110422,California Polytechnic State University-San Luis Obispo,Public,0.003599972539216745,0,0.02678988145244096,1.5435002503232846,0.06977697514718104,0.3416070997767887
2448,236072,North Seattle College,Public,0.0035966113750965376,0,-0.17881608993500792,0.25637055618821786,0.18753363711630897,0.1414496756887728
2449,123095,Saybrook University,Private nonprofit,0.0035951928289152347,0,0.47238372093023256,0.24276867907108096,0.06411267831450224,0.987031072884886
2450,216038,Slippery Rock University of Pennsylvania,Public,0.0035946400044602105,0,-0.06345408976987925,1.1292735698680583,0.05787528388009025,0.39373837001113726
2451,174020,Metropolitan State University,Public,0.003593842181311723,0,-0.17096944151738672,0.43976754831134196,0.1190525454071122,0.23106125349717976
2452,196097,Stony Brook University,Public,0.0035928285094819668,0,-0.04117252181696129,0.6546540876625652,0.03893736340220835,0.08051853089896409
2453,165033,Bristol Community College,Public,0.0035926177489175194,0,-0.15019705152532478,0.21732229505678222,0.022753696193044546,0.1791058486790158
2454,260372,Lac Courte Oreilles Ojibwe University,Public,0.003585019928373148,0,-0.10619469026548672,0.2579227179649212,0.38511987837898465,0.003361582530311012
2455,141839,University of Hawaii Maui College,Public,0.003578652806710657,0,-0.17379679144385027,0.15815758938455632,0.03609375480307999,0.07575854933007702
2456,244446,Georgia Piedmont Technical College,Public,0.0035717591437281404,0,-0.15619495008807985,0.283022238841222,0.25565590141536226,0.05972545046633825
2457,171483,Northwestern Michigan College,Public,0.0035677554178855852,0,-0.13439508242525844,0.6160787186920562,0.10227850052283265,0.27494072244443674
2458,175810,Holmes Community College,Public,0.0035651119749734047,0,-0.10508229336227166,0.593697669751651,0.12323902119965333,0.0676123300988478
2459,218991,York Technical College,Public,0.0035637538480061486,0,-0.0017663943475380878,0.9984612669026053,-0.005705494391915192,0.17001538158897958
2460,196307,Upstate Medical University,Public,0.0035628771972127877,0,-0.09886649874055416,0.5576899694630845,0.09701548481622879,0.020902209824894817
2461,133702,Florida State College at Jacksonville,Public,0.0035620597372425363,0,-0.1724039829302987,0.2532161661641573,0.06662710385458129,0.1468191763982036
2462,133508,Florida SouthWestern State College,Public,0.003562037833276492,0,-0.14081804006237256,0.26162686037822463,0.13074719489392903,0.1050441679217109
2463,159407,Louisiana State University-Eunice,Public,0.0035614001795847418,0,0.01639344262295082,1.366803235545997,0.1692858810215347,0.23252475255859548
2464,218885,Tri-County Technical College,Public,0.0035547154040001506,0,-0.08930593755055816,0.8889785729124545,0.03308012712209773,0.13144724553348425
2465,240417,University of Wisconsin-Stout,Public,0.0035531574216405223,0,-0.14014025912278616,0.44786520756717196,0.056504822743046516,0.2945285873835988
2466,153737,Kirkwood Community College,Public,0.003552227227325034,0,-0.10023208587177256,0.5889434765872352,0.060180623993544846,0.12417191385109987
2467,233338,Richard Bland College,Public,0.003552007288436602,0,-0.13642105263157894,0.6323260784495444,-0.012128834504817344,0.22005364744147277
2468,196112,SUNY Polytechnic Institute,Public,0.0035484782219604703,0,-0.054557551563539586,0.7320911061473517,0.0976802627624714,0.030796300265553453
2469,173124,Bemidji State University,Public,0.003548294142716309,0,-0.1784766183377578,0.38845763295037805,0.029997950300823497,0.24496316570009283
2470,228608,Temple College,Public,0.0035446475659857753,0,-0.05831798649478207,0.8966195551093521,0.0965865800384031,0.18621401142432087
2471,227182,Lone Star College System,Public,0.003542586156399892,0,-0.07920592193808883,0.8111568460800417,0.09890906680112876,0.10206405551231239
2472,169798,Eastern Michigan University,Public,0.0035384755582769743,0,-0.2117633828160144,0.7192557746484103,0.10196065321486067,0.40989284045911145
2473,143613,Carl Sandburg College,Public,0.0035348768896481825,0,-0.12311688311688311,0.46161543080876455,0.1652296371213801,0.1321594727943726
2474,491525,Union Bible College,Private nonprofit,0.003530665403224891,0,0.5454545454545454,0.11595874068707922,0.011115592306927956,0.07896228864968767
2475,227386,Panola College,Public,0.003530478940988504,0,-0.0819545979222778,0.4875698224710237,0.15339076032830545,0.1159010434172331
2476,206914,Cameron University,Public,0.003527311023098264,0,-0.1747947851279575,0.5353611240241462,0.07085131344968609,0.2152250420086363
2477,127389,Lamar Community College,Public,0.0035259885102383536,0,-0.21319199057714958,0.1553355809278376,0.1800244378715039,0.10576015589377706
2478,130396,Gateway Community College,Public,0.00352312511437588,0,-0.18735431235431235,0.13278075521502083,-0.031095072857934294,0.13399924648877307
2479,141255,Wiregrass Georgia Technical College,Public,0.0035182841775632853,0,-0.14264296423216963,0.1664746174938496,0.4902981473001752,0.07211353631383723
2480,130776,Western Connecticut State University,Public,0.003517514390201275,0,-0.2155922571479311,0.14522701804139523,0.056032051796423475,0.26260904925756184
2481,182500,Truckee Meadows Community College,Public,0.0035074843670577747,0,-0.14713679745493108,0.42522687037372625,0.11359860490874171,0.1895863035973088
2482,102094,University of South Alabama,Public,0.003507325830115279,0,-0.06661109953462527,0.7307846668825198,0.022170451476605738,0.11167867117448185
2483,222822,Angelina College,Public,0.0035001628037070985,0,-0.14340753424657535,0.510338360830536,0.08574412787510777,0.1059802999393462
2484,159993,University of Louisiana at Monroe,Public,0.003497304240673911,0,-0.03170759829355471,1.0603959773389873,0.04647479167387884,0.3170920762928523
2485,101569,Lawson State Community College,Public,0.003496307421226058,0,-0.1351111111111111,0.4905696046194366,0.15129982503228165,0.047703017828422706
2486,181534,Peru State College,Public,0.003494453743741718,0,-0.14698909435751542,0.20472605635384877,-0.017174904048478098,0.20457542842124504
2487,235699,Lake Washington Institute of Technology,Public,0.003491023778783604,0,-0.1298342541436464,0.32427961951123896,0.06657343631404765,0.20504342013930385
2488,170240,Henry Ford College,Public,0.003487126918923419,0,-0.07755639716779186,0.9183236823024165,0.18566135589256258,0.1850271269409427
2489,183026,Southern New Hampshire University,Private nonprofit,0.003481974597084964,0,0.4455573761826735,0.28296884130967087,0.0705255809266647,0.9191337450449759
2490,173708,Hennepin Technical College,Public,0.0034804307999746218,0,-0.14075675675675675,0.4392985685407662,0.10108198511843812,0.1854222131203495
2491,207069,Redlands Community College,Public,0.003478380611983283,0,-0.0868421052631579,0.6974307980816411,0.163728786207459,0.0990528805179627
2492,174358,Minnesota State University Moorhead,Public,0.003478141569839014,0,-0.185314076909692,0.36896391180297733,0.11254235307863068,0.28801067102854694
2493,234979,Columbia Basin College,Public,0.0034735743049848773,0,-0.14945054945054945,0.33527254348034297,0.0348872009896348,0.1521443281367468
2494,232414,J Sargeant Reynolds Community College,Public,0.0034732196124951536,0,-0.13592010102169672,0.34727380723283185,0.03660967803732447,0.2495337409088692
2495,199892,Wayne Community College,Public,0.003472354125421254,0,-0.07327001356852103,0.7369048769083631,0.13681735263176528,0.05937850062226176
2496,187198,Union County College,Public,0.0034700355112779815,0,-0.15085502668554623,0.21447996084456541,0.16470793653492857,0.1992255529348507
2497,227377,Texas Southmost College,Public,0.003469328846505978,0,-0.11358368103847936,0.32371765536982394,0.11677963299985501,0.029974931318455234
2498,198710,Isothermal Community College,Public,0.0034636088082208023,0,-0.10067114093959731,0.42254954669079514,-0.03420302799178211,0.029436109979315513
2499,225502,University of Houston-Victoria,Public,0.003461023905488284,0,-0.09964491788726143,0.7924718322567084,-0.053381082830194965,0.338782910861198
2500,207397,Oklahoma State University-Oklahoma City,Public,0.0034577951676872357,0,-0.18893664735563445,0.3612423288111081,0.11999058523553288,0.17278236758043725
2501,139357,Columbus Technical College,Public,0.0034565030539108225,0,-0.10174835196331328,0.3386459858174987,0.1976550591211695,0.10885049171675487
2502,128106,Colorado State University Pueblo,Public,0.0034558471319571745,0,-0.06552746787176952,0.7143332217715633,0.038963734640136964,0.23880595037137514
2503,174075,University of Minnesota-Crookston,Public,0.0034543733672691363,0,-0.16799132947976878,0.0799630326743367,-0.03801589223747822,0.21653258156438285
2504,141334,University of West Georgia,Public,0.003453502749403864,0,-0.10160145037014655,0.8999770964620737,0.1448620313980079,0.2800651141827001
2505,176035,Mississippi University for Women,Public,0.0034511429206273646,0,-0.167911775168979,0.27625089703833694,0.15945603563699376,0.17222094816638472
2506,136400,Pasco-Hernando State College,Public,0.003446738151345598,0,-0.21161754626456478,0.10583195866519601,0.2321455668131562,0.07834537925285918
2507,198464,East Carolina University,Public,0.003446341214197813,0,-0.05235419357090503,0.7059680144845104,0.1566630080577168,0.1729237834577482
2508,367459,NorthWest Arkansas Community College,Public,0.0034438123349418213,0,-0.09423833949660027,0.5160478228148683,-0.053263650815264574,0.15641985031439284
2509,226134,Laredo College,Public,0.003443202351723562,0,-0.08656862745098039,0.7469430911980564,0.15511423502457863,0.03735137032986732
2510,160612,Southeastern Louisiana University,Public,0.003440855394727296,0,-0.05309423347398031,1.1958056974762559,0.03091316606799057,0.3443978291804049
2511,174136,Minneapolis Community and Technical College,Public,0.003438594719844585,0,-0.14029084687767324,0.2427255023707383,0.14728764363626726,0.14902386979629162
2512,202222,Columbus State Community College,Public,0.0034329859523420034,0,-0.107603252956426,0.6060905520527704,0.11809777442593748,0.22238693942863344
2513,138293,Webber International University,Private nonprofit,0.003432779287587805,0,0.5414965986394558,0.42797485593368517,-0.059539209620625914,0.651781179684924
2514,228316,Southwest Texas Junior College,Public,0.0034307012532934535,0,-0.09159311242946028,0.8181123830108321,0.06383303437966573,0.12478304049483349
2515,153922,Marshalltown Community College,Public,0.0034295018305597054,0,-0.12326656394453005,0.346643281542638,0.11516141879531842,0.13642593485254878
2516,102313,H Councill Trenholm State Community College,Public,0.003425552990520834,0,-0.02840352595494613,0.7166355862299285,0.23006691705490606,0.09396413438657349
2517,240666,Northern Wyoming Community College District,Public,0.0034230492480920144,0,-0.17276282493673797,0.3862711470253799,0.16144892517316714,0.12923629974925374
2518,207935,Tulsa Community College,Public,0.0034188067330499354,0,-0.12287438288535381,0.5858569530674664,0.16866323562852642,0.07185012481448834
2519,164076,Towson University,Public,0.0034184670434435306,0,-0.1284072394204941,0.4039654593806564,0.0900969614785022,0.23479559186586352
2520,176071,Mississippi Gulf Coast Community College,Public,0.0034182572751466425,0,-0.12385526021889658,0.45378600601384955,0.232939577551244,0.11487595433584209
2521,163338,University of Maryland Eastern Shore,Public,0.0034134686228015263,0,-0.1275121275121275,0.2635744186877698,0.15409840521493767,0.08978524603526489
2522,149365,South Suburban College,Public,0.003413000805948822,0,-0.03959665518937531,0.9772724206802331,0.03498877386451335,0.05686481093775279
2523,170541,Kalamazoo Valley Community College,Public,0.0034127211981180203,0,-0.18014184397163122,0.4141045590296828,0.12252106172437398,0.1830412789681054
2524,143279,Black Hawk College,Public,0.0034109427599715147,0,-0.15630590339892667,0.24989284215923568,0.21906633467213837,0.09594791002093402
2525,175643,East Central Community College,Public,0.0034104373990272575,0,-0.016122364613476645,0.6547818269061102,0.11757082372159801,0.041209919542627
2526,205966,Southern State Community College,Public,0.003409668520912278,0,-0.18841183826594415,0.43767760958973856,0.27451513081397105,0.1676603566941473
2527,232450,Brightpoint Community College,Public,0.003408361092304686,0,-0.13396375098502758,0.24075019159233993,0.02366536054189314,0.19339054521283428
2528,198640,Halifax Community College,Public,0.003408248350544223,0,-0.08463661453541858,0.6823014182913049,0.0865531596962886,0.032516143189606654
2529,183114,River Valley Community College,Public,0.003407719214797259,0,-0.13306982872200263,0.49214596701953534,0.18797610169957243,0.28284882067680006
2530,184180,County College of Morris,Public,0.0034074248834066816,0,-0.2203525641025641,0.1629483867799979,0.009350348059624921,0.32946514167940444
2531,110529,California State Polytechnic University-Pomona,Public,0.0034067245526044373,0,-0.019780454772257466,1.369400347791987,0.042606472137639545,0.1912547779182627
2532,187648,Eastern New Mexico University-Main Campus,Public,0.0034062243807739556,0,-0.10184696569920844,0.6425430816477231,0.03226396296755891,0.22537985946056624
2533,236939,Washington State University,Public,0.0034046796425566098,0,-0.12870566646628911,0.36178317046772,0.046877157918579465,0.23792512362586812
2534,172644,Wayne State University,Public,0.0034039382923067153,0,-0.11907247241276468,0.48822244622781574,-0.006073524496293089,0.3065781903264163
2535,172954,Anoka Technical College,Public,0.00340003641205306,0,-0.14036996735582155,0.24306112626343654,0.091162385720505,0.2045711797997388
2536,137096,Santa Fe College,Public,0.00339210421965409,0,-0.14656386188400938,0.5718939544735032,0.05893750751618663,0.18538966372110618
2537,162706,Harford Community College,Public,0.0033897708770204743,0,-0.1952673093777388,0.061520855005928805,0.04431741420498523,0.17370668378776738
2538,199157,North Carolina Central University,Public,0.0033871431678340713,0,-0.05717138933965797,0.560674418404034,0.09055254215642478,0.133464542536279
2539,213349,Kutztown University of Pennsylvania,Public,0.0033845504466322573,0,-0.09029896278218426,1.1371497851046166,0.08137120203486901,0.28774193243607127
2540,130040,Northwestern Connecticut Community College,Public,0.003380709071623309,0,-0.12155963302752294,0.10134254417479664,-0.06885971963410446,0.07460978588360098
2541,187046,Thomas Edison State University,Public,0.003373830462462257,0,-0.19350738241908674,0.4975463465157086,0.03511535925367304,0.5155059123711884
2542,211307,Bucks County Community College,Public,0.0033651331376258636,0,-0.17620320855614974,0.5940125004741752,-0.012420382948827847,0.3222682139247213
2543,172617,Washtenaw Community College,Public,0.003359093427271289,0,-0.11320754716981132,0.5789816033381312,0.15927988221522899,0.16840844177482506
2544,106245,University of Arkansas at Little Rock,Public,0.0033535857213090547,0,-0.14445256236301013,0.3524261550507324,0.014486233926487723,0.1915341629580867
2545,180197,Flathead Valley Community College,Public,0.0033489592419091406,0,-0.11512884455527847,0.3958211664419384,0.11549506870773674,0.1664655879133414
2546,141680,Honolulu Community College,Public,0.003345453931876732,0,-0.12564102564102564,0.18108346587416066,0.0417317121449093,0.11996297832182906
2547,179539,State Fair Community College,Public,0.0033390879721466697,0,-0.13152985074626866,0.3178609153998918,0.17950811841879105,0.18747933475963297
2548,160630,Southern University at New Orleans,Public,0.0033390468981006755,0,-0.15547856214811606,0.3176085137413175,0.0979304855790371,0.19913758686846106
2549,221908,Northeast State Community College,Public,0.003335778091092709,0,-0.161873459326212,0.08304646735087201,0.18187626657095238,0.07463424456474026
2550,144944,Elgin Community College,Public,0.003334327182472946,0,-0.10280938475480818,0.5464662258059009,0.03674896692212219,0.11362603805847016
2551,178217,Mineral Area College,Public,0.00333430869835747,0,-0.13295454545454546,0.328508183486541,0.3480517372753739,0.11178520500425408
2552,238263,Madison Area Technical College,Public,0.0033342372499263182,0,-0.10629216577171967,0.4755845502174862,0.05268828428856118,0.12719573816076155
2553,216825,Westmoreland County Community College,Public,0.003333655971277054,0,-0.10204520990312163,0.5346239096519232,0.07968499362130291,0.21252690663422485
2554,210146,Southern Oregon University,Public,0.003330439398475681,0,-0.1459051370425078,0.42580312567268336,0.019342296553370303,0.2666387920791388
2555,240505,Casper College,Public,0.0033298937094942724,0,-0.0732246476927328,0.42713044879316603,0.12329903148114288,0.12061248296453954
2556,173559,Minnesota State Community and Technical College,Public,0.0033267490223456474,0,-0.13210647387446597,0.28462801794928166,0.139129568768051,0.19689273976695548
2557,102553,University of Alaska Anchorage,Public,0.003323108899444404,0,-0.18032273225755915,0.17277527285543362,-0.036222710846090085,0.21933512453117393
2558,200086,Nueta Hidatsa Sahnish College,Public,0.003319179216605582,0,-0.15270935960591134,0.2900551103668419,0.17103657227234775,0.04288788448348384
2559,239488,Northeast Wisconsin Technical College,Public,0.0033174484453046766,0,-0.05024498886414254,0.5495226920545687,0.04412054806947055,0.1348063917660036
2560,187967,New Mexico Institute of Mining and Technology,Public,0.0033172883954401397,0,-0.07956403269754768,0.5997707555987073,-0.06099909646868197,0.0563298847205697
2561,177676,Jefferson College,Public,0.0033140131296633965,0,-0.13584366062917064,0.2714671666106683,0.19990558287753618,0.09197445265569491
2562,228501,Sul Ross State University,Public,0.0033105942274994993,0,-0.1741479634247714,0.1504671978732309,-0.24205728971163604,0.16655861999561253
2563,236753,Tacoma Community College,Public,0.0033105682402044226,0,-0.09729286300246104,0.2977792856898179,0.08203769386628927,0.13727655416351475
2564,196042,Farmingdale State College,Public,0.0033104492998391704,0,-0.06822729091636655,0.7659414736966065,-0.01455722279538644,0.22703123609546635
2565,162122,College of Southern Maryland,Public,0.0033076677025536834,0,-0.23350653440403085,0.09236876719916019,0.22103646863420245,0.1822234719321578
2566,226408,College of the Mainland,Public,0.0033068809848790805,0,-0.043737998719863454,1.046034108354994,0.1135867990312295,0.10573285650203386
2567,146205,John A Logan College,Public,0.00330545575547152,0,-0.12606837606837606,0.4740368693359993,0.13784164076750552,0.06762544104118423
2568,395362,Copper Mountain Community College,Public,0.0033048159553750946,0,-0.08545335942596216,0.6659395291746004,0.2061884522365754,0.01276550533472018
2569,181765,Nebraska College of Technical Agriculture,Public,0.0033036754730711338,0,-0.08459214501510574,0.26667809028254563,-0.005749398872374628,0.09445221048316894
2570,171535,Oakland Community College,Public,0.003303220678102027,0,-0.11708631911116955,0.3232473357069006,0.13475003741964114,0.14185527871971465
2571,205841,Stark State College,Public,0.0033022706590288466,0,-0.15207100591715977,0.23338786878662487,0.2849496828360249,0.22417752762522405
2572,101994,Reid State Technical College,Public,0.0033020316839297505,0,-0.11247443762781185,0.68987439206072,0.2631607123607043,0.09013040213262392
2573,139250,College of Coastal Georgia,Public,0.003300585489060635,0,-0.10975954738330976,0.6177132937757499,0.0019112214215112919,0.13852986158373393
2574,174783,Saint Cloud State University,Public,0.0032984859788115256,0,-0.20147137711702046,0.35534824552104316,0.07410426450557715,0.26901252162754863
2575,170055,Grand Rapids Community College,Public,0.003293014816015073,0,-0.1105501130369254,0.6080582987510714,0.2331890171173473,0.23540703458170853
2576,139463,Dalton State College,Public,0.0032915519201362257,0,-0.08803384367445609,0.7387161292376415,0.05793514496832848,0.18708964275364118
2577,141006,South Georgia Technical College,Public,0.003290787073630045,0,-0.1502125649504015,0.26611257208851846,0.11594402406600367,0.14722539306382587
2578,183080,Plymouth State University,Public,0.003287921804050905,0,-0.16695352839931152,0.43813789177806656,0.07413321589627407,0.3734950464578563
2579,153630,Iowa Western Community College,Public,0.0032870938306665725,0,-0.10624058892420947,0.49930354245332564,0.15753691912161466,0.19812924391204856
2580,136145,North Florida College,Public,0.00328542754448666,0,-0.08522727272727272,0.16723612204186428,0.03215140013294781,0.037300715111028525
2581,167215,New England Law-Boston,Private nonprofit,0.003283537032545234,0,0.49506346967559944,0.030360324557323622,-0.9839338619738093,1.1168692167552512
2582,151342,Indiana University-South Bend,Public,0.0032788986435096546,0,-0.15043205027494108,0.22016126696286095,0.06869603509414796,0.34092666939770144
2583,216296,Thaddeus Stevens College of Technology,Public,0.0032779976150842985,0,-0.025983667409057165,1.4156863308912415,0.12378221081393041,0.240752431213127
2584,128586,Bais Binyomin Academy,Private nonprofit,0.0032691336869828166,0,0.5789473684210527,0.46545989055325937,0.032961398566854164,0.3140266134652196
2585,155566,Neosho County Community College,Public,0.0032685496849057193,0,-0.136986301369863,0.38049600554282587,0.10853291903731203,0.1784878685088568
2586,207661,Rogers State University,Public,0.003265597748041779,0,-0.1199442119944212,0.6430326430211534,0.10217868471314609,0.26944648225746226
2587,200192,Lake Region State College,Public,0.0032637114060491846,0,-0.15287588294651866,0.2954003052297932,-0.04757161685277357,0.19017149479565507
2588,100706,University of Alabama in Huntsville,Public,0.003261158869086556,0,-0.07519022827392871,0.7332138271265002,0.0678162536407205,0.23058431156371106
2589,155061,Fort Hays State University,Public,0.0032606435252049534,0,-0.18600704048277597,0.27760571625947955,0.02243171775480579,0.3430708401075601
2590,143215,Southwestern Illinois College,Public,0.0032587538535802647,0,-0.15514809590973203,0.20874123276256681,0.18661173210187484,0.1534440161472868
2591,163657,Prince George's Community College,Public,0.0032585953575021633,0,-0.1309806582965728,0.14255676833287265,0.16654901268772726,0.10873682931737803
2592,185262,Kean University,Public,0.003256966467516314,0,-0.09958767209448599,0.5499151857164571,0.05628318301203174,0.31612299636213337
2593,198367,Craven Community College,Public,0.0032526533862033535,0,-0.0878081729145559,0.4953484220100233,0.06899932844092906,0.05419850887570639
2594,209807,Portland State University,Public,0.0032521268539535,0,-0.1465976857154141,0.42805389168843067,0.05529777856571579,0.2932907098483111
2595,183150,Great Bay Community College,Public,0.0032514127944310543,0,-0.16519174041297935,0.886203384389488,0.21640148929357586,0.38534101320099623
2596,233772,Tidewater Community College,Public,0.003245734440150091,0,-0.15049307595467898,0.3321612963770422,0.048711220603056944,0.12129673853681357
2597,211608,Cheyney University of Pennsylvania,Public,0.0032424589399536034,0,0.1314935064935065,1.3310881756174022,0.1645735154036769,5.43818230518114e-06
2598,198233,Catawba Valley Community College,Public,0.003241361644625518,0,-0.11101640741529938,0.49873113119087126,0.05330011651269056,0.08097586969481758
2599,131399,University of the District of Columbia,Public,0.0032406792948724405,0,-0.1481305072636342,0.18411611430156563,-0.05373663285192533,0.12233245661282524
2600,229799,Weatherford College,Public,0.003237983115351367,0,-0.08379606259464917,0.600534078265748,0.1715074450968714,0.1458401891964675
2601,110246,Butte College,Public,0.003237578407530489,0,-0.07306930693069306,0.681005422158399,0.1336877896750141,0.02625466323117022
2602,178411,Missouri University of Science and Technology,Public,0.0032353866817774386,0,-0.12462908011869436,0.2866968474624071,0.05200269486989233,0.25142094363121154
2603,214379,Northampton County Area Community College,Public,0.003234607966917865,0,-0.13428571428571429,0.45163476930116514,-0.01598250861905492,0.2215158006480236
2604,163851,Salisbury University,Public,0.003234200777696024,0,-0.17337820587211328,0.2351119584797434,-0.008012823245955985,0.2491306181992168
2605,154800,Butler Community College,Public,0.0032334556879310373,0,-0.1590909090909091,0.2504584677814982,0.034848897784177234,0.20166142991538097
2606,203748,Lorain County Community College,Public,0.0032331893633314236,0,-0.10150891632373114,0.4137890378277415,0.13445269110722055,0.06928418355425593
2607,208415,Clatsop Community College,Public,0.0032304202182698773,0,-0.0916030534351145,0.5575519075125102,-0.04301823316027485,0.08706436063101304
2608,138187,Valencia College,Public,0.003227989795246481,0,-0.09532749269920734,0.2854584668157348,0.08522454304346866,0.15060133243266913
2609,237686,West Virginia University at Parkersburg,Public,0.003227815832278712,0,-0.1880766501064585,0.1348998182569505,0.08048602806936267,0.2522723698177449
2610,210270,Umpqua Community College,Public,0.003223826147483617,0,-0.054109031733116354,0.7009728006638856,0.24318000927295017,0.0904397172698645
2611,159717,McNeese State University,Public,0.0032198240151608097,0,-0.14599040438656613,0.48081054497394193,0.25165972682419796,0.2977321754467995
2612,235750,Lower Columbia College,Public,0.0032082610999061875,0,-0.09914909359970403,0.45627658167103435,0.05714188183674171,0.09382120717977399
2613,155450,Labette Community College,Public,0.0032072260483857937,0,-0.17102966841186737,0.07768566926964472,0.16526217910170268,0.10209563407258902
2614,133553,Embry-Riddle Aeronautical University-Daytona Beach,Private nonprofit,0.0032028540898203003,0,0.4598922902494331,0.3313766539414091,0.15754300358948034,0.7217633730791626
2615,151360,Indiana University-Northwest,Public,0.0031929110248225235,0,-0.17513541397988136,0.3100364742405442,0.10058199364486224,0.332569496680415
2616,191986,Jamestown Community College,Public,0.003192771169050193,0,-0.15916722632639355,0.21314884832345585,0.008953999768385715,0.2003293661657449
2617,150136,Ball State University,Public,0.0031918527173473367,0,-0.11878982310742771,0.34600796175812015,0.028631852021107105,0.30009371619993497
2618,384342,Heartland Community College,Public,0.0031911839519418914,0,-0.04020908725371934,0.5064020785164988,0.11690864753612021,0.10601553918245352
2619,218858,Central Carolina Technical College,Public,0.0031908429911576422,0,-0.0139839333531687,1.0305571395952127,0.06508576482125962,0.10358295381517964
2620,240596,Eastern Wyoming College,Public,0.0031802963557923496,0,-0.07607282184655396,0.3787306240871767,-0.07358623785423898,0.10346166083750505
2621,217864,Citadel Military College of South Carolina,Public,0.0031787417172219547,0,-0.012211308733740376,0.9826582572957133,-0.029872908272320864,0.3245474653518576
2622,155681,Pittsburg State University,Public,0.0031783386989723207,0,-0.11843491346877351,0.274470409613004,0.13897398912201173,0.22810918192758328
2623,102614,University of Alaska Fairbanks,Public,0.0031702168420000144,0,-0.07967683521381808,0.3396428053456583,-0.05793148283989699,0.09577597336741457
2624,105330,Northern Arizona University,Public,0.0031694640379794827,0,-0.08612891679953145,0.711355251228567,0.06838094898557044,0.2946762564585457
2625,240471,University of Wisconsin-River Falls,Public,0.003166087846672023,0,-0.13244147157190636,0.23392982679558957,0.06039856038968683,0.2683114340214799
2626,129215,Eastern Connecticut State University,Public,0.003162173836965284,0,-0.17883725608529472,0.09598362497851556,-0.007334278657529174,0.20330653757009257
2627,176044,Mississippi Valley State University,Public,0.0031604302793559443,0,-0.1248253376804844,0.3648018998694904,0.1140797681931665,0.05856275171869207
2628,233903,Virginia Highlands Community College,Public,0.0031573184114849916,0,-0.09536307961504811,0.6112276399187764,0.08160918789441045,0.10273670695251025
2629,138716,Albany State University,Public,0.0031562316869667884,0,0.03462920614178373,0.8886735350278164,0.06227166421761575,0.10603608503572881
2630,222062,Walters State Community College,Public,0.0031547925168813203,0,-0.12772734511864947,0.11378350498245245,0.1891073268487623,0.11770172935114903
2631,201283,Belmont College,Public,0.003154771616982862,0,-0.15537383177570094,0.20772600690822351,0.03323480977134007,0.1889354855179463
2632,172051,Saginaw Valley State University,Public,0.0031536793219487384,0,-0.13380196339837597,0.2775238353026809,0.03829163111947363,0.36821467894048443
2633,187985,University of New Mexico-Main Campus,Public,0.0031490794399665727,0,-0.03414140525320076,0.6605211212804316,0.035700768782104375,0.03961956686095415
2634,447582,New River Community and Technical College,Public,0.0031470880692164686,0,-0.16914191419141913,0.16467404704802965,0.05095996719585202,0.12311898155107777
2635,139366,Columbus State University,Public,0.003140038519237419,0,-0.05052685032372731,0.8361575021864246,0.19805877775627778,0.22884204883889217
2636,100724,Alabama State University,Public,0.0031361316526862166,0,-0.0863961813842482,0.4909581269148443,0.06500420941014663,0.2062116193588788
2637,154952,Cowley County Community College,Public,0.0031317946818993293,0,-0.09460008120178644,0.25952742715890986,0.006583306363369742,0.12359830449119655
2638,199838,Vance-Granville Community College,Public,0.003130985863677596,0,-0.10892970234325522,0.5074979069893865,0.1715294181232383,0.06880583647093926
2639,154642,Allen County Community College,Public,0.003128373791305051,0,-0.1661819692563357,0.09950563067481938,0.1499332065671262,0.13252636529523013
2640,164313,Wor-Wic Community College,Public,0.0031268157407022884,0,-0.156401384083045,0.12940659439165408,0.2781591689910354,0.08969199196512453
2641,106449,Arkansas State University-Beebe,Public,0.003126612165650796,0,-0.1172746457642448,0.461866853716324,0.0470643445037723,0.11753400394402581
2642,190169,Columbia-Greene Community College,Public,0.003125619681906864,0,-0.009582477754962354,1.1379600086417203,0.07631038824913755,0.11018812148094652
2643,175652,East Mississippi Community College,Public,0.0031255375759482672,0,-0.1325678496868476,0.4734281388031105,0.037052415937487336,0.17521885895170505
2644,101514,John C Calhoun State Community College,Public,0.003124061690701455,0,-0.12367149758454106,0.45001616873486555,0.1812409084817953,0.22582555350812658
2645,128771,Central Connecticut State University,Public,0.0031239163484613587,0,-0.1511565357719204,0.13616551874614619,0.07605428472927227,0.2843700119328555
2646,175519,Coahoma Community College,Public,0.003120777196383264,0,-0.013827433628318585,0.45901152083527863,0.03578406965635493,0.029340556010236017
2647,175883,Jones County Junior College,Public,0.0031153918635334773,0,-0.030202821869488534,0.7605935794578309,0.0877217943529053,0.03181945673436528
2648,145831,Illinois Valley Community College,Public,0.0031152917199792703,0,-0.16543470608940514,0.16789764578814442,0.06883088815207304,0.1161343945727656
2649,155399,Kansas State University,Public,0.0031145876180412087,0,-0.09194714305446844,0.37195533245046747,0.08758627243814504,0.22925300317629704
2650,218353,Midlands Technical College,Public,0.003110789722638702,0,-0.0075327510917030565,0.9513785951693292,0.13057174626792192,0.286418350402678
2651,233648,Southwest Virginia Community College,Public,0.003107413190519955,0,-0.0748502994011976,0.38716604540497124,-0.023910832371002676,0.12000339144408186
2652,169974,Glen Oaks Community College,Public,0.0030994353445226394,0,-0.0902127659574468,0.46918790256706083,0.15153863744288432,0.12068329807981283
2653,153214,Des Moines Area Community College,Public,0.003095694574251929,0,-0.06969644853383782,0.5364092641170809,0.0682595806229676,0.15252678955889543
2654,106883,East Arkansas Community College,Public,0.003095418168954482,0,-0.12666666666666668,0.2058031746757163,0.22371903091564896,0.10266995811246585
2655,228705,Texas A & M University-Kingsville,Public,0.0030790389683316407,0,-0.1854526006150555,0.10537871055114684,-0.21254850214603474,0.2782882839256948
2656,129808,Three Rivers Community College,Public,0.003073995593930684,0,-0.1110774818401937,0.09891561943013574,0.008939317634342166,0.1498313722818994
2657,125037,The Colleges of Law at Ventura,Private nonprofit,0.0030736258608238575,0,0.36363636363636365,0.15592329974711436,-0.02866091935573306,0.9986808812413724
2658,196060,SUNY at Albany,Public,0.0030640533933328985,0,-0.050501595987232105,0.6999115009647763,0.07983779917616965,0.1684162531410908
2659,101240,Gadsden State Community College,Public,0.003063799001740962,0,-0.05370732767993042,0.6463925726953224,0.16484623097374673,0.09355327145564195
2660,139861,Georgia College & State University,Public,0.0030572729640622274,0,-0.10183473190157873,0.9696924166008682,0.1612015886392232,0.3050875717028208
2661,238722,Fox Valley Technical College,Public,0.003056946138692235,0,-0.08644497099436228,0.4143406703957873,0.06077451120004362,0.09340728241844304
2662,226019,Kilgore College,Public,0.0030558734314661135,0,-0.0707378223495702,0.5857215752207456,0.13106534926290384,0.15434430912508845
2663,204705,Ohio State University-Newark Campus,Public,0.0030553075989168516,0,-0.2310567448182127,0.01285727736379676,0.19544559350856422,0.42497329756554797
2664,238759,Gateway Technical College,Public,0.003051909717491461,0,-0.01681592039800995,0.5379458070896775,0.040864315318409825,0.10937854115003802
2665,218061,Francis Marion University,Public,0.003051651986085976,0,-0.045990566037735846,0.7932506637218507,0.4143069170113523,0.16455508476735345
2666,199953,Wilson Community College,Public,0.003049473544610822,0,-0.040453074433656956,0.6879974886215352,0.173947676722486,0.040060309518529985
2667,119216,Mt San Jacinto Community College District,Public,0.0030487631191654626,0,-0.028467012887093673,0.7555204297837,0.13143639153050835,0.03501094226660148
2668,179344,Missouri State University-West Plains,Public,0.0030455711884308425,0,-0.09277293695540749,0.5136853167548426,0.1083864910519998,0.0692134211199526
2669,232575,Laurel Ridge Community College,Public,0.003045081917727998,0,-0.148302561048243,0.26060428963105337,0.34154183562335005,0.1834632918798175
2670,225070,Grayson College,Public,0.003044718394148007,0,-0.11266336187471834,0.4639886459417205,0.17799533938170198,0.08209455720255993
2671,229355,Tyler Junior College,Public,0.0030437353203917575,0,-0.034244907895804595,0.748734298610527,0.05508542519150787,0.15128691171729436
2672,157951,Western Kentucky University,Public,0.003042040855959193,0,-0.09234494524241924,0.7234126206877639,0.18875112056522375,0.29857911585877916
2673,184481,Essex County College,Public,0.0030372617580532416,0,-0.130212536992198,0.27562880680056556,0.3073262975893719,0.18519931549589455
2674,198923,McDowell Technical Community College,Public,0.0030357049738594507,0,-0.03169014084507042,0.6814514964546476,0.11375200362310145,0.0285503657561587
2675,218113,Greenville Technical College,Public,0.0030324797481790897,0,0.02310527735323204,1.0395199958871335,-0.02185598379375686,0.1637743776765805
2676,179645,Three Rivers College,Public,0.0030322024538049453,0,-0.11560498820357264,0.27607709267581576,0.22874176228915022,0.08140651311745838
2677,171571,Oakland University,Public,0.0030280786974622937,0,-0.15279019618155998,0.4679979848218556,-0.05609971841010628,0.5428012748168438
2678,151306,University of Southern Indiana,Public,0.003025274796594804,0,-0.1426436244745446,0.36579833572094367,0.05445480371697646,0.2902651370816255
2679,135391,State College of Florida-Manatee-Sarasota,Public,0.003024722750244768,0,-0.1493660855784469,0.16521207989450234,0.04212399622547998,0.17662292741037575
2680,439367,CBD College,Private nonprofit,0.0030230974486777666,0,0.5406091370558376,0.43102436674352457,0.09045585377849814,0.7695895460853981
2681,102368,Troy University,Public,0.003019284518844186,0,-0.13871988318325626,0.6142267382756577,0.022702349099845098,0.4267206853436013
2682,153603,Iowa State University,Public,0.0030174615944067442,0,-0.10197171281313676,0.2884733600173493,0.03559817883578903,0.2532785724413493
2683,208646,Eastern Oregon University,Public,0.0030092696423155403,0,-0.12813824584284317,0.36662501596954283,0.0862371012499982,0.24960252648722903
2684,233897,University of Virginia's College at Wise,Public,0.003003220318933217,0,-0.1385237613751264,0.17612461267167562,-0.11920174851701748,0.17943753856843453
2685,162609,Garrett College,Public,0.003002119008205813,0,-0.11059907834101383,0.1635438157498713,0.3782768972333354,0.05409721039960435
2686,130606,Tunxis Community College,Public,0.0030001722998358534,0,-0.13594287225601692,0.16897788069904238,0.07305499243570647,0.12487185674995768
2687,146348,Kankakee Community College,Public,0.002997292486829388,0,-0.10303729334871203,0.3623639590580292,0.09732934101110141,0.13907254610521855
2688,137281,Saint Johns River State College,Public,0.002996837650861139,0,-0.1295995670995671,0.19848615999514566,0.03779032392804573,0.13025583980903846
2689,207670,Rose State College,Public,0.0029946068230027926,0,-0.048551959114139696,0.5989027337033063,0.12788920712173646,0.09041054062500563
2690,218645,University of South Carolina Aiken,Public,0.0029928142390362035,0,0.03225806451612903,1.0618347368876566,0.12809705038961197,0.2629097886849957
2691,126711,Colorado Mountain College,Public,0.002992202274081713,0,-0.0801987224982257,0.3964586299971406,0.17630967123485541,0.07220908576869156
2692,146278,John Wood Community College,Public,0.002988363573050437,0,-0.11168562564632885,0.29386218959694665,0.07968306421596294,0.12676892431101192
2693,123217,College of the Sequoias,Public,0.0029857600719701716,0,0.027701911822083494,0.6140754611171362,0.09474197282807059,0.02186447146455409
2694,219277,Oglala Lakota College,Public,0.00298148269849704,0,-0.09877488514548238,0.2757908799387074,-0.07190935627405681,0.07411884658324878
2695,169992,Gogebic Community College,Public,0.002980255215552023,0,-0.11428571428571428,0.5423683860566098,0.18254540551473067,0.14481392840288546
2696,182564,Western Nevada College,Public,0.0029798449576186894,0,-0.03241491085899514,0.5090493092018421,0.048157979173351226,0.16874252544993146
2697,126942,Community College of Denver,Public,0.002979533050700345,0,-0.11418853255587949,0.3751932080229379,0.12445596129412936,0.3467776163104897
2698,240374,University of Wisconsin-Parkside,Public,0.0029784985312709647,0,-0.10050136736554238,0.3127962038238163,0.11406886326558593,0.2431148298942843
2699,199731,Southwestern Community College,Public,0.0029777550993723674,0,-0.029259896729776247,0.34624565339792257,0.2022746804509375,0.036178355624867715
2700,190442,SUNY Corning Community College,Public,0.0029757972007158234,0,-0.10665408211420481,0.4610107555515628,-0.024471162028166113,0.22158986005092496
2701,207290,Northeastern Oklahoma A&M College,Public,0.002975735591367964,0,-0.059693318729463304,0.5520630973359917,0.1281006396258865,0.14266855398171946
2702,232867,New River Community College,Public,0.0029751783575428722,0,-0.08125577100646353,0.4464569187866154,0.07538062182773034,0.23859083073750692
2703,151102,Purdue University Fort Wayne,Public,0.0029723733719468977,0,-0.11157915360501568,0.33134240113845354,0.060967302505812615,0.3259043549696232
2704,233037,Paul D Camp Community College,Public,0.0029703427054099097,0,-0.05489260143198091,0.4000222333715082,0.06204881902635033,0.17970782276201863
2705,230746,Salt Lake Community College,Public,0.002969968823831119,0,-0.10898804079005318,0.1012850470911478,0.0392339481241107,0.18611416009456405
2706,197887,Asheville-Buncombe Technical Community College,Public,0.002968951323311464,0,-0.07568185063544196,0.3110168437381804,0.16250505683847055,0.05396413066730855
2707,243647,Palau Community College,Public,0.0029686531030666333,0,0.02252252252252252,0.9724936092508638,0.3037906141235367,0.07088398546452937
2708,240453,University of Wisconsin-Milwaukee,Public,0.002963297731885045,0,-0.11872838210718588,0.42447735740155307,0.13357132831280769,0.26608869686069386
2709,190619,CUNY Kingsborough Community College,Public,0.0029619485456046724,0,-0.02596645729456712,0.6018809162574986,0.01737302186910651,0.03314816313389436
2710,240736,American Samoa Community College,Public,0.0029600045856785586,0,0.015458937198067632,1.0701504041138956,0.0502161531928516,0.08226912937097244
2711,217712,Technical College of the Lowcountry,Public,0.002959001457549861,0,-0.04852686308492201,0.9676965063393835,0.18328673291005515,0.15913569450284695
2712,148256,Rend Lake College,Public,0.002958298111896303,0,-0.11805859204197638,0.2715283664995407,0.13317118438718784,0.04456789999815435
2713,149532,Triton College,Public,0.0029574103241537366,0,-0.09978058719047121,0.5678590332925436,0.10869541279777725,0.14550293267683162
2714,126182,Adams State University,Public,0.0029556907255362625,0,-0.08349389852280026,0.6226683070002232,0.25289392357835144,0.2570300978156628
2715,237367,Fairmont State University,Public,0.002951324164514885,0,-0.08019984222981856,0.3607803138343135,0.08409599659219794,0.17841171146329657
2716,237011,Western Washington University,Public,0.002951105085479713,0,-0.0864205179036055,0.4329507241589856,0.08773550669766064,0.3059949596312474
2717,160667,Northshore Technical Community College,Public,0.002950971504425772,0,0.08557980316645272,1.170061344991974,0.12291747968306121,0.16693670794434579
2718,240365,University of Wisconsin-Oshkosh,Public,0.002944624681474658,0,-0.11700277044004896,0.41016286824395864,-0.008167688262827882,0.2827138433767043
2719,420398,Northwest Vista College,Public,0.0029444323428209026,0,-0.043753470294280956,0.6260105158778898,0.08245770327294859,0.12513322037345284
2720,109907,Barstow Community College,Public,0.002944102085454153,0,-0.06302794022092267,0.2788243526314979,0.05577867332544395,0.022646596141824408
2721,133386,Daytona State College,Public,0.0029437024079091937,0,-0.13745346239761727,0.15193914753609902,0.04586476432969483,0.14580313395270791
2722,218894,Trident Technical College,Public,0.002943125212385282,0,-0.045502388470569186,0.7519061079040017,0.10210503586818163,0.16652660798342112
2723,173063,Riverland Community College,Public,0.0029410960935038226,0,-0.08633093525179857,0.367712900992384,0.13185808339429408,0.20454070435782212
2724,228699,Texarkana College,Public,0.0029401369196932715,0,-0.07135874877810362,0.6513785848203669,0.14295208616285057,0.09163854519816685
2725,149310,Taylor Business Institute,For-profit,0.0029327843951145946,0,0.6509433962264151,0.3931758232785842,0.1263288896260176,1.0
2726,138558,Abraham Baldwin Agricultural College,Public,0.0029311741787911624,0,-0.07130124777183601,0.585840012619034,0.07726099342746194,0.17521663089246786
2727,100663,University of Alabama at Birmingham,Public,0.002928511095328511,0,-0.01997282608695652,0.5843929027106275,-0.10589196596606534,0.06597247673034029
2728,149222,Southern Illinois University-Carbondale,Public,0.002927924272338563,0,-0.050277896536981614,0.48716542961568693,0.029018801362268715,0.119883940816031
2729,188030,New Mexico State University-Main Campus,Public,0.00292746922623688,0,-0.00195858981533296,0.9202038596815184,-0.05842080902724919,0.09564268236654498
2730,237330,Concord University,Public,0.0029249342741341994,0,-0.07317073170731707,0.3323820783673155,0.025876197697739557,0.1612053108295305
2731,139719,Fort Valley State University,Public,0.002916099027844419,0,-0.007240853658536586,0.8422838894167575,0.07889534690794497,0.07753038491432235
2732,110316,California Institute of Integral Studies,Private nonprofit,0.0029145798119272707,0,0.4532520325203252,0.42919842345879217,0.08506044729043305,0.8638181220294032
2733,101505,Jefferson State Community College,Public,0.002911312055836959,0,-0.03214326713350935,0.5401897165175797,0.07114005634679424,0.2077101081867735
2734,193283,Mohawk Valley Community College,Public,0.002910974370397217,0,-0.07790910604294989,0.5521805443255182,-0.005751399918075114,0.12427396695937118
2735,154095,University of Northern Iowa,Public,0.002909713481629662,0,-0.14622506442683975,0.23282669369694925,0.02100715397038562,0.1686009781435156
2736,240727,University of Wyoming,Public,0.0029086050034145723,0,-0.0938035758021063,0.40592446110802094,-0.0946057467301443,0.1327913527629639
2737,166674,Massachusetts College of Art and Design,Public,0.0029084429574857394,0,-0.07446300715990453,0.6111013219315833,0.027375644904474403,0.2727718004728658
2738,155195,Hutchinson Community College,Public,0.002907812601831862,0,-0.06679209783631232,0.35284919317533214,0.08492702651371756,0.1118971711222679
2739,227401,Paris Junior College,Public,0.002904873811897888,0,-0.08871963771099217,0.4415430532278463,0.13693538691170717,0.17287228449790112
2740,368911,Southeastern Technical College,Public,0.0029039293599481173,0,-0.10902636916835699,0.25904437739262687,0.07138566991070008,0.14200346850608767
2741,117195,Lake Tahoe Community College,Public,0.0029032904570777435,0,-0.022506790842064417,0.7017086476975893,0.11218294436705395,0.06054050845422145
2742,105349,Northland Pioneer College,Public,0.0029014930491212195,0,-0.08909574468085106,0.15487701030305692,0.22002067905091893,0.04029408742887005
2743,149727,Waubonsee Community College,Public,0.0029013634759796282,0,-0.13548759376803232,0.25090551463748223,0.055376918279282476,0.1344552309528372
2744,200466,Sitting Bull College,Public,0.002898670304492411,0,-0.09824561403508772,0.17065702784935963,0.31032238343546636,0.06403431936034468
2745,101709,University of Montevallo,Public,0.002898511359352467,0,0.012925969447708578,1.0338909941284478,0.038196857156809136,0.24644327398892646
2746,221184,Nashville State Community College,Public,0.0028963576333010423,0,-0.16081166772352568,0.043827015731011075,0.13948571989454836,0.0812692291726567
2747,153658,University of Iowa,Public,0.002894679749276021,0,-0.03921254801536492,0.29297961678383166,0.05712850662556768,0.09375512601281358
2748,106412,University of Arkansas at Pine Bluff,Public,0.002892651799863583,0,-0.044435548438751,0.2674005307167874,-0.03443288880839816,0.11256241017814864
2749,180179,Montana State University Billings,Public,0.0028925681480183292,0,-0.08129528985507246,0.31756607262366743,0.05854021728766296,0.24789480188542362
2750,227924,San Antonio College,Public,0.002891831758421744,0,-0.06492640648238371,0.6085809926490737,0.05358127651117778,0.09695529110590509
2751,174756,St Cloud Technical and Community College,Public,0.002890772792184646,0,-0.16158684083212385,0.20118940615880912,0.11864703820539782,0.17217743505861277
2752,155025,Emporia State University,Public,0.002890406121928901,0,-0.09409562702058874,0.3719817038542869,0.06665270126447399,0.3321329071411729
2753,484932,BridgeValley Community & Technical College,Public,0.002888149576769367,0,-0.07995495495495496,0.20310262159716472,0.011345561019977699,0.14346872766542884
2754,173799,Inver Hills Community College,Public,0.0028879049953531803,0,-0.17485687022900764,0.2304703348834306,0.1320881871570232,0.2247039568691634
2755,171225,Monroe County Community College,Public,0.0028856948234768486,0,-0.07698229407236336,0.4582669666088925,0.2364181541104644,0.1440824300085497
2756,172291,St Clair County Community College,Public,0.0028856386929275745,0,-0.11382565241532482,0.4561060242927081,0.1601566648572581,0.2980838358909455
2757,428392,Klamath Community College,Public,0.002885546527911291,0,-0.07871720116618076,0.40799906034884886,0.2559932751298367,0.1513040721777596
2758,126562,University of Colorado Denver/Anschutz Medical Campus,Public,0.00288469879273518,0,-0.04680851063829787,0.5277050784066204,0.041556848525612235,0.08947526990946188
2759,133650,Florida Agricultural and Mechanical University,Public,0.002876945002587921,0,-0.04269686266361936,0.2169246360269747,0.046841596030152574,0.06885624474389355
2760,435000,Louisiana State University Health Sciences Center-Shreveport,Public,0.0028714536241540487,0,0.08093716719914804,0.8899799980697617,0.12391312083655845,0.04656315572244827
2761,176372,University of Southern Mississippi,Public,0.002868036016820781,0,-0.04294912615863582,0.5049350073903135,0.058434279873576904,0.24118685472960333
2762,133021,Chipola College,Public,0.0028621018347479085,0,-0.05827746260959257,0.13024070574096708,-0.021146679926795885,0.08660075562231187
2763,145336,Governors State University,Public,0.002861769007191548,0,-0.07558989350595113,0.33688400750490444,0.010114464412665137,0.2605678502021699
2764,198330,Coastal Carolina Community College,Public,0.0028595719733378227,0,-0.048986041611798786,0.46752349149355754,0.1412129609574505,0.08007970270188941
2765,134608,Indian River State College,Public,0.002858223835955596,0,-0.12277180970369496,0.16763260128744983,0.25162239169200046,0.0893911093605265
2766,240170,Western Technical College,Public,0.002857805336033806,0,-0.07034813925570228,0.5772143286428959,0.07158252505163604,0.10268825542424878
2767,234669,Bellevue College,Public,0.0028453475611873564,0,-0.15489930749024913,0.3277341794961788,0.03361251684400558,0.2598025150954372
2768,206923,Carl Albert State College,Public,0.0028449460069702634,0,-0.048538622129436326,0.47091302565429816,0.1655845980215577,0.07605612848146362
2769,187897,New Mexico Highlands University,Public,0.0028444493179207767,0,-0.039468963042698244,0.8509476025843743,-0.05306080139072587,0.19235601443396627
2770,159373,Louisiana State University Health Sciences Center-New Orleans,Public,0.0028435778594254214,0,-0.028368794326241134,0.6201695798298988,0.1593115229024242,0.0623858182576465
2771,156082,Washburn University,Public,0.0028395147520378474,0,-0.13126491646778043,0.262893400471452,0.044570023267351835,0.26258063165614115
2772,159647,Louisiana Tech University,Public,0.0028380468383368525,0,-0.058297132927888795,0.7635370421548645,0.021353112015097344,0.3605631307938796
2773,169910,Ferris State University,Public,0.002830579326280835,0,-0.19243104554201412,0.4124434099094928,0.09878385569722038,0.4018763064474519
2774,148654,University of Illinois Springfield,Public,0.002825885233311931,0,-0.01801169590643275,0.7163315523887177,-0.01220465369602701,0.17037141645059217
2775,155858,Seward County Community College,Public,0.002825809595216293,0,-0.09471965160587915,0.19576244905336798,-0.0503827814108602,0.07813773728803265
2776,240620,Laramie County Community College,Public,0.0028177551595255155,0,-0.09244102070293693,0.4747634845515836,0.03440363056989074,0.14662971751210727
2777,153445,Hawkeye Community College,Public,0.0028160560457070557,0,-0.06357589984350548,0.2701998289458176,0.07565963908095984,0.18772347297409353
2778,218654,University of South Carolina Beaufort,Public,0.0028117132123301474,0,0.0023596035865974517,0.7004676386686981,0.2693148018502927,0.1920598155755274
2779,167987,University of Massachusetts-Dartmouth,Public,0.002810674689183832,0,-0.0854795192543537,0.5337646309643898,0.09241808295318582,0.2550522551970733
2780,207740,Seminole State College,Public,0.0028105870014068536,0,0.013063357282821686,0.989032698472709,0.10016885701273144,0.13160649970769212
2781,206695,Youngstown State University,Public,0.0028099810888807765,0,-0.08579686209744013,0.4397457495394438,0.07233822712875036,0.3642360979115832
2782,199148,University of North Carolina at Greensboro,Public,0.002809737624012209,0,-0.1098237274707863,0.4871347104084801,0.0836624237378673,0.1925211084103269
2783,167534,Quinsigamond Community College,Public,0.0028092426988373122,0,-0.11109587162254835,0.42367112556795966,0.09850242092958546,0.15942373655501155
2784,175236,Ridgewater College,Public,0.0028091260390625357,0,-0.10783410138248847,0.3011227963216989,0.12674893543060745,0.2061353958460068
2785,196264,Empire State University,Public,0.002802624967781734,0,-0.09894636015325671,0.7242319680264417,0.0200565112503115,0.3028041131988997
2786,155618,Northwest Kansas Technical College,Public,0.002796547806141412,0,-0.09387755102040816,0.12053010347370413,-0.020289480297603395,0.04304988982527181
2787,218672,University of South Carolina-Lancaster,Public,0.0027959070438513343,0,0.08048780487804878,1.359231103543674,0.24259704430325174,0.092046578377566
2788,101453,Heritage Christian University,Private nonprofit,0.002794723942255111,0,0.6627906976744186,0.07007423462476293,-0.0862284824113132,0.12508680719705836
2789,199087,Nash Community College,Public,0.002794223847219434,0,-0.007876969242310577,0.6842584900604398,0.15541553966804086,0.06621899320317459
2790,156620,Eastern Kentucky University,Public,0.0027941955865662476,0,-0.04379172229639519,0.7370788744873196,0.10623712137036205,0.27703982409861444
2791,127820,Pikes Peak State College,Public,0.0027932779473901844,0,-0.12859758330281948,0.20189671856342256,0.014450626448420304,0.38175415755583564
2792,181817,Western Nebraska Community College,Public,0.002792529640580417,0,-0.08536585365853659,0.182647671047158,0.01684212440053505,0.048740585990344525
2793,169521,Delta College,Public,0.0027816981277673713,0,-0.09758281110116383,0.364313066275345,0.11752632162923424,0.2036459947195738
2794,217615,Aiken Technical College,Public,0.0027816397282226703,0,-0.05143112701252236,0.7086813272394645,0.036703267910165135,0.23516635981544293
2795,155201,Independence Community College,Public,0.002776699996129395,0,-0.09101123595505618,0.20895251155130157,-0.0890196238734995,0.09272840316973932
2796,380438,Provo College,For-profit,0.00277609588977849,0,0.7281553398058253,0.11637870272980165,-0.20565850176068987,1.0
2797,162779,Howard Community College,Public,0.0027740151396253906,0,-0.10241492864983534,0.2472485667939129,0.14656186889577116,0.1680003889104111
2798,262031,St Charles Community College,Public,0.0027729418487397626,0,-0.08848027659908848,0.4504834131408622,0.22502444462362836,0.2366455188808588
2799,153296,Ellsworth Community College,Public,0.002770295492621019,0,-0.0310391363022942,0.3466432729273926,0.11516142627125665,0.13642590981717478
2800,203386,Hondros College of Nursing,For-profit,0.002769044377128678,0,0.6560150375939849,0.2505150470762655,0.02853524878283082,1.0
2801,209490,Oregon Health & Science University,Public,0.0027688381416697515,0,-0.048723897911832945,0.3652923022169139,-0.03844130320409415,0.0206520624311502
2802,200332,North Dakota State University-Main Campus,Public,0.0027685195546924314,0,-0.07067486525468762,0.2798228579214316,0.09967490138546138,0.23132484518041949
2803,203517,Kent State University at Kent,Public,0.0027621805462779802,0,-0.067181411459085,0.4977743681908913,0.10384848214246502,0.3502986981427344
2804,191126,Fashion Institute of Technology,Public,0.0027590317260800987,0,-0.06887462754985102,0.6025734352061132,0.05054434112528499,0.300753532801262
2805,187912,New Mexico Military Institute,Public,0.002758801602173557,0,-0.1293634496919918,0.10364097558242158,-0.3112963903384003,0.18826546895135907
2806,204680,Ohio State University-Mansfield Campus,Public,0.0027574545339643136,0,-0.23191094619666047,0.0217208150999491,0.052034459491267435,0.3696581498898863
2807,181464,University of Nebraska-Lincoln,Public,0.002756105605043875,0,-0.06242615202835762,0.22785736051602784,0.08353307241282716,0.18109077743333518
2808,155210,Johnson County Community College,Public,0.002753697312259944,0,-0.09743954480796586,0.20093600276561827,0.073223061316324,0.1277373006136986
2809,162690,Hagerstown Community College,Public,0.002753646645209024,0,-0.0893970893970894,0.05312248037443088,0.10859956021074949,0.1636355150847001
2810,225414,University of Houston-Clear Lake,Public,0.0027530903803016783,0,-0.057256110988768996,0.6056542142704416,-0.003366957269448368,0.3983316759016254
2811,240480,University of Wisconsin-Stevens Point,Public,0.0027528490323330823,0,-0.044167066730676906,0.4007257454675545,0.09286570223257991,0.22253268122251924
2812,458140,Northwest School of Wooden Boat Building,Private nonprofit,0.0027500431882970613,0,0.5897435897435898,0.3829193602137536,0.08007531063797278,0.39884769753509997
2813,154110,Northeast Iowa Community College,Public,0.002750008597669301,0,-0.012023593466424683,0.4194024131725811,0.07719251148350893,0.13119414009631594
2814,170587,Kirtland Community College,Public,0.002749804820309667,0,-0.03904109589041096,0.6696733617682539,0.22668900239553863,0.1952751803716309
2815,234030,Virginia Commonwealth University,Public,0.0027491013355167666,0,-0.05628927647276271,0.47791439238758376,0.10316900566967684,0.23804882576221734
2816,205470,Sinclair Community College,Public,0.002747082955709012,0,-0.0640097903586251,0.21387492135004943,0.17793664725476652,0.1652700195297808
2817,109819,Bakersfield College,Public,0.002744650574980202,0,0.018688400303260046,0.774013217489027,0.15326256203508612,0.009956285928174605
2818,141565,University of Hawaii at Hilo,Public,0.00274346796718078,0,-0.11714116251482799,0.15819814274966237,-0.02952874689362072,0.16316078298512382
2819,185536,Middlesex College,Public,0.002741339038721077,0,-0.12618919404056722,0.3818959716481517,0.1978847088061414,0.17298533112154293
2820,206941,University of Central Oklahoma,Public,0.0027406240265897956,0,-0.1734700762431685,0.4065414639990509,0.02434989490007128,0.3956795429921524
2821,141796,Kapiolani Community College,Public,0.002740598038729278,0,-0.10172626387176326,0.23436970173979113,-0.007997403643689836,0.16985010357936461
2822,196149,SUNY Cortland,Public,0.0027376490574199303,0,-0.021071115013169446,0.789748997590184,0.1097475160014375,0.18301977397484903
2823,160649,Southern University at Shreveport,Public,0.002736042929290929,0,0.07571623465211459,1.0517691319151397,0.052181382829741906,0.054587485720374244
2824,172963,Anoka-Ramsey Community College,Public,0.0027340303500848475,0,-0.10245343025897319,0.2910123948571124,0.22454808431690854,0.21473470932148567
2825,166647,Massachusetts Bay Community College,Public,0.0027293002648253162,0,-0.13611660079051383,0.23728572337114223,0.2909072538379155,0.10226515066810062
2826,231873,Mountain Gateway Community College,Public,0.0027277064841961757,0,-0.08333333333333333,0.32902334032909136,0.08703524005521981,0.16052365668478918
2827,171155,Mid Michigan College,Public,0.002727019956214661,0,-0.09232420826623725,0.4624249876670526,0.1385243836361731,0.2790814244654687
2828,175829,Itawamba Community College,Public,0.002725322858294828,0,-0.03544463087248322,0.4253719058012772,0.12033696905387137,0.06633773749600655
2829,191719,Hudson Valley Community College,Public,0.00272253577796525,0,-0.12250384024577574,0.4212369165289466,0.06650083020628215,0.23430177821862777
2830,153524,Iowa Central Community College,Public,0.0027218708896684257,0,-0.034179873973649036,0.4207311794212274,0.13484663481821965,0.20644157848100184
2831,188058,Northern New Mexico College,Public,0.002721316937460135,0,0.03127792672028597,0.6337458231184847,0.10999971619890012,0.12048680634266767
2832,139764,Georgia Southwestern State University,Public,0.0027184274857682436,0,0.04067796610169491,0.8532865078657936,0.008425358996098224,0.23788629779668474
2833,176178,Northwest Mississippi Community College,Public,0.0027159789090151444,0,-0.04497810800053072,0.5247553370937144,0.22813240132681412,0.13189885230512294
2834,185873,Ocean County College,Public,0.002714778299471119,0,-0.12054828050422225,0.20736975658494838,0.03645271888940277,0.24273804246980554
2835,154907,Cloud County Community College,Public,0.0027085619788105907,0,-0.08379578246392896,0.273572561313673,0.09656406540703645,0.13799849155349173
2836,104160,Arizona Western College,Public,0.0027069351251039907,0,0.07333333333333333,0.719265075019641,0.08738268778599055,0.04174743081876678
2837,240189,University of Wisconsin-Whitewater,Public,0.002703964310576475,0,-0.11026341150016061,0.40499899798278954,0.10903764441365506,0.3272666277930852
2838,228158,South Plains College,Public,0.0026971710854202624,0,-0.06860616587060356,0.68982198520533,0.1024212078469019,0.19638989893599976
2839,130493,Southern Connecticut State University,Public,0.002690301793155439,0,-0.09452989711724559,0.1620738791912995,0.08179635710782857,0.2750615694325442
2840,136233,Northwest Florida State College,Public,0.002686166273748982,0,-0.02527363184079602,0.24855326787319243,0.01987633044892411,0.10970955704810884
2841,199908,Western Piedmont Community College,Public,0.0026813825136876145,0,-0.03901098901098901,0.37119014093627506,0.3691775109959741,0.03386089343491783
2842,487010,The University of Tennessee Health Science Center,Public,0.002678981199688585,0,-0.034747847478474786,0.2330539506369221,0.06550411151873771,0.12687465356162672
2843,148380,Rock Valley College,Public,0.002678467900211696,0,-0.037918581746552854,0.4418061659047863,0.11121333545972878,0.1354538910683659
2844,102429,Bevill State Community College,Public,0.0026776880538503735,0,-0.022181146025878003,0.62492550831783,0.18364187292640655,0.1265837201027216
2845,149842,William Rainey Harper College,Public,0.0026776830307425076,0,-0.07739111078133115,0.5427566910453685,0.059089484091799066,0.1719508959495478
2846,199193,North Carolina State University at Raleigh,Public,0.002671916142368306,0,0.010907888937858087,0.605287857474023,0.12204836097302021,0.18894219278229182
2847,196255,SUNY Downstate Health Sciences University,Public,0.0026657866267971383,0,0.15060558188520273,1.1120429063275323,-0.13480053887877413,0.07370928612124812
2848,433013,Career Networks Institute,For-profit,0.002665415225949525,0,0.8545454545454545,0.4172444477144556,0.2075275455459984,0.9832332056847252
2849,487162,Southern Regional Technical College,Public,0.0026643499613376483,0,-0.06354313291775589,0.15920348843316715,0.11538330771245338,0.10353946736210032
2850,233116,Piedmont Virginia Community College,Public,0.0026610969519425933,0,-0.0545933734939759,0.5476000092695258,0.037073340488709826,0.23912852287310313
2851,207041,East Central University,Public,0.00265842028822852,0,-0.06559645723775256,0.2766720186665582,0.021888550067612797,0.27057554344092877
2852,175315,Century College,Public,0.0026583600745927914,0,-0.12064404830362277,0.3241782322863404,0.12711223475517525,0.18003154846795452
2853,218335,Medical University of South Carolina,Public,0.0026581913382731233,0,0.06866374957926624,1.2830781571351446,0.02133731085553539,0.11820977077322889
2854,187444,William Paterson University of New Jersey,Public,0.002653503792878062,0,-0.1024245423057892,0.7186290923168938,0.036115709814152484,0.35564535781757267
2855,130907,Delaware Technical Community College-Terry,Public,0.0026525060247993885,0,-0.14158125915080527,0.03924588758373196,0.09704067884564081,0.25698307551081606
2856,200253,Minot State University,Public,0.002652435892348796,0,-0.11136,0.24110989966076257,-0.019752804837404943,0.254497605167204
2857,482158,Middle Georgia State University,Public,0.0026512811866431646,0,-0.0468633771386065,0.7520323045796,0.05911969423561484,0.19074501902828322
2858,198622,Guilford Technical Community College,Public,0.002648494891477193,0,-0.09060523938572719,0.24407434412078327,0.12291141925285302,0.050347443271525176
2859,180489,The University of Montana,Public,0.002642335651066729,0,-0.05072947458758463,0.5472494356968132,0.05807878845781168,0.20059013839182
2860,179557,Southeast Missouri State University,Public,0.0026410033422412252,0,-0.06674814327347936,0.595197261233921,0.02344987502142803,0.29450721901560944
2861,199634,Sandhills Community College,Public,0.0026400728901846593,0,-0.06461995543451349,0.31914376425927315,0.19738559859853075,0.06952372323754406
2862,190594,CUNY Hunter College,Public,0.002639761702900181,0,-0.009614970034062002,0.8496483458520073,0.03438325035259823,0.21788406603180901
2863,170444,Jackson College,Public,0.002635409199895426,0,-0.0805892547660312,0.5012897743858148,0.1861329666602716,0.13061523216091045
2864,106148,Yavapai College,Public,0.0026335272552621305,0,-0.058023694130317716,0.18116668094398497,0.16249812835533192,0.07955023965641823
2865,454865,Cambridge College of Healthcare & Technology,For-profit,0.0026319016828593835,0,0.6648936170212766,0.37304076223089694,0.12386332178672245,1.0
2866,167376,Northern Essex Community College,Public,0.002630653999200142,0,-0.12023519870235198,0.30136504051200574,0.13905248805540618,0.1726781562824458
2867,205443,Shawnee State University,Public,0.00262886433468077,0,-0.09447953858829992,0.4001952263524007,0.1343572790830054,0.2854334795310418
2868,105206,Mohave Community College,Public,0.0026278857489990017,0,-0.07129714811407543,0.22731395143111427,0.1279585807616847,0.09856355720963879
2869,214166,Mount Aloysius College,Private nonprofit,0.0026262955088084726,0,0.5005452562704471,0.14882641692633086,-0.6847458443449508,0.9439512111502991
2870,227429,Paul Quinn College,Private nonprofit,0.0026239119707592486,0,0.6931407942238267,0.33650522660270976,0.03875098746791592,0.1778769953807522
2871,229300,The University of Texas Health Science Center at Houston,Public,0.0026214519301797894,0,0.006958811359789355,0.24070217150015016,-0.034942612172090146,0.03474915607131889
2872,100830,Auburn University at Montgomery,Public,0.002620738273566444,0,-0.015227447956823438,0.8500074901055077,0.1289667239106214,0.3234613682332807
2873,229063,Texas Southern University,Public,0.0026186671900037943,0,-0.044498560991808725,0.5035299148822561,-0.022028409555469853,0.1896336834037943
2874,102632,University of Alaska Southeast,Public,0.0026175488598857706,0,-0.1055813953488372,0.1754638769999876,0.10377450269635834,0.2106588546836988
2875,133951,Florida International University,Public,0.0026162956824294648,0,-0.05283507349559708,0.4996304327998997,0.026859007617402238,0.21407149631182584
2876,155104,Garden City Community College,Public,0.0026145378454037584,0,0.011627906976744186,0.36454932551825836,-0.11815809809190904,0.10980099843357592
2877,183123,Lakes Region Community College,Public,0.0026122809952229794,0,-0.07857142857142857,0.41846663333419903,0.1944270189946995,0.2268885509051026
2878,183859,Brookdale Community College,Public,0.002612213892577737,0,-0.13865436504482548,0.327172897330798,0.1264514660750231,0.2544433518523168
2879,179566,Missouri State University-Springfield,Public,0.002609727403731694,0,-0.03914211401526457,0.5803143619906439,0.06907117655289603,0.324141296992766
2880,106485,University of Arkansas at Monticello,Public,0.002606444167483435,0,-0.047635726795096325,0.4606642761705489,0.049156334649107035,0.15892932535956522
2881,494621,Lotus Professional College,For-profit,0.0026014280224319875,0,0.7419354838709677,0.4328510893580253,0.17586792232491408,0.8275395382202796
2882,134495,Hillsborough Community College,Public,0.002600611889023071,0,-0.1294411712194251,0.17218617023438879,0.04968347335022571,0.17884466211331027
2883,433174,Carolinas College of Health Sciences,Public,0.002597558219655165,0,-0.1407563025210084,0.007220273073363436,0.08901390424061963,0.3734767632164587
2884,487320,Texas State Technical College,Public,0.0025973401793623102,0,-0.011100746268656717,0.6465286767958431,0.0076990441553634005,0.12105797087718302
2885,207351,Oklahoma Panhandle State University,Public,0.0025952558834068623,0,0.0008058017727639,0.6092136075371937,0.10388408157158845,0.25964013690714266
2886,140012,Gwinnett Technical College,Public,0.0025919321453277038,0,-0.11416291015829752,0.3379610048660434,0.17974103792176116,0.1712844906677372
2887,173911,South Central College,Public,0.0025870223497588512,0,-0.062342342342342344,0.3908473301024586,0.0503404316963639,0.17366845332947028
2888,136172,University of North Florida,Public,0.002583458845785603,0,-0.04153765262604428,0.548243492616506,0.06024940478620967,0.21402416730383472
2889,161192,Kennebec Valley Community College,Public,0.0025825874362061666,0,-0.11928512053200332,0.06407413603704323,0.001029572857317762,0.11622138545215469
2890,225520,Howard College,Public,0.0025815188337417485,0,-0.006755182855811786,0.5628612813964156,0.10611012201645072,0.09433793962153923
2891,190512,CUNY Bernard M Baruch College,Public,0.0025810715522884536,0,0.06290486642753895,1.3305523823483825,-0.06327391554307689,0.24202136790639237
2892,122409,San Diego State University,Public,0.002579376296007889,0,0.052273238802610845,1.3311604970866213,0.082915307427708,0.289187064750369
2893,199999,Winston-Salem State University,Public,0.0025788521625956075,0,-0.022847100175746926,0.5527887675900224,0.15196013881368803,0.11999002027446305
2894,229337,Texas Tech University Health Sciences Center,Public,0.002575276276421284,0,-0.029845107669059314,0.10822155063183388,0.03312845201650267,0.08574528914191923
2895,157401,Murray State University,Public,0.0025742902496535503,0,-0.008057764755127669,0.5762408557526131,0.14023490970767477,0.27201880958710106
2896,135717,Miami Dade College,Public,0.0025740511168892096,0,-0.08579887381721782,0.16589430181237014,-0.05875541473163281,0.11613071439687503
2897,196088,University at Buffalo,Public,0.0025733546523581453,0,0.005513266297027222,0.5728843125195768,0.06639084290348404,0.2384025562153866
2898,188942,Associated Beth Rivkah Schools,Private nonprofit,0.0025710609225336038,0,0.6041666666666666,0.30166460056666744,-0.10687971098782588,0.6945988412116315
2899,142285,University of Idaho,Public,0.0025684694423268916,0,-0.03513332215327855,0.5595817395851445,0.01566459815470116,0.21155357157239707
2900,223506,Brazosport College,Public,0.00256795116232467,0,-0.04102442494664454,0.6596050728730659,0.12067069794630589,0.13344416556134656
2901,231536,Blue Ridge Community College,Public,0.0025657726792950968,0,-0.07094418362023996,0.30233353004400576,0.045856103040638356,0.1714945798391226
2902,420538,Arkansas State University-Mountain Home,Public,0.002564279921029647,0,-0.05886792452830188,0.23400629842727177,-0.04662788630895673,0.08010116918316883
2903,153311,Eastern Iowa Community College District,Public,0.0025634997568204547,0,-0.10709822544363909,0.2822708700278313,0.1752031066828404,0.13285078929311714
2904,181312,Mid-Plains Community College,Public,0.002557940694126525,0,-0.019294117647058823,0.1383580974908871,0.03568181005205298,0.07562442389667266
2905,490805,Purdue University Northwest,Public,0.002556097913230497,0,-0.10943433939636218,0.2999086966829392,0.023651343560992678,0.3232825077402458
2906,440271,Remington College-Baton Rouge Campus,Private nonprofit,0.0025557536213081243,0,0.8536585365853658,1.876043937526987,0.25228354785148516,0.8706470533228278
2907,204671,Ohio State University-Lima Campus,Public,0.002551894557422706,0,-0.1670061099796334,0.030603516398126137,0.002365505203394562,0.40229975448478916
2908,149231,Southern Illinois University-Edwardsville,Public,0.0025489010417888407,0,-0.04149758823979787,0.34445345639721014,0.015714384794767614,0.27806564975313014
2909,141811,Leeward Community College,Public,0.0025474442631342694,0,-0.05283191230207065,0.12392146513950315,-0.005775770455669803,0.1646686888712908
2910,220075,East Tennessee State University,Public,0.0025447976366324673,0,-0.04989077584384469,0.34891135748964064,0.133827809916109,0.2363574440159092
2911,239220,Mid-State Technical College,Public,0.0025392102768202304,0,-0.00962223806129722,0.4963605346587092,0.12447807332274236,0.08647025083690031
2912,191199,Finger Lakes Community College,Public,0.002534470441497482,0,-0.056293149229952204,0.12262820958603753,-0.015002308921025685,0.20249243481656404
2913,207306,Northwestern Oklahoma State University,Public,0.002529295191037585,0,-0.05989847715736041,0.15872726745796614,0.0944592516400528,0.19549051092363395
2914,216764,West Chester University of Pennsylvania,Public,0.002527528417279616,0,-0.022298941649216142,0.9794202752376078,0.0026225390421829183,0.5284496895305356
2915,484905,University of North Texas at Dallas,Public,0.0025258014612435657,0,-0.12449512948443811,0.12631316594247488,-0.11541978902742046,0.2863955601431574
2916,246354,Palo Alto College,Public,0.0025257002359272496,0,-0.011335129610703336,0.6634463343520923,0.09196338495220135,0.06774114544153256
2917,198570,Gaston College,Public,0.0025237050359500197,0,-0.01715296198054819,0.4105910690413755,0.16369800235861887,0.0625905834421906
2918,146366,Kaskaskia College,Public,0.0025200958822145145,0,0.037561576354679806,0.5126477177715619,0.008548131157138603,0.1298316010609738
2919,155317,University of Kansas,Public,0.0025165414214397643,0,-0.030632984901277586,0.3927807147340682,0.04209371409761124,0.2148274407377657
2920,101587,University of West Alabama,Public,0.002515837478495034,0,0.0366177251017159,1.033339525009064,0.09084163279963535,0.42806946276855323
2921,223427,Blinn College District,Public,0.002511390650648801,0,-0.10971366076754822,0.6300017666065482,0.07269641414948395,0.3716497839067485
2922,165820,Fitchburg State University,Public,0.0025086196092146884,0,-0.09612467245897117,0.4985685734224619,0.08519464487672285,0.25936707825378047
2923,218733,South Carolina State University,Public,0.002506205850272105,0,0.06857603872529246,0.7677398180047474,0.026937352322010572,0.18086894676410345
2924,175263,Minnesota State College Southeast,Public,0.0025052561004842763,0,-0.003626943005181347,0.4081437967565396,0.09427159834423822,0.19579828192460053
2925,240657,Northwest College,Public,0.0025030432881455217,0,-0.01590594744121715,0.40480086727211073,0.08514919054460054,0.11124450935387467
2926,240116,Chippewa Valley Technical College,Public,0.0025024444242456104,0,0.05552751135790005,0.625882333003413,0.10337515152197502,0.1285772439577322
2927,178402,University of Missouri-Kansas City,Public,0.0025011576459074186,0,-0.04179887722723944,0.4065259437380585,0.08177970117022247,0.3249419039885115
2928,219046,Black Hills State University,Public,0.0024998253599577136,0,-0.11223431829963712,0.20157491573589573,0.0866528803844781,0.2677846276084018
2929,177135,Crowder College,Public,0.002498562553412096,0,-0.08339013860486254,0.2529559089779113,0.1290850079536275,0.22755665777811596
2930,177472,Ozarks Technical Community College,Public,0.0024881828120866287,0,-0.07422207107634755,0.3421673319088594,0.2327873410838197,0.1956456377163239
2931,494685,Urshan College,Private nonprofit,0.0024881644223153318,0,0.5307443365695793,0.2401338927775619,-0.06546644255544372,0.929542542931583
2932,171137,University of Michigan-Dearborn,Public,0.0024837500344500976,0,-0.10532042215210533,0.2235611907694972,0.1211708825569635,0.427585001773904
2933,106458,Arkansas State University,Public,0.00247052113578414,0,-0.012428870919436957,0.33757202575810447,0.042914038506351296,0.20738399690704756
2934,238014,West Virginia Northern Community College,Public,0.002469994250898452,0,-0.09615384615384616,0.06373846053589498,0.0933361066394967,0.0517936540503405
2935,207500,University of Oklahoma-Norman Campus,Public,0.0024687640415800515,0,0.008155561095480608,0.6473459489380465,0.14841991081113656,0.30480093206379816
2936,170082,Grand Valley State University,Public,0.0024678048084347914,0,-0.09923854699787792,0.29121939360483723,0.09069914625677572,0.4597821221142432
2937,226903,Southern Careers Institute-Austin,For-profit,0.0024651872017706932,0,0.7953020134228188,0.6043391210132396,0.09457388067726498,0.9837464282605297
2938,180373,Miles Community College,Public,0.002463711977139889,0,0.02821869488536155,0.48190552417591975,0.026933407483802543,0.16410595023080193
2939,180249,Great Falls College Montana State University,Public,0.0024615517841218336,0,-0.021346469622331693,0.1624123421070736,-0.013555927454483967,0.14717097775132026
2940,139278,West Georgia Technical College,Public,0.002459665583997687,0,-0.13203279615493355,0.17195332837929544,0.5042912622445341,0.07666597841644861
2941,144865,College of DuPage,Public,0.0024594456930799647,0,-0.0821654185667071,0.3444860160320457,0.04038283671027954,0.17213113189379164
2942,187903,New Mexico Junior College,Public,0.0024571467553128196,0,-0.04254404813064031,0.14225146822746676,0.6610419739021022,0.026779127282937926
2943,174738,Rochester Community and Technical College,Public,0.002455087471458487,0,-0.09344660194174757,0.2119821929523094,0.10694234325096655,0.21233820810220205
2944,219082,Dakota State University,Public,0.0024521720257635903,0,-0.008261933904528763,0.6206177482419047,0.025477011763758547,0.29742751671442497
2945,171456,Northern Michigan University,Public,0.002445813198905817,0,-0.09855147439213657,0.3837242554063201,0.04841371767003588,0.3944602666260304
2946,476975,Colorado State University Global,Public,0.0024444191125193053,0,-0.24506708760852408,0.1816791165978472,-0.2778234627721935,0.8595671830739207
2947,199281,University of North Carolina at Pembroke,Public,0.0024412313808830264,0,-0.004156923876331515,0.5465815535900703,0.19713617958517596,0.115255129718128
2948,180416,Montana Technological University,Public,0.0024361916397431555,0,-0.051925320886814466,0.3343928113641716,0.0315194362099834,0.17971981727735853
2949,140942,Savannah Technical College,Public,0.0024359641167339473,0,-0.09018236322757932,0.28329814563165767,0.1156245239027003,0.14855909894665414
2950,151111,Indiana University-Purdue University-Indianapolis,Public,0.0024333209733333346,0,-0.12045908521515387,0.23027409880126443,0.23749911025330295,0.17451453520311488
2951,234085,Virginia Military Institute,Public,0.002432345680731779,0,-0.10954063604240283,0.1294367732901381,0.23517935704725285,0.19923743111340875
2952,137759,Tallahassee Community College,Public,0.002426028570693638,0,-0.03569288710091586,0.38185157284627796,0.0708029340672276,0.12382459994404903
2953,218663,University of South Carolina-Columbia,Public,0.002425684805937521,0,0.008172152471439882,0.999779346448887,0.050230060980690217,0.3450175806063131
2954,180948,Chadron State College,Public,0.0024245127627063653,0,-0.06107187370170337,0.11108676509270647,0.24530713395226825,0.16680315823543923
2955,130217,Quinebaug Valley Community College,Public,0.002422407704664248,0,-0.0800615858352579,0.1179499976877953,0.08412472630916817,0.09620263341024711
2956,247834,Collin County Community College District,Public,0.002418222719660558,0,-0.0015655243083228965,0.5960753761147307,-0.07677572153098502,0.14143296079365675
2957,183044,University of New Hampshire-Main Campus,Public,0.002416788055041773,0,-0.0564647011090073,0.20213199244203492,0.026562386188273383,0.299791124565407
2958,107327,Arkansas Northeastern College,Public,0.002415951059501706,0,-0.03841229193341869,0.29801319294495326,0.07217215907753625,0.07043766482499604
2959,181428,University of Nebraska Medical Center,Public,0.0024139974814614876,0,-0.09741060419235512,0.044744694224381786,-0.000409642330618088,0.10065007048981522
2960,153533,Iowa Lakes Community College,Public,0.0024135480533043906,0,-0.036855036855036855,0.363700911462723,0.03191616820072123,0.12780499781888358
2961,237792,Shepherd University,Public,0.002410115981436766,0,-0.08975801913337085,0.3880651230657932,0.020565948007452234,0.24364873373206747
2962,209506,Oregon Institute of Technology,Public,0.0024092556640401904,0,-0.0756634669678148,0.3127778236315648,0.26245207668668247,0.21063158327413026
2963,161299,Maine Maritime Academy,Public,0.002405353084799588,0,-0.10834990059642147,0.12899777114443683,-0.07652918182996771,0.45112764998527183
2964,126580,University of Colorado Colorado Springs,Public,0.00240074444824849,0,-0.10744124307019598,0.6040453124128975,0.0681808385374316,0.3946196640447334
2965,490753,Maine Media College,Private nonprofit,0.0023993824261128688,0,0.72,0.30044409649945564,0.12199709920383275,0.5361639225041237
2966,240268,University of Wisconsin-Eau Claire,Public,0.00239853983396424,0,-0.10226565970679698,0.4582606602035689,0.04747056209411726,0.313137720784682
2967,172671,West Shore Community College,Public,0.0023944731201256475,0,-0.08148148148148149,0.22702334792974013,0.1829247442553774,0.08483121544546396
2968,181640,Southeast Community College Area,Public,0.0023940701687678876,0,-0.02982779827798278,0.383194882231997,0.14023853412169388,0.10153599825141314
2969,184782,Rowan University,Public,0.0023930822869326455,0,-0.004230808441227444,0.832218099451882,0.01172278392806448,0.3103239721544893
2970,174428,Normandale Community College,Public,0.002392971926603112,0,-0.040747203120188855,0.28542588509853933,0.19438372449762234,0.21670309863475992
2971,227854,St Philip's College,Public,0.0023855939563562317,0,-0.023838913747878415,0.5444040290107568,0.18846966422063907,0.06534225344528483
2972,101028,Chattahoochee Valley Community College,Public,0.00238434011577211,0,0.03077889447236181,0.7458025387035591,0.1834433377788389,0.09571474364359785
2973,199856,Wake Technical Community College,Public,0.0023820755107718384,0,-0.02054265327455347,0.35312366708571674,0.2435777324528334,0.09673003887352398
2974,186380,Rutgers University-New Brunswick,Public,0.002380861679604277,0,0.009248001913379706,0.5713855058289082,0.045028571370400144,0.1911934060234399
2975,198376,Davidson-Davie Community College,Public,0.0023807583468412343,0,0.0500803427959293,0.4077389729854851,0.3091136384195594,0.03654581107138545
2976,199476,Robeson Community College,Public,0.002379079900460699,0,0.0015806111696522655,0.5176547804412974,0.3592873540692011,0.024561727585837037
2977,228653,The University of Texas Medical Branch at Galveston,Public,0.002373293325191612,0,0.0020870602265951103,0.19385140750979568,-0.05609794993963926,0.019831571889262
2978,235097,Eastern Washington University,Public,0.0023713494668070214,0,-0.12087026591458501,0.37192530321560147,0.1546244281761467,0.3004372293668811
2979,147800,Oakton Community College,Public,0.0023706175581545415,0,-0.054187801558827166,0.36314429456202113,0.07297388670549472,0.11610381074137754
2980,102067,Shelton State Community College,Public,0.0023632042449653304,0,-0.008331349678647942,0.5587368663946933,0.04725815635010658,0.17805814603088152
2981,228635,University of Texas Southwestern Medical Center,Public,0.002362889319588445,0,0.023923444976076555,0.10334235042521113,-0.007291929544704462,0.00633571793116632
2982,139940,Georgia State University,Public,0.0023622385447304387,0,0.042093547558574244,0.6556170524819059,0.09756229629694013,0.2546017453689014
2983,140678,North Georgia Technical College,Public,0.0023605732229732977,0,-0.09195402298850575,0.17153839018265277,0.09979236373564822,0.13244083976797474
2984,161226,University of Maine at Farmington,Public,0.0023587917665976897,0,-0.04818652849740933,0.28705150484090014,-0.02906559633916972,0.17592538731506796
2985,228796,The University of Texas at El Paso,Public,0.002357020513883463,0,-0.05151527187512412,0.12985098110296442,-0.01175134689738426,0.27477682112724494
2986,207865,Southwestern Oklahoma State University,Public,0.002351366088387225,0,-0.03708929651279984,0.22340762968225228,0.008986797543291744,0.2866655264264729
2987,207449,Oklahoma City Community College,Public,0.002349265944556735,0,-0.05619752265358716,0.33246542887157315,0.13381460873354575,0.2442603053257443
2988,206011,Terra State Community College,Public,0.0023405648535250213,0,-0.04417496751840624,0.5261295374186254,0.07217329820046504,0.17886241600116773
2989,231712,Christopher Newport University,Public,0.002338834512413275,0,-0.07318560683065664,0.3890210164185176,0.03238456235552194,0.21562982746545467
2990,482149,Augusta University,Public,0.002338801293012347,0,0.056647398843930635,0.881526980768607,0.09070604272678941,0.11571080015222872
2991,227687,Ranger College,Public,0.00233778729660744,0,0.04981718464351006,0.9355055365489127,0.042803853986510564,0.18429738580485544
2992,174233,University of Minnesota-Duluth,Public,0.0023375316009389166,0,-0.10895192484803831,0.08184455981372311,0.011236798874498227,0.3102562779877134
2993,198118,Caldwell Community College and Technical Institute,Public,0.0023355322498551344,0,-0.0109508547008547,0.4168980307715688,0.32214346601413457,0.04088832635715709
2994,153472,Indian Hills Community College,Public,0.0023339554442314814,0,-0.0694905869324474,0.31750009627023773,0.07988775731534342,0.1530405966714211
2995,100760,Central Alabama Community College,Public,0.002330797920026895,0,-0.012229016120066704,0.49765125149463924,0.4735886590144664,0.07837683038253641
2996,161138,Eastern Maine Community College,Public,0.0023296576968223565,0,-0.03296703296703297,0.18859542684056876,0.023509338017099212,0.07152119781811239
2997,120953,Palo Verde College,Public,0.0023286528766591243,0,0.02180616740088106,0.578884058780771,0.020619171975583706,0.021457341393729238
2998,140331,Chattahoochee Technical College,Public,0.002327741318251655,0,-0.11459151610369206,0.2547345375386872,0.22422012590334134,0.21407391948124121
2999,138956,Augusta Technical College,Public,0.0023247364456541303,0,-0.0630162851073873,0.35920504546425164,0.07885439930216391,0.15775856526225485
3000,135188,Lake-Sumter State College,Public,0.0023246351363549645,0,-0.08456486042692939,0.15418079867828946,0.007227579062217232,0.1475702269270323
3001,226833,Midwestern State University,Public,0.0023234179305998176,0,-0.030993466242251633,0.6319669948814659,-0.11644926783978868,0.2646671550276252
3002,220057,Dyersburg State Community College,Public,0.002322649475150286,0,-0.05528169014084507,0.0870337350935155,0.08692983384833637,0.10553882237052217
3003,161484,Northern Maine Community College,Public,0.0023223202335830016,0,-0.05548854041013269,0.0695726807094134,0.033667398648699526,0.005232260981161125
3004,181215,University of Nebraska at Kearney,Public,0.002321508994159894,0,-0.0379041248606466,0.1726680148777171,0.08786145857355018,0.2347838095543905
3005,491808,Meridian University,For-profit,0.0023204169264322487,0,0.7256637168141593,0.21041156581998793,-0.06324144997878987,0.9569900095269306
3006,380368,Fond du Lac Tribal and Community College,Public,0.0023095277847795465,0,-0.03115814226925338,0.3799413984902662,0.05771515871668647,0.08181972500424377
3007,232982,Old Dominion University,Public,0.0023090603162543473,0,-0.02399155227032735,0.47222909714240435,0.1606900522225813,0.22094970167429223
3008,183743,Bergen Community College,Public,0.002308684258117136,0,-0.13695249845774213,0.25885989945502835,0.13526589112881462,0.32551716492708344
3009,200004,Western Carolina University,Public,0.002308306660879326,0,-0.04372482945672721,0.4725980392189238,0.16349506026049507,0.13081749109164928
3010,159416,Louisiana State University-Shreveport,Public,0.0023073271685773054,0,0.01655204569297121,1.1878786275709647,0.058975069745322226,0.6325189176245655
3011,178420,University of Missouri-St Louis,Public,0.0023067198077953463,0,-0.05047535651738804,0.4110890565614063,0.04902818741695033,0.29034978871584943
3012,161554,University of Southern Maine,Public,0.002306113966721103,0,-0.10036777790959782,0.2909473501842581,0.10895976934237546,0.23727697920094934
3013,224147,Texas A & M University-Corpus Christi,Public,0.002303258026358593,0,-0.05885434858539993,0.1172586037268332,-0.27563674334924104,0.3626178542741075
3014,226204,Lee College,Public,0.0022897723174147497,0,0.03871740287386908,0.6476795815964913,0.13858988503441888,0.08334541275751575
3015,493488,Premiere International College,For-profit,0.0022874394056195705,0,0.6923076923076923,0.0695696074719172,0.33988803627932,0.8884547554690135
3016,159009,Grambling State University,Public,0.0022872407929652324,0,-0.033256880733944956,0.562508672026898,0.05520099184614332,0.19022977771592353
3017,141981,University of Hawaii-West Oahu,Public,0.0022870915439218444,0,-0.04460478845523122,0.484065135602391,0.027118172777263777,0.19635421599623995
3018,232566,Longwood University,Public,0.0022863468269823813,0,-0.024619516562220233,0.3762744783481272,0.07302039055582049,0.1762797976582248
3019,175078,Southwest Minnesota State University,Public,0.0022860599144038166,0,-0.018135449135732503,0.295971891077927,0.0758656573624935,0.23249802782859733
3020,483036,Texas A&M University-Central Texas,Public,0.002282158952355369,0,-0.09918032786885246,0.08055698480886547,-0.29938343584435934,0.2978737019053182
3021,233949,Virginia Western Community College,Public,0.002277511105594529,0,-0.07028399174996033,0.25623202068884987,0.11114792844699749,0.23862023707122346
3022,204857,Ohio University-Main Campus,Public,0.0022738360097287655,0,-0.11773303613841488,0.44668070121183556,0.06839811005428816,0.3976494947733317
3023,166513,University of Massachusetts-Lowell,Public,0.0022736475303799493,0,-0.06533347863993025,0.6326012708531723,0.001991727245262188,0.35060180747382597
3024,251260,Southern Union State Community College,Public,0.002272411181587972,0,-0.05778732545649839,0.4676808603239346,0.11259873134464866,0.20501293654487548
3025,213525,Lehigh Carbon Community College,Public,0.0022661300644294426,0,-0.08782697647230747,0.22062066358111732,0.07414247396682991,0.34952588506363047
3026,151388,Indiana University-East,Public,0.0022645021295491256,0,-0.1930430164630908,0.08848793442162708,0.09170134878970447,0.448974635097832
3027,132903,University of Central Florida,Public,0.0022643393066981783,0,-0.015215699835739603,0.4415455985672128,-0.005933346636781093,0.1884933343825498
3028,217837,Northeastern Technical College,Public,0.0022634423860780893,0,0.14890282131661442,1.5881318037010748,-0.07867149213214661,0.1895523534446122
3029,237817,Southern West Virginia Community and Technical College,Public,0.0022632336591091604,0,-0.057971014492753624,0.11476985732185126,0.02632935444894538,0.06217702154163176
3030,199139,University of North Carolina at Charlotte,Public,0.0022606877260567507,0,-0.0021610670268445045,0.5495661482582062,0.1985109925839556,0.26822135539665964
3031,141990,Windward Community College,Public,0.0022591861726483486,0,-0.05396825396825397,0.052668648467271456,-0.06803161642460773,0.11172265689289637
3032,420431,Oconee Fall Line Technical College,Public,0.002257608471102423,0,-0.02151694459386767,0.22446348203976124,0.19546212455308354,0.0903223440818771
3033,104346,Central Arizona College,Public,0.0022566101400617773,0,-0.02941790110577926,0.39539156478979137,0.31835654506897554,0.012871835869024165
3034,219259,Northern State University,Public,0.002255307455620888,0,-0.02421943390720747,0.1321989347333666,0.04936190066015896,0.19275490228294137
3035,220978,Middle Tennessee State University,Public,0.0022528057199820446,0,-0.07527277749643202,0.28284669032174026,0.1317614471454033,0.29176499070019535
3036,380359,Bay Mills Community College,Public,0.002250670660344112,0,0.05283757338551859,0.23052875144221127,0.10870799838981472,0.01898942811822501
3037,128391,Western Colorado University,Public,0.0022489143515161338,0,0.01749354746200172,0.42584939138177375,0.5428802725100095,0.1766611509350031
3038,102030,Bishop State Community College,Public,0.002244997589936873,0,0.04286718200983837,0.6053130609819738,0.19622291049044868,0.036650145120579285
3039,225511,University of Houston,Public,0.002239539906821735,0,0.011961515125249199,0.4212068677761342,0.10952403819200426,0.2719708285097356
3040,161545,Southern Maine Community College,Public,0.002236965985552032,0,-0.05905388471177945,0.16043235624360955,0.03280893017826309,0.14709655390452103
3041,208035,Western Oklahoma State College,Public,0.00223638369204705,0,-0.011086474501108648,0.42436534272175086,0.04125345467988647,0.1567988727597501
3042,163912,St. Mary's College of Maryland,Public,0.0022362355008335205,0,0.004626569729015202,0.24781825830152235,0.27963927348744766,0.1658895823000996
3043,221768,The University of Tennessee-Martin,Public,0.0022336412551617396,0,-0.056593406593406594,0.256930480939401,0.21505928063020968,0.18223229983477876
3044,217819,College of Charleston,Public,0.0022324408218738767,0,0.03224276908487435,0.957667476974482,0.11712015957526759,0.5239680980521557
3045,180151,Dawson Community College,Public,0.0022309984221370537,0,0.03355704697986577,0.5457898184094251,0.152254510274292,0.07601383194678933
3046,237932,West Liberty University,Public,0.0022268445583710854,0,-0.07251602564102565,0.29669973962923013,0.05176948192511995,0.32143817854664924
3047,157289,University of Louisville,Public,0.002225329996840608,0,0.01601292108906322,0.2725682804283672,0.04200051774540817,0.18946640653116892
3048,196079,Binghamton University,Public,0.002225096902325948,0,0.010372986095784595,0.6364026199950462,0.06305224333719361,0.24203874421176313
3049,187134,The College of New Jersey,Public,0.0022246778259947214,0,-0.02454929037207518,0.6720332814363993,-0.06555900023343722,0.4503126830127326
3050,127556,Colorado Mesa University,Public,0.002224524683250016,0,-0.049930651872399444,0.47348362749139095,0.1818796615470532,0.34569943380275586
3051,207263,Northeastern State University,Public,0.0022234382249271423,0,-0.10842091259811094,0.2376028952077146,0.0429376898719817,0.29281543337203014
3052,235671,Bates Technical College,Public,0.002216625216774867,0,-0.05574594471098926,0.16290314378113516,0.2969819353548815,0.09283728837417854
3053,238032,West Virginia University,Public,0.0022156197869868427,0,-0.07816982748984687,0.49363176304247436,0.00032406483390507525,0.3452984139724158
3054,243638,College of Micronesia-FSM,Public,0.0022153376199282124,0,0.048870204939569103,0.20561464825862463,0.0002688541238120512,0.053504594735113084
3055,171100,Michigan State University,Public,0.002214967426051012,0,0.004296412294966773,0.41572228182780513,-0.05862223747109042,0.31218399235879474
3056,198543,Fayetteville State University,Public,0.002214302100070631,0,0.03602503434590139,0.6106938482877335,0.10373267360006493,0.11395285151952171
3057,157447,Northern Kentucky University,Public,0.0022122892438696247,0,0.008746169560776302,0.6442418202779302,-0.08178529343330856,0.4695871143035134
3058,240514,Central Wyoming College,Public,0.0022106298722453115,0,-0.011819116135662899,0.3787090103916634,0.08957854317107729,0.12624032075726088
3059,141802,Kauai Community College,Public,0.002208942983851056,0,-0.04734158776402039,0.17613614103943562,0.09125566669923539,0.05906276613885762
3060,156107,Wichita State University-Campus of Applied Sciences and Technology,Public,0.0022064830011720125,0,0.020528455284552844,0.17318661330091406,0.16496755913935024,0.10380499979912715
3061,134130,University of Florida,Public,0.0022055357247035274,0,0.05350430286030492,0.34365685874250795,0.23519038723366098,0.08380768036708798
3062,168607,Alpena Community College,Public,0.002200521313536021,0,0.03295225285810356,0.6958984078522095,0.24392577650081684,0.18872950366989905
3063,163286,University of Maryland-College Park,Public,0.002199162635208639,0,0.0012026605797314876,0.34591539292782464,0.05460188440314341,0.23036718582029966
3064,162007,Bowie State University,Public,0.0021948658872611624,0,0.016853022200615783,0.19804050425794492,0.05238036207014111,0.1559408715523617
3065,162557,Frederick Community College,Public,0.0021871872914957275,0,-0.05188448360254528,0.0975195775009268,0.15654102411224272,0.17619460923999986
3066,126818,Colorado State University-Fort Collins,Public,0.002185900587111432,0,-0.0006880871178124813,0.662280977626753,0.1010267725713597,0.32594526142296915
3067,196228,SUNY College of Optometry,Public,0.002181699382735131,0,0.0,0.5006279860277084,-0.030724522338559563,0.2095797295840966
3068,488730,Northeast Lakeview College,Public,0.0021783735012141795,0,0.13134556574923548,0.7545428789029524,0.08306107905382222,0.10922041775126654
3069,455114,College of Western Idaho,Public,0.002177629675434221,0,-0.062381852551984876,0.1285896030470273,0.09664942718926586,0.24196425925340095
3070,182281,University of Nevada-Las Vegas,Public,0.0021750687070472585,0,-0.01639344262295082,0.4642385544786298,0.04893268617490467,0.2594280518752064
3071,139931,Georgia Southern University,Public,0.0021736463513949114,0,-0.021992784217394642,0.7291169454551435,0.18336663371523135,0.24026099501992484
3072,441070,Saginaw Chippewa Tribal College,Public,0.002172661530341343,0,0.036231884057971016,0.7040844481890172,0.23412705917954343,0.02733872712879011
3073,200226,Mayville State University,Public,0.0021716637133351166,0,-0.07343234323432343,0.28281900920364506,0.10755029151707467,0.20458301780219398
3074,139384,Georgia Northwestern Technical College,Public,0.002168443012444684,0,-0.0717956469165659,0.20836810927352267,0.08861747289715517,0.17003530115522408
3075,232937,Norfolk State University,Public,0.0021678323295895663,0,0.03249419746473844,0.4480946913531085,0.04695348697259269,0.13026608153784033
3076,100654,Alabama A & M University,Public,0.0021647649325454285,0,-0.026733635774465327,0.5548219636277515,-0.029085994529711463,0.24661868272243284
3077,203881,Marion Technical College,Public,0.002162317731194331,0,0.09627575277337559,0.7705728476821192,0.14454747040520333,0.23199672351770553
3078,161688,Allegany College of Maryland,Public,0.0021613883437008132,0,-0.0023219814241486067,0.11847896300918238,0.04014051388269716,0.12637205950667751
3079,127884,Pueblo Community College,Public,0.002157928219901527,0,-0.009778456837280366,0.3195766165328693,0.09513529267957932,0.2993320040161683
3080,239460,Northcentral Technical College,Public,0.0021568184889674776,0,-0.017484215638659543,0.436892726464438,0.1325246395412336,0.10412122382132202
3081,239442,Nicolet Area Technical College,Public,0.0021529266094134107,0,-0.057233704292527825,0.11316346195705272,0.10492269298671669,0.07720538769650169
3082,198260,Central Piedmont Community College,Public,0.0021485225629139498,0,-0.05105652686903357,0.24567465488018642,0.2146896784355043,0.0874573655132647
3083,240125,Waukesha County Technical College,Public,0.002145377554805652,0,-0.0266505959555377,0.12200745588568923,0.19194729044284908,0.11409334591592026
3084,247603,Sussex County Community College,Public,0.0021435808180802567,0,-0.05910267471958585,0.11335923262878927,0.014344814301371496,0.3893737214470899
3085,420440,York County Community College,Public,0.0021418770430609827,0,-0.003067484662576687,0.12355959392222929,0.31923087430245073,0.02404766427258986
3086,126687,Concorde Career College-Aurora,For-profit,0.0021415817283515627,0,0.7281323877068558,0.007220273073363436,0.23597638127372417,0.7875720511739069
3087,139986,Southern Crescent Technical College,Public,0.002137839541908932,0,-0.0434616850934045,0.200612204255384,0.21945746627081894,0.13025148608781606
3088,204796,Ohio State University-Main Campus,Public,0.0021369314891284646,0,-0.013861966737795443,0.43668810636358746,0.08489539480066831,0.11812891758079004
3089,226116,Lamar State College-Port Arthur,Public,0.0021369001435560682,0,0.024832479306267245,0.139419325631482,0.15910119550072413,0.10569162457002926
3090,176017,University of Mississippi,Public,0.0021355294373401616,0,0.031595503538881436,0.685703012854089,0.03766507045326794,0.11836431096649219
3091,171146,University of Michigan-Flint,Public,0.0021253874389598605,0,-0.17979991777442786,0.056088389780597846,0.13787000461704202,0.43316831683168316
3092,161077,Central Maine Community College,Public,0.0021223420075766088,0,0.049098819142324425,0.13727913161925187,0.03990914162440065,0.052396884154900736
3093,228769,The University of Texas at Arlington,Public,0.002122152133489549,0,-0.09641204893595147,0.16712016039706823,0.08536730885579567,0.435922541886901
3094,168883,Bay de Noc Community College,Public,0.0021170404886822975,0,0.08186813186813187,0.6577113283730461,0.10698474451188658,0.24260056066960928
3095,201441,Bowling Green State University-Main Campus,Public,0.0021143331399529086,0,-0.04584672644222636,0.47312585065645923,0.026729194494968734,0.4198806618642147
3096,219879,Cleveland State Community College,Public,0.002112350804120936,0,-0.05637982195845697,0.1022736731291988,0.0014734520091942776,0.12336380156130529
3097,201928,Cincinnati State Technical and Community College,Public,0.002109804949537901,0,0.06514575411913814,0.5212090006566598,0.25681423114999313,0.1949764590370786
3098,220701,The University of Tennessee Southern,Public,0.0021039933419349133,0,0.033185840707964605,0.3689580220220224,0.06969424526080133,0.11343009327727498
3099,221740,The University of Tennessee-Chattanooga,Public,0.002099669866864098,0,-0.0315852716505021,0.2901463570519313,0.09344245127393189,0.2614658285282298
3100,128258,Trinidad State College,Public,0.0020968687600161507,0,-0.0715607649599013,0.08383635338370067,0.15028094069956105,0.19276964924879664
3101,224891,Frank Phillips College,Public,0.0020962821553384787,0,0.08860759493670886,0.9217096883442184,-0.06327509127196282,0.1558357270787785
3102,227526,Prairie View A & M University,Public,0.002091331093190673,0,0.012975391498881432,0.13593344386085998,-0.11965431156051334,0.1942984879272075
3103,228802,The University of Texas at Tyler,Public,0.0020870018696532394,0,-0.03067484662576687,0.15151407398601463,0.0017940448464424514,0.10631195747034455
3104,188304,Western New Mexico University,Public,0.0020851207971941325,0,0.05793924209207642,0.7321040523157828,0.02693376802657753,0.20054025051531255
3105,487977,Martinsburg College,For-profit,0.0020835243888006607,0,0.7456445993031359,0.41399143494509233,0.330777179697294,0.9998846803970306
3106,238397,Blackhawk Technical College,Public,0.0020815422653186924,0,0.05937084625609216,0.6079887072630813,0.15026838705818352,0.09753144971413291
3107,217484,University of Rhode Island,Public,0.0020787990843705996,0,0.0004580589750930432,0.41909781598909274,0.06742686237096128,0.39747912279112546
3108,229814,West Texas A & M University,Public,0.002076510418221992,0,-0.07301905717151454,0.09725958924303375,-0.14945284270668543,0.32194645048923143
3109,420723,Tillamook Bay Community College,Public,0.0020747656735409753,0,0.03262955854126679,0.3146306811075045,0.17797061986470092,0.04277622677692605
3110,127732,Northeastern Junior College,Public,0.002073831935059354,0,0.04028776978417266,0.2590717584254352,-0.06665232910384214,0.19722305843032972
3111,175856,Jackson State University,Public,0.0020734698928767258,0,-0.01623931623931624,0.6087504990775425,0.1028717260968665,0.23369647964605963
3112,232423,James Madison University,Public,0.0020676482913969687,0,0.01851512373968836,0.4251399895577991,0.10314482060763804,0.34105955003829563
3113,240426,University of Wisconsin-Superior,Public,0.0020666563926822106,0,0.036725325172149964,0.3091850819593664,0.004438504560852277,0.2300475205144646
3114,134343,Gulf Coast State College,Public,0.002064153080771943,0,-0.02147175317907025,0.1743059399880282,0.1462777777613801,0.0695736705324125
3115,137315,South Florida State College,Public,0.002060635331845183,0,0.029547881808472766,0.19922143362320743,0.08246393697649591,0.04503858697509535
3116,207722,University of Science and Arts of Oklahoma,Public,0.002060436617564874,0,0.03125,0.4992861146589727,0.07186535388164636,0.15712701138685004
3117,176080,Mississippi State University,Public,0.0020547022031683236,0,0.019031764600017997,0.5311548373150884,0.09101084858945079,0.2298747862851991
3118,199218,University of North Carolina Wilmington,Public,0.0020502671679815615,0,0.019658266186639236,0.4629654959830957,0.1472347938933148,0.2827441101044155
3119,154934,Colby Community College,Public,0.002049387442692613,0,-0.02127659574468085,0.25958859518278254,0.12737692034377746,0.15249299251831402
3120,491659,ICOHS College,Private nonprofit,0.0020450165392064974,0,0.6138613861386139,0.32363478511419125,-0.008668574014230285,0.6669421988178246
3121,107585,University of Arkansas Community College-Morrilton,Public,0.002042596523142322,0,0.02832244008714597,0.3938075107544956,-0.019972295831102375,0.11440579735111765
3122,174570,Pine Technical & Community College,Public,0.00204238050416182,0,-0.03997949769349052,0.3432152001078022,0.19502282248483713,0.15556806102669918
3123,163204,University of Maryland Global Campus,Public,0.002039045519520636,0,-0.04191760608088399,0.24475320829479055,-0.05834809206968928,0.6606522836111544
3124,240790,Northern Marianas College,Public,0.0020384980730148413,0,0.035115722266560255,0.08257203284960438,0.18919450634809185,0.0844521858694402
3125,134097,Florida State University,Public,0.0020382858665048157,0,0.04030624263839812,0.2564980728414757,0.11170433015832174,0.183591711740345
3126,171128,Michigan Technological University,Public,0.002035732424701161,0,0.00512309662729472,0.35336240840335714,0.05902664597237199,0.3626759884220472
3127,222831,Angelo State University,Public,0.002025626542498295,0,0.0029333838001514003,0.1739119371353319,0.08589128332042788,0.2696022744429562
3128,203678,James A. Rhodes State College,Public,0.0020209313548191577,0,-0.026185226019845645,0.2727195505950837,0.13130784912671378,0.27855096911820815
3129,176239,Pearl River Community College,Public,0.002017947045451956,0,0.05914291254605391,0.5266770648185417,0.14572374526777787,0.09833457939390731
3130,392257,The College of Health Care Professions-Northwest,For-profit,0.002015442746087828,0,0.9008313539192399,0.6965207032764231,0.12820038523469585,0.5804996914132284
3131,199184,University of North Carolina School of the Arts,Public,0.0020136535597983503,0,0.016574585635359115,0.41783767834605734,0.1621652411254879,0.19835928702931424
3132,154129,Northwest Iowa Community College,Public,0.002012941968152145,0,0.019133370849746763,0.3185348301383438,0.12319520800449237,0.12753673611064617
3133,219189,Mitchell Technical College,Public,0.0020106326787931224,0,0.035283993115318414,0.10634945945084032,0.01713748448456183,0.14284581230177498
3134,127185,Fort Lewis College,Public,0.002004687441985479,0,0.030303030303030304,0.3632232297814801,0.1550242670900419,0.11520404313831445
3135,218229,Lander University,Public,0.0020026628137526834,0,0.291692498450093,1.5705061772924296,-0.09736646109059433,0.1845605431964868
3136,194569,Davis College,Private nonprofit,0.002002267515100751,0,0.6590909090909091,0.05573649002432559,0.0005031791115788866,0.46989431796882886
3137,228644,The University of Texas Health Science Center at San Antonio,Public,0.002001975470769521,0,0.03898405197873597,0.1301468147095153,-0.022710060324449926,0.04796965264140766
3138,198729,James Sprunt Community College,Public,0.0019997243890898762,0,0.07345971563981042,0.47282833852435807,0.36456338654001635,0.013968520611148179
3139,161217,University of Maine at Augusta,Public,0.00199707742896271,0,0.019490942444393488,0.23915760240685027,0.016257187663355984,0.24343962362780971
3140,127909,Red Rocks Community College,Public,0.0019954343652235002,0,-0.07676940639269407,0.20711279374344513,0.11964949925229182,0.3849228511397454
3141,182290,University of Nevada-Reno,Public,0.0019942857706425755,0,-0.0022864764445291287,0.5204716020360526,0.055420067247911264,0.1982186729574733
3142,219347,South Dakota School of Mines and Technology,Public,0.0019890966985540845,0,-0.013069306930693069,0.3307444988744382,0.08936717858384674,0.2200271551042208
3143,166708,University of Massachusetts Chan Medical School,Public,0.0019838089421365603,0,0.09562398703403566,0.5614576434952265,-0.07179965092851141,0.03795032775428913
3144,173638,Minnesota West Community and Technical College,Public,0.001983386801450867,0,-0.020169541069862615,0.3021290835320199,0.12387920127619781,0.22369217228670443
3145,380377,Northwest Indian College,Public,0.0019830767520634036,0,0.08249158249158249,0.14763698041633602,-0.5359126780076967,0.12229408813919017
3146,233639,Southside Virginia Community College,Public,0.001976889462520198,0,-0.03324013668841255,0.29537541486203855,0.09429572053515609,0.17618338305839856
3147,178396,University of Missouri-Columbia,Public,0.0019688328423790504,0,0.04297994269340974,0.396896576664049,0.027488120912476596,0.10474647712281414
3148,154378,Southeastern Community College,Public,0.001968610482155485,0,-0.0008071025020177562,0.2957866494041197,0.17909000812296144,0.13186680881071672
3149,207564,Oklahoma State University Institute of Technology,Public,0.0019680298488779146,0,0.022559652928416486,0.4076601036189377,0.2149601386193997,0.19822435508010483
3150,173920,Minnesota State University-Mankato,Public,0.0019576807289734066,0,0.01849912739965096,0.4096825842404583,0.08528560240686339,0.3789286055997137
3151,139959,University of Georgia,Public,0.001956902895675057,0,0.04334532374100719,0.6421911578804023,0.13795403018034438,0.24400943663923427
3152,181303,Metropolitan Community College Area,Public,0.0019511906500177798,0,0.016853146853146855,0.14496025569364818,0.12278580171763946,0.07141240098934193
3153,198774,Johnston Community College,Public,0.0019487273634420223,0,0.056240749876665025,0.49538774160213567,0.3253506894875725,0.06215929355231045
3154,174154,Herzing University-Minneapolis,Private nonprofit,0.0019483138445562794,0,0.5825242718446602,0.18940064203999005,0.14272775116935207,0.9597713301652352
3155,199120,University of North Carolina at Chapel Hill,Public,0.001948015368997856,0,0.06118418850620879,0.5266027328354083,0.08214402543023969,0.12416198373586632
3156,239910,Southwest Wisconsin Technical College,Public,0.001946591665919869,0,0.026515151515151516,0.41859465136088303,0.1294923723413004,0.13879628826366666
3157,420246,Sonoran University of Health Sciences,Private nonprofit,0.0019442395512862332,0,0.6982758620689655,0.47452741251164626,-0.06899461534042461,0.7847078381629046
3158,163259,"University of Maryland, Baltimore",Public,0.0019398218725697465,0,0.01523363117035301,0.3559475567781,0.01833314690842504,0.09907295095642907
3159,170976,University of Michigan-Ann Arbor,Public,0.0019369643582831243,0,0.0651902682470368,0.39930138126561054,-0.02453674495443873,0.141688726430741
3160,226152,Texas A & M International University,Public,0.0019313801301956348,0,0.024081878386514148,0.04662623788728535,-0.10750859349604332,0.20598922220883523
3161,149772,Western Illinois University,Public,0.0019310774685452903,0,0.002492130115424974,0.39533367267699027,0.005092960967402118,0.1677677822842293
3162,180276,Helena College University of Montana,Public,0.001928129429983559,0,0.0,0.23723753259602837,-0.08015034577618156,0.156673703180122
3163,232195,Germanna Community College,Public,0.0019277110258217188,0,0.06408304498269896,0.38720742442791917,0.08333553827299321,0.248121208767721
3164,101602,Lurleen B Wallace Community College,Public,0.0019266664941401228,0,0.09168081494057725,0.708950888357508,0.18926305063127727,0.08514953731395107
3165,441229,Smith Chason College,For-profit,0.0019254563924839844,0,1.0147420147420148,0.5993508323156329,0.009406306955799042,0.951406556825
3166,366465,Ogeechee Technical College,Public,0.0019249891500408207,0,-0.016354016354016353,0.17314821020118562,0.11069905432318541,0.1382346606472008
3167,200305,North Dakota State College of Science,Public,0.001923732549950859,0,-0.01175680214981525,0.2060519719537814,0.01326278137506744,0.1659898675852852
3168,100812,Athens State University,Public,0.0019220794023508203,0,-0.015980958857531452,0.6227022374153695,0.10489127126082844,0.3091168398480141
3169,229179,Texas Woman's University,Public,0.0019204403074487924,0,0.004532292584665743,0.49376042381211077,-0.10927338323707247,0.36190854258675526
3170,219471,University of South Dakota,Public,0.0019198196710598974,0,-0.0064516129032258064,0.2458575263249114,0.07002696553155774,0.24660539620541816
3171,142276,Idaho State University,Public,0.001915982846285038,0,-0.008143847766489276,0.2666120555070777,0.13587170795000286,0.26987914694145104
3172,155487,Manhattan Area Technical College,Public,0.001910296728496995,0,-0.003289473684210526,0.28855151964793174,0.04287918412497434,0.26545789852037327
3173,145600,University of Illinois Chicago,Public,0.0019100591649699673,0,0.04402301695334736,0.43390994379126835,0.06420572426007656,0.1112690912906634
3174,152637,Vincennes University,Public,0.0019064895272307742,0,-0.027031730378792272,0.11041373768851387,0.007886823355914329,0.1276681714778346
3175,154396,Southwestern Community College,Public,0.0019029420775391753,0,0.0,0.38146275060216217,0.08123252024844213,0.15506581062666824
3176,198084,Brunswick Community College,Public,0.0019026856714299371,0,0.05867507886435331,0.2777713989005367,0.4390583447552791,0.020696263483031684
3177,237385,Glenville State University,Public,0.0019021688776975063,0,0.03492063492063492,0.5124546569102585,0.051436616732817894,0.22422895149642252
3178,197869,Appalachian State University,Public,0.0019001869731166397,0,0.05995850622406639,0.5775446431296645,0.15115463743501115,0.2490761393532254
3179,156125,Wichita State University,Public,0.0019000057283009746,0,0.05696780080823882,0.43594967591919265,0.08506035035802582,0.20070798281023236
3180,224554,Texas A & M University-Commerce,Public,0.0018997238241563088,0,-0.06631431166900652,0.15231440514215455,-0.17067604776040401,0.33878621069203285
3181,179715,North Central Missouri College,Public,0.001897030172740479,0,0.014891179839633447,0.16206716837087842,0.1847149708146016,0.12686097544832178
3182,166887,Middlesex Community College,Public,0.0018949693861595395,0,0.026555687673404677,0.2336657231992611,0.14820788864852547,0.22231423046863505
3183,101480,Jacksonville State University,Public,0.0018832254858457604,0,0.06773085023833278,0.768654276841693,0.08253943429868549,0.30095293627668546
3184,145813,Illinois State University,Public,0.0018796566696513946,0,-0.00933997509339975,0.29817817769455307,0.027437850776013954,0.31613631702695566
3185,225432,University of Houston-Downtown,Public,0.0018639095955028102,0,-0.029508196721311476,0.5300001823498189,0.0417775142326451,0.35562617882984665
3186,232946,Northern Virginia Community College,Public,0.0018510494991232323,0,0.001427964956968083,0.3591516053517116,0.05854751116500787,0.27406188575078616
3187,490230,Reformed University,Private nonprofit,0.0018478256072453811,0,0.6927710843373494,0.3236585575604895,0.43070015895971336,1.0
3188,201885,University of Cincinnati-Main Campus,Public,0.0018446358945041989,0,0.04818786134528691,0.4629301932771973,0.12864135674871235,0.31463141225971913
3189,176965,University of Central Missouri,Public,0.001840971713025058,0,0.03633449104995993,0.6334187543961491,0.046076803731812416,0.36096144116571394
3190,166638,University of Massachusetts-Boston,Public,0.0018402505717893239,0,-0.025204828319469637,0.48905162864866075,-0.008601934808368704,0.35118088514661533
3191,433660,Florida Gulf Coast University,Public,0.001837505385211285,0,0.06623489350337183,0.44259529854651014,0.051996398320203766,0.22969996147343819
3192,232052,Eastern Shore Community College,Public,0.0018349314408949628,0,0.06129032258064516,0.13027816045619142,-0.01672720260850976,0.07036038130197832
3193,190682,CUNY School of Law,Public,0.0018345373822978418,0,0.11661341853035144,0.40346033416381993,-0.6258079273999859,0.2613472064717997
3194,126289,Arapahoe Community College,Public,0.0018316579252646386,0,-0.009640253938396426,0.4177604573717648,0.0875436096752683,0.5649277139115622
3195,240329,University of Wisconsin-La Crosse,Public,0.0018284517819287674,0,-0.032853242963381345,0.3086208685068678,0.1112328898811757,0.38588374194679015
3196,202134,Cleveland State University,Public,0.0018256842760610167,0,-0.06790643426423897,0.47699527763629923,0.051363848638465825,0.4650953431439589
3197,218724,Coastal Carolina University,Public,0.001822004408414959,0,-0.014021365890881344,0.8649713491874318,0.12262063971296207,0.4680380970120231
3198,199494,Rowan-Cabarrus Community College,Public,0.0018082110732998934,0,0.05878664367455714,0.495114146088153,0.13716941546267405,0.05508267832234847
3199,209551,University of Oregon,Public,0.0018072028250324158,0,0.02868943464937603,0.498039635199429,0.12975111992821964,0.33522316543756187
3200,218690,University of South Carolina-Sumter,Public,0.0018061668472948982,0,0.1293166789125643,0.7320321829162262,0.3603970142306442,0.07439817746005281
3201,166629,University of Massachusetts-Amherst,Public,0.0018034630440094447,0,0.028038277511961723,0.4803465542190614,0.07428420612164811,0.2876269795108973
3202,155715,Pratt Community College,Public,0.0018015942259019537,0,0.017781541066892465,0.1485694779701244,0.09034277203545164,0.053247855549862604
3203,226806,Midland College,Public,0.0018012811754677181,0,0.05650048875855328,0.40868561015674915,0.1660171902977475,0.08655261748200682
3204,241951,Escuela de Artes Plasticas y Diseno de Puerto Rico,Public,0.0017988767486705156,0,0.10884353741496598,0.36991602061850487,0.08260268017997802,0.16572993295062144
3205,151333,Indiana University-Kokomo,Public,0.0017834473563904827,0,-0.10050568900126422,0.12619748442416984,0.12080946559964577,0.3875237615158341
3206,133669,Florida Atlantic University,Public,0.0017662069015895396,0,-0.01560161005954559,0.30287109101054116,0.12823916047316877,0.21646448734189355
3207,185590,Montclair State University,Public,0.001765987599670753,0,0.03698767077640786,0.5512644242139708,0.049329282697929897,0.3383264920414612
3208,217882,Clemson University,Public,0.0017628330016108162,0,0.10239330803191077,0.8832701154647112,0.08952064928939521,0.3800210453722632
3209,207388,Oklahoma State University-Main Campus,Public,0.001760830534830201,0,0.05369824328252835,0.53371763137627,0.04280215657650557,0.2869367999339578
3210,233921,Virginia Polytechnic Institute and State University,Public,0.0017569150602027728,0,0.049116345545996754,0.36122729716367746,0.1708608644172868,0.30605004177855627
3211,230728,Utah State University,Public,0.0017560303534002314,0,0.004782452355267889,0.23835465485662014,0.05239169016525367,0.15229270711418916
3212,198987,Mitchell Community College,Public,0.0017529506767824227,0,0.0712957222566646,0.2904505513739902,0.10873902521425191,0.07531725723693357
3213,232186,George Mason University,Public,0.0017481408614333006,0,0.03132345561630087,0.445996478965815,0.09508689842280352,0.3347427384339357
3214,200572,Valley City State University,Public,0.001746482614631277,0,-0.004204204204204204,0.17910994288907583,0.27571868701728947,0.17533214200715197
3215,126748,Colorado Northwestern Community College,Public,0.0017420450680715157,0,0.06025179856115108,0.19982476554251197,0.06775510392843108,0.2635010632197262
3216,218520,Piedmont Technical College,Public,0.0017325165983261815,0,0.11965451864335369,0.9032108429661897,0.03525044321956933,0.14538398118559354
3217,104425,Cochise County Community College District,Public,0.0017312105795811803,0,0.03404139433551198,0.3813606270908057,0.21376325336426744,0.08830304572642061
3218,180692,The University of Montana-Western,Public,0.0017294717195522858,0,0.048600883652430045,0.3722686804504708,0.010506061286440235,0.2321110061164577
3219,171234,Montcalm Community College,Public,0.0017273900647817866,0,0.04839764551994768,0.5421945527787133,-0.10969710155816001,0.2413185973459694
3220,177250,East Central College,Public,0.0017238074462919406,0,0.016232540581351453,0.35700117596547565,0.21990886333488927,0.13367221831044726
3221,178448,Moberly Area Community College,Public,0.0017208273315858467,0,0.034646318828624456,0.21631672117466771,0.20787855732650276,0.20448963312905857
3222,105297,Dine College,Public,0.00172037709931639,0,0.060833902939166094,0.2914374937489516,0.27222651085632044,0.004210047830634461
3223,154697,Barton County Community College,Public,0.0017200173555818495,0,-0.007209302325581395,0.1803430751613086,0.03370290601412649,0.1864370174396631
3224,215585,Reading Area Community College,Public,0.0017144601569512488,0,0.05911214953271028,0.29721381466466296,0.0371320540211484,0.15570538401198686
3225,219356,South Dakota State University,Public,0.0017143490429377525,0,-0.01607018763029882,0.26395781921480066,0.04841883513114088,0.2541795658810193
3226,100858,Auburn University,Public,0.0017101502924854865,0,0.04281024294156271,0.626175946239975,-0.05419341111891532,0.42240594457111585
3227,221847,Tennessee Technological University,Public,0.0017074397084992185,0,-0.02347140039447732,0.24088953303952126,0.14638683707094674,0.23467516199367155
3228,180461,Montana State University,Public,0.0017038832131125677,0,-0.0006589983225497244,0.47669451557586,0.09035455069980614,0.3037508942654849
3229,234076,University of Virginia-Main Campus,Public,0.0016944454653314287,0,0.042779465856388935,0.28345682315987203,-0.10334136761517831,0.1701553974270133
3230,227881,Sam Houston State University,Public,0.0016940495728242657,0,-0.0036181463957695517,0.15234291994625473,0.055734012855458946,0.33783300749329226
3231,228459,Texas State University,Public,0.0016902942879346164,0,-0.0004189907560164454,0.16014728048713697,0.06252851795319352,0.33255928940440765
3232,224545,Texas A&M University-Texarkana,Public,0.0016851344528824425,0,0.020309477756286266,0.13375210942675372,-0.12184117603150638,0.2328477462070616
3233,219480,Western Dakota Technical College,Public,0.0016796359861109662,0,0.04365733113673806,0.10681610308059934,0.07753116019399106,0.30157692713274087
3234,142328,Lewis-Clark State College,Public,0.0016783723754598898,0,-0.0005336179295624333,0.14226325920052038,0.31002346095681,0.16997514193963742
3235,230782,Weber State University,Public,0.0016783454929988222,0,0.009108082579948724,0.09344847670163559,-0.017877975425172325,0.26102722813414336
3236,185828,New Jersey Institute of Technology,Public,0.0016774473338483998,0,0.07067199166521966,0.6009548475001487,0.07168938608286245,0.29078552529366997
3237,383996,Eastern New Mexico University Ruidoso Branch Community College,Public,0.0016758125448533647,0,0.02674591381872214,0.12942921517538905,0.22334510477700312,0.059382587193276444
3238,148821,Shawnee Community College,Public,0.0016699211812539032,0,0.0840258541089566,0.20787149369645938,0.10561505087567699,0.095945014992653
3239,231174,University of Vermont,Public,0.0016684712681903397,0,0.03985828166519043,0.6230219815767928,0.007026462153587932,0.46325205729145785
3240,237880,West Virginia School of Osteopathic Medicine,Public,0.0016664344224144312,0,-0.019777503090234856,0.05356086726167955,-0.05222827111002781,0.771314204788057
3241,180902,Central Community College,Public,0.0016652628933078316,0,0.023712311557788943,0.09724917747079825,0.06334197055166517,0.06684204597347457
3242,198552,Forsyth Technical Community College,Public,0.0016642635246054349,0,0.07472384665367121,0.46784289190308775,0.0994669949588464,0.08122458723551271
3243,207342,University of Oklahoma-Health Sciences Center,Public,0.0016601251023027179,0,0.06338249137119548,0.3397608035671208,0.05035947927365455,0.07202740238910785
3244,437103,Baton Rouge Community College,Public,0.0016551262643278385,0,0.14391325776244454,0.8733483661266157,0.16632794574714374,0.17691228170942394
3245,230764,University of Utah,Public,0.0016508576612002696,0,0.05728722756605382,0.26133116165360376,0.0463654944423673,0.05821576131260963
3246,180522,Montana State University-Northern,Public,0.001642570995983952,0,0.06244175209692451,0.28795114694004753,-0.06797233963391104,0.18918260600037784
3247,126863,Community College of Aurora,Public,0.0016409209402636275,0,-0.029545190182621844,0.18050645749631192,0.06389397532274863,0.4053855753155774
3248,207847,Southeastern Oklahoma State University,Public,0.00163305943419731,0,0.08516537928302634,0.4034593889196163,0.005754167911710925,0.38281470917783017
3249,200059,Dickinson State University,Public,0.0016310278360047808,0,0.09111111111111111,0.24829928090581582,0.03685439336196754,0.2674837665993031
3250,459949,Texas A&M University-San Antonio,Public,0.0016219106686512607,0,0.08926974664679582,0.17055355646513826,-0.1583092265621089,0.26764142527806745
3251,221838,Tennessee State University,Public,0.0016173275182474565,0,0.14070040836530132,0.3381193933591454,0.10172638252047288,0.15462720619632903
3252,493822,College Unbound,Private nonprofit,0.0016134750669581598,0,0.7484662576687117,0.07436262721677489,0.01877181366960731,0.30810958792991566
3253,219143,Lake Area Technical College,Public,0.0016038434795161024,0,0.004488330341113106,0.08334877276381923,0.12490218571875755,0.334361236579007
3254,154998,Dodge City Community College,Public,0.0015978930653703875,0,0.1037673496364838,0.5459850661870657,-0.0451450344999125,0.21360143552733088
3255,101736,Northwest-Shoals Community College,Public,0.001594491618654431,0,0.1480637813211845,0.6822469473969607,0.14578844213250605,0.09238156418429377
3256,106625,Black River Technical College,Public,0.0015940329062202221,0,0.06385869565217392,0.3346460172678133,0.12168503304673707,0.08005302774396268
3257,126207,Aims Community College,Public,0.0015937126623839432,0,0.08200180886343081,0.3159951834394135,-0.004118304587062414,0.08065275204861197
3258,163268,University of Maryland-Baltimore County,Public,0.0015863376657488922,0,0.028598735480076458,0.3485933171583595,0.07008286042503081,0.22051533863225464
3259,237215,Bluefield State University,Public,0.001583381862934862,0,0.052377115229653506,0.12726897704470078,0.026519076042755895,0.18133296299523644
3260,186469,Salem Community College,Public,0.0015833771833752657,0,0.11546184738955824,0.32796868383833255,0.06617394539104696,0.26138625586439657
3261,173416,Dakota County Technical College,Public,0.001581953497799231,0,0.11672831894780107,0.2806225624729164,0.055562651679652575,0.23206028867032827
3262,142559,College of Southern Idaho,Public,0.0015793606686633228,0,0.11086717892425905,0.056983451372285714,0.10856808383634084,0.11192880954687782
3263,200022,Bismarck State College,Public,0.0015783923950632715,0,0.008558438085049478,0.2587247948131818,-0.005337678672635564,0.2695526933559092
3264,155052,Flint Hills Technical College,Public,0.001563271807447927,0,0.06340819022457067,0.13060755533527357,0.07928077878592857,0.32851659072241823
3265,181394,University of Nebraska at Omaha,Public,0.001562935325335924,0,-0.006269385600211179,0.24032852271977054,0.027439384252239126,0.30422692088986647
3266,160621,Southern University and A & M College,Public,0.0015610874901222551,0,0.15210084033613444,1.0384681744139175,0.14380081046354923,0.1691975756932871
3267,485403,High Tech High Graduate School of Education,Private nonprofit,0.0015569662989051846,0,0.8305084745762712,0.2881742465427924,-0.18920369393933495,0.10822338097100159
3268,228909,University of North Texas Health Science Center,Public,0.001556948955182713,0,0.044702726866338846,0.11055764687994876,-0.0365198499399978,0.1051888848064591
3269,492689,Texas Tech University Health Sciences Center-El Paso,Public,0.0015558146353500735,0,0.11764705882352941,0.14306433967292037,-0.03837463818232759,0.046163623501684035
3270,142115,Boise State University,Public,0.0015479163095045744,0,-0.0038906053324178967,0.3528006679298337,0.09814593903160852,0.3371977965340754
3271,155593,North Central Kansas Technical College,Public,0.0015443114327702131,0,0.09419496166484119,0.26445629312463714,0.12126836257423168,0.2186837229463572
3272,240277,University of Wisconsin-Green Bay,Public,0.0015436109979346056,0,0.09502623773671001,0.1705807157293025,0.1335998852415875,0.2520475009354254
3273,245625,Warren County Community College,Public,0.0015425824961929975,0,0.0440949737897009,0.16041625962052142,0.14386272206068187,0.07663826452839542
3274,200280,University of North Dakota,Public,0.001542393167246301,0,0.0217215227155585,0.44163243483979275,0.09253072736633303,0.3068871533377971
3275,234155,Virginia State University,Public,0.001542000883390452,0,0.06483390607101948,0.31619378196112863,0.05292853361834483,0.12273048636307347
3276,199625,Sampson Community College,Public,0.0015417959279117864,0,0.11266620013995801,0.5715588684850769,0.24318735531868263,0.0338067660514383
3277,228778,The University of Texas at Austin,Public,0.0015352673865502552,0,0.025327852808768838,0.08356500413015625,-0.013935253964927771,0.1572768928179911
3278,174066,University of Minnesota-Twin Cities,Public,0.0015332669371175944,0,0.07068404543417695,0.3504916973737757,0.1342215126130194,0.17811963297801797
3279,101301,George C Wallace State Community College-Selma,Public,0.0015330054881902816,0,0.21648136036625246,0.5744234893682162,0.0325698953138883,0.11429264737963948
3280,199102,North Carolina A & T State University,Public,0.0015251715727067283,0,0.0741478177763619,0.389442909184406,0.2301184477420265,0.1827370361583177
3281,226107,Lamar State College-Orange,Public,0.0015243562444357862,0,0.1198329853862213,0.062472450812152455,0.12694424305680657,0.12108862778382476
3282,106980,National Park College,Public,0.0015228499614469567,0,0.1266249398170438,0.5569632796075437,0.013746092926793418,0.07561771417976657
3283,220862,University of Memphis,Public,0.0015222296310664998,0,0.010698639612635463,0.26541456225592724,0.11345060142899438,0.25737842281536116
3284,207236,Murray State College,Public,0.0015183407241331427,0,0.09553528564570331,0.19509198195253874,0.4894951962575484,0.110108924719788
3285,200314,Dakota College at Bottineau,Public,0.0015128882146518388,0,0.073558648111332,0.3553018802705758,0.035825345325331735,0.20557792163146776
3286,156471,Galen College of Nursing-Louisville,For-profit,0.0015112893516324778,0,1.0898400752587019,0.6741273347797218,0.080384674342702,0.9997894409282346
3287,157085,University of Kentucky,Public,0.0015074858838773804,0,0.07295422080130604,0.2442050642440445,0.06152987276926262,0.07879066961017868
3288,227368,The University of Texas Rio Grande Valley,Public,0.0014958442145852839,0,0.08401744924947618,0.18169193233486158,0.0033040366445228936,0.15815406664868642
3289,204024,Miami University-Oxford,Public,0.0014947521498850072,0,-0.030888618381010348,0.3440375569497689,0.02072620224234084,0.4772278523388233
3290,197850,South Piedmont Community College,Public,0.0014895229832981075,0,0.06441326530612244,0.34108480732555585,0.3982706752831356,0.045742982488989614
3291,209542,Oregon State University,Public,0.001485599178862973,0,0.08111857246445348,0.6049403922898368,0.06306510858710357,0.24786513033963248
3292,100751,The University of Alabama,Public,0.0014840695094423123,0,0.014278215223097112,0.4709100198758683,-0.13120016516479627,0.4600581478829964
3293,149639,VanderCook College of Music,Private nonprofit,0.0014824356039271269,0,0.8263888888888888,0.23635397521747167,-0.033335170470490824,0.6775791030082804
3294,137351,University of South Florida,Public,0.0014817877293985618,0,0.12100528861365999,0.5288927299442864,0.01823525207504909,0.17221170832185873
3295,102076,Snead State Community College,Public,0.0014816372542792383,0,0.12069736253911488,0.641824771578949,0.1497046298820263,0.24166596670618143
3296,228787,The University of Texas at Dallas,Public,0.0014770909392569083,0,0.06861185390786312,0.13277646231591148,0.057490973227707964,0.4175507094188092
3297,159391,Louisiana State University and Agricultural & Mechanical College,Public,0.00146771944769319,0,0.17609270689003653,0.9824994148995181,0.13793093916056662,0.2968415322846282
3298,158884,Nunez Community College,Public,0.0014662730631200688,0,0.12770970782280866,0.47380680002885733,0.06186875542259521,0.18461281332813784
3299,133960,The College of the Florida Keys,Public,0.001462903980386124,0,0.05263157894736842,0.11769001574892296,0.279712617668337,0.09032263471068067
3300,181491,Northeast Community College,Public,0.0014540293484902609,0,0.06181057436287562,0.15332024384893966,0.11310539055377501,0.0829073998317831
3301,138354,The University of West Florida,Public,0.001453651102433593,0,0.07676992912319822,0.55689005090454,0.056182714831673086,0.25978422895621656
3302,486840,Kennesaw State University,Public,0.0014402362594529029,0,0.14238104054804665,0.7670101251899571,0.1342123775345392,0.28911782729436925
3303,101143,Enterprise State Community College,Public,0.0014392928515858127,0,0.11419068736141907,0.4333703829099116,0.13332689815456533,0.13441976677643422
3304,107460,North Arkansas College,Public,0.0014364814965419266,0,0.10739856801909307,0.4234208290942211,0.14802011332053683,0.07474158218295505
3305,180328,Little Big Horn College,Public,0.0014332744226692798,0,0.13409961685823754,0.46827710311712173,0.22708644014492854,0.06294179188553534
3306,101295,George C Wallace State Community College-Hanceville,Public,0.0014323381346936848,0,0.19658976930792377,0.4894002596003246,0.11440075069301292,0.18981918994760116
3307,145637,University of Illinois Urbana-Champaign,Public,0.0014320734473209445,0,0.10291638407131092,0.4059789435079023,0.07460786627194853,0.2743630964206309
3308,106263,University of Arkansas for Medical Sciences,Public,0.0014260010409760683,0,0.17052023121387283,0.5876902117966113,-0.01643029361199023,0.024670222157973265
3309,493947,Idaho College of Osteopathic Medicine,For-profit,0.001423477012233638,0,0.9104938271604939,0.646276591937119,0.19032333081390274,0.955757955007101
3310,218140,Horry-Georgetown Technical College,Public,0.0014233433728356162,0,0.21357196122296793,0.575403894346137,0.03310882137298211,0.20548945847201452
3311,230171,Utah Tech University,Public,0.0014139787430831943,0,0.12177253640668274,0.3676643973246058,0.26036335638501173,0.20918436772431148
3312,197966,Beaufort County Community College,Public,0.0014131692090148973,0,0.13125406107862247,0.5488346311285061,0.2310368370036832,0.04865228281457823
3313,141574,University of Hawaii at Manoa,Public,0.001406292556744175,0,0.09056603773584905,0.4464403897661286,0.09647405606481887,0.1770535748110987
3314,236948,University of Washington-Seattle Campus,Public,0.0013992056467461449,0,0.09969312258281486,0.42766304903338864,0.0649761446031126,0.15480957258255823
3315,491631,Women's Institute of Torah Seminary and College,Private nonprofit,0.0013984220657237132,0,0.73,0.14948983734336518,0.07701007921558733,0.7433026360244592
3316,126614,University of Colorado Boulder,Public,0.0013979638591628373,0,0.04492780402819207,0.5435172595764491,0.05992038309447641,0.38762705874256687
3317,221759,The University of Tennessee-Knoxville,Public,0.0013967037151911713,0,0.14748811948404617,0.2693906096074407,0.12491333637707736,0.24782820471314895
3318,216348,Theological Seminary of the Reformed Episcopal Church,Private nonprofit,0.0013849034509927293,0,0.8666666666666667,0.16344647879521412,0.23322315539730556,0.06640400103899906
3319,203331,Eastern Gateway Community College,Public,0.0013824933353990927,1,0.183873986275733,0.8777117649916575,0.13905463161970807,0.10218408568464851
3320,228723,Texas A & M University-College Station,Public,0.0013818343151792245,0,0.07694322381631406,0.13527150767170903,-0.1845813797767981,0.25613032908577127
3321,378105,Central Coast College,For-profit,0.0013791062231751391,0,0.8898305084745762,0.1401148842301204,0.39288184082386135,1.0
3322,173203,Central Lakes College-Brainerd,Public,0.001377333866412146,0,0.06334633922423687,0.27275035823765215,0.13715673533735273,0.17965870598010183
3323,230597,Snow College,Public,0.0013768264736918436,0,0.11406279026565112,0.10587574621651662,0.13749370829573937,0.09886013230278154
3324,231624,William & Mary,Public,0.0013748527525999387,0,0.1004217485466773,0.38805724279677345,0.16083516774813977,0.3273191830160118
3325,420705,Bakke Graduate University,Private nonprofit,0.0013746401249724726,0,0.8395061728395061,0.5685795691611273,0.03340293189408763,0.7346456382713293
3326,487311,Jones Technical Institute,Private nonprofit,0.0013678338791043602,0,0.63125,0.03361478184716018,0.2051069318031003,0.7495354050106554
3327,104179,University of Arizona,Public,0.0013616296883027714,0,0.10826210826210826,0.6584459762686915,0.02265673260279859,0.2843369792925631
3328,489779,Purdue University Global,Public,0.0013459407562618824,0,0.1832031045151817,1.3439063563041083,0.021255046915594166,0.765578771400615
3329,175139,United Theological Seminary of the Twin Cities,Private nonprofit,0.0013380241882738225,0,0.8983050847457628,0.05101935143312921,-0.17199824482246248,0.4018866386814672
3330,126775,Colorado School of Mines,Public,0.0013237782126325186,0,0.11692818346409173,0.690673533506845,0.11541512386375422,0.44266201196688043
3331,239008,Lakeshore Technical College,Public,0.0013149085564666512,0,0.18571428571428572,0.5070353450485787,0.14231718573918672,0.09807308223594366
3332,240444,University of Wisconsin-Madison,Public,0.0013110615154560128,0,0.10617529430372596,0.3340532619346863,0.06148877954932683,0.21419413348393976
3333,219426,Southeast Technical College,Public,0.0013110235491095852,0,0.030672268907563024,0.1573880841630458,0.09282997777404547,0.39000393435325026
3334,127200,Front Range Community College,Public,0.0013001271093149279,0,0.00860861899082093,0.28487828296018153,0.010411261418601492,0.4557343154918427
3335,130934,Delaware State University,Public,0.0012992762502640927,0,0.2218959731543624,0.8696928846696657,0.1688233002579981,0.19897943551243683
3336,456959,University of Minnesota-Rochester,Public,0.0012966633514246914,0,0.10139860139860139,0.5398412025419234,0.0929653413163795,0.2661746343932747
3337,229115,Texas Tech University,Public,0.0012962707849765135,0,0.042228072892468126,0.1085158860402376,0.09306155623343651,0.31241412491852366
3338,161253,University of Maine,Public,0.0012907451000414723,0,0.05795346423319782,0.20540455458012094,0.06421179003146216,0.24841861235303858
3339,493895,SANS Technology Institute,For-profit,0.001277049406258,0,0.9226190476190477,0.008904366392127765,0.1054763278910846,1.0
3340,106397,University of Arkansas,Public,0.001271810219017431,0,0.12253710221706157,0.4022496304121655,0.08293000406156253,0.23235073529276803
3341,483045,Central Georgia Technical College,Public,0.0012653320473081469,0,0.17455118874332848,0.3578466118014227,0.12342885868288687,0.14911596983213046
3342,230737,Utah Valley University,Public,0.001261508353288026,0,0.032855636503067484,0.13977166658286092,0.13432062968510858,0.29028691903309717
3343,107983,Southern Arkansas University Main Campus,Public,0.0012588446528013924,0,0.1383240223463687,0.5527143441981326,0.07759704322468743,0.3026502189610485
3344,204477,Northeast Ohio Medical University,Public,0.0012587751767467986,0,0.043795620437956206,0.583467693664337,0.10624123577042849,0.4914977321322188
3345,480967,College of the Muscogee Nation,Public,0.0012546238710036508,0,0.19117647058823528,0.23147023524592414,0.04658663038779672,0.003506745270884881
3346,483780,IGlobal University,For-profit,0.0012346153862381932,0,1.157190635451505,0.484868529305295,0.19718397698562662,0.8660813995456572
3347,226091,Lamar University,Public,0.0012312560681882203,0,0.08686934023285899,0.18101506940010118,0.07701289149660538,0.39588134768130323
3348,217989,Denmark Technical College,Public,0.0012305825762466516,0,0.5010351966873706,1.8933427528846911,0.08331928607693562,0.18426881717872418
3349,243780,Purdue University-Main Campus,Public,0.0012299283181558913,0,0.13248351648351647,0.18601444912932552,0.057009530362631206,0.39754369870137607
3350,101462,J. F. Drake State Community and Technical College,Public,0.001200639323800424,0,0.2370088719898606,0.5259079670114286,0.22152103498767073,0.03125092172325533
3351,228529,Tarleton State University,Public,0.0011987280803793519,0,0.07033267507215556,0.10531953613120593,-0.017998807500495102,0.30432075785362817
3352,147004,McHenry County College,Public,0.0011965235784074013,0,0.18747490967482938,0.2942198692845553,0.05947281774709977,0.16357442362359373
3353,144892,Eastern Illinois University,Public,0.001179313905373332,0,0.13464002049705354,0.318412262663086,0.07680920210040904,0.14347211315976854
3354,214582,Pennsylvania Institute of Technology,Private nonprofit,0.0011774770792384705,0,0.7406417112299465,0.057173137532673,0.2684587952036066,0.8394507399566365
3355,198507,Elizabeth City State University,Public,0.001175599172502289,0,0.21481062747314866,0.41027397594417503,-0.009620252857259669,0.07351302935567888
3356,229027,The University of Texas at San Antonio,Public,0.001169020342222879,0,0.05519420752285697,0.14922190256020262,0.05909887575927194,0.32186558117138686
3357,476692,Yeshiva Gedolah Zichron Leyma,Private nonprofit,0.001164381368883775,0,0.8181818181818182,0.04588088217220703,0.234506243888086,0.35218471177727967
3358,227304,Odessa College,Public,0.0011636708365027199,0,0.17091388400702986,0.6127840590693415,0.17045334649941415,0.15699446636336287
3359,150987,Ivy Tech Community College,Public,0.001149234665171873,0,0.234093191542049,0.27807953867147417,0.07452623567434281,0.18855426649134738
3360,202648,Edison State Community College,Public,0.001147609108113097,0,0.11959876543209877,0.4026118025167337,0.09484747185235964,0.2517877486488958
3361,172918,Alexandria Technical & Community College,Public,0.00114734145652914,0,0.10575067541489773,0.27434679334916867,0.042071197411003236,0.24958721352618718
3362,241304,Columbia Central University-Caguas,For-profit,0.0011408850987739837,0,1.1478174603174602,0.3076903477188134,0.05964427622893784,0.9025161831554714
3363,482936,Florida Polytechnic University,Public,0.0011339720308311471,0,0.19236526946107785,0.0929605616531742,0.17508028837836298,0.021696070724853158
3364,110398,University of California-Hastings College of Law,Public,0.0011322633967837028,0,0.21859039836567926,0.8698220809614648,-0.17914292250851957,0.3810566135692769
3365,229018,The University of Texas Permian Basin,Public,0.0011309161682647464,0,0.1069468105243233,0.10377594571386338,0.05091877196611531,0.20006163886910994
3366,441760,Lamar Institute of Technology,Public,0.0010782352705904037,0,0.1975093399750934,0.1644755879532489,0.14295873877678694,0.10799746599017788
3367,178624,Northwest Missouri State University,Public,0.0010769527113770393,0,0.19721283783783783,0.5750733747110894,0.05012154466975477,0.3575508245341741
3368,181783,Wayne State College,Public,0.0010436213387994262,0,0.2269922879177378,0.14954262723172587,0.08070707449887941,0.24031478616374177
3369,155830,Salina Area Technical College,Public,0.0010402618303704488,0,0.08091024020227561,0.021875686893369044,0.6866409383394054,0.061454809009973306
3370,207315,Oklahoma State University Center for Health Sciences,Public,0.001033159833908317,0,0.30852017937219733,0.32673759177571293,0.11387491792985927,0.080811512154753
3371,159382,Louisiana State University-Alexandria,Public,0.0010170061645441055,0,0.26855959775214433,0.9391608411612329,0.17672603126355477,0.3644124481331388
3372,151351,Indiana University-Bloomington,Public,0.001011005329820706,0,0.08656957928802589,0.31174068433086793,-0.01067927610461688,0.46391825090949046
3373,198039,Blue Ridge Community College,Public,0.0010068725428497027,0,0.19811320754716982,0.29994903396191447,0.4078226292257997,0.03540304076953253
3374,212133,Eastern University,Private nonprofit,0.0009960317558673245,0,0.8609677419354839,0.3457940095295123,-0.014909744976239672,0.7466950901191535
3375,163453,Morgan State University,Public,0.0009959451599603972,0,0.1723560479196187,0.22418683584213708,-0.03107147137953312,0.1717213953052632
3376,215390,Pittsburgh Institute of Mortuary Science Inc,Private nonprofit,0.0009853138768769404,0,0.8146341463414634,0.01802597347589354,0.11974414626618299,1.1168692167552512
3377,177977,State Technical College of Missouri,Public,0.0009562417712579598,0,0.26218097447795824,0.5686763873578029,0.10530408653438275,0.2930454813698031
3378,218830,Spartanburg Community College,Public,0.0009431888853653631,0,0.34340600043168573,0.9954640931087072,0.057778020969229245,0.12294845964513353
3379,101879,University of North Alabama,Public,0.0009215760005546385,0,0.27629187224097634,0.9035534352877893,-0.007328588178787404,0.38911631200858615
3380,127617,Morgan Community College,Public,0.0009155690684110394,0,0.15481832543443919,0.10164106851239105,-0.010498362248151491,0.2580740271046808
3381,413626,Leech Lake Tribal College,Public,0.0008954168222978522,0,0.1780821917808219,0.011124735792509171,0.3402063369042566,0.03755184575298803
3382,139755,Georgia Institute of Technology-Main Campus,Public,0.0008791703498741837,0,0.2477549446311498,0.6088477825598239,0.06899739376735126,0.2082822574109757
3383,376695,College of the Marshall Islands,Public,0.0008701756514156463,0,0.4050761421319797,0.3805481296878813,-0.03845971141757213,0.007444425906180792
3384,227216,University of North Texas,Public,0.0008511229542044986,0,0.13806691071791743,0.2321588692913762,0.0172985696884301,0.41088564094550284
3385,449728,ATA College,For-profit,0.0008278493743575654,0,1.1071428571428572,0.3720593771064895,-0.05925609586651481,1.0
3386,420556,Columbia Gorge Community College,Public,0.0008274227568553959,0,0.34411384217335056,0.5507350142973834,0.2128917317181084,0.08668783803247526
3387,441900,Nevada State College,Public,0.0008227155323557772,0,0.2838467048710602,0.5111566115255703,-0.031265194982009144,0.17084832571558237
3388,449524,Taylor College,For-profit,0.0007847309750910304,0,1.1690140845070423,0.8828456924064381,0.33729208578037767,0.8495838333710173
3389,140243,Lanier Technical College,Public,0.0007806261374601638,0,0.21295493934142115,0.12018870827985219,-0.033679753742946704,0.21726849104172175
3390,488077,Sonoran Desert Institute,For-profit,0.0007602712072489904,0,1.2508417508417509,1.6711392231463125,0.3556645755796884,1.0
3391,485768,Atlantis University,For-profit,0.0007357755050631096,0,1.1303258145363408,0.405231737965397,0.12735909169077653,1.0
3392,481386,California Career Institute,For-profit,0.0007268332095192963,0,1.3061224489795917,0.5295929920450211,0.09550178723561668,0.9965890607691689
3393,230603,Southern Utah University,Public,0.0007182447415322556,0,0.27672843905915895,0.2013398416334621,0.06192715584473751,0.32556494250116663
3394,180160,Chief Dull Knife College,Public,0.000715779598640759,0,0.36419753086419754,0.2814170636482265,0.09467862197316533,0.02461301963967835
3395,161581,Washington County Community College,Public,0.0007152474190986902,0,0.2531017369727047,0.04986229670353466,0.18655288910406184,0.05814609701084173
3396,490133,Westcliff University,For-profit,0.0006923255076482838,0,1.156825153374233,0.8037401481441092,0.07698731506735418,0.9695472165923114
3397,220552,South College,For-profit,0.0006868774661570976,0,1.1744635947942315,0.6181185204217332,0.13869841105634,0.9953902654896871
3398,204440,Northwest State Community College,Public,0.0006835341283398789,0,0.41057052852642634,0.6141909972219055,-0.007641482647341575,0.3855387258526433
3399,161341,University of Maine at Presque Isle,Public,0.0006615776092241352,0,0.2782006920415225,0.177413636900776,0.058037445788230314,0.16335813264694474
3400,491844,Red Lake Nation College,Public,0.0006231667324643401,0,0.4153846153846154,0.03368708885726133,0.7279170454406035,4.948078166440155e-05
3401,108861,Berkeley School of Theology,Private nonprofit,0.000606011700692551,0,1.2564102564102564,0.21466903186721123,-0.3591302978154261,0.11048644710578062
3402,447263,Joyce University of Nursing and Health Sciences,For-profit,0.0005837269548526373,0,1.1654135338345866,0.5367949937428333,0.20839728665880486,0.9931016944072549
3403,480091,Bryant & Stratton College-Online,Private nonprofit,0.0005658650823504313,0,0.8013535031847133,0.03721908587868463,0.4953387237268865,0.9390754223580138
3404,235237,Pierce College District,Public,0.000559823202453564,0,0.39386602098466506,0.12342957182924312,0.14356126983265746,0.12284415736732195
3405,242972,NUC University,For-profit,0.0005407442325595621,0,1.1429144277808967,0.7230704935648274,-0.0028054263788949278,0.8634581869687608
3406,142179,College of Eastern Idaho,Public,0.0005390776487181407,0,0.4626959247648903,0.10944349473323543,0.37578199846110105,0.10780197114749912
3407,488800,Teachers College of San Joaquin,Public,0.0005340731126801435,0,0.30660377358490565,0.16823688742650728,-0.0035904224664516132,0.7343576504503796
3408,230418,Ensign College,Private nonprofit,0.0005241180694003245,0,1.1036806635562468,0.05545857392238485,0.3206359962246799,0.13237820962706615
3409,443058,Family of Faith Christian University,Private nonprofit,0.0005219793621083186,0,0.9181818181818182,0.011005728990006111,0.16809178430108168,0.6548484802018273
3410,219240,Kairos University,Private nonprofit,0.0005088282019714579,0,1.18854415274463,0.2194550833008641,0.22500410107442162,0.42701464532591266
3411,484473,University of Florida-Online,Public,0.0005073591259074563,0,0.36423841059602646,0.08354965868666474,0.005703196166184799,0.34143926492138305
3412,101471,J F Ingram State Technical College,Public,0.0004532317351190156,0,0.5835051546391753,0.7399671980626578,0.3135386933210534,0.00017732842940818217
3413,441609,Yeshiva Shaarei Torah of Rockland,Private nonprofit,0.00044321409469668364,0,1.0561797752808988,0.013270012283460952,0.09032788831086971,0.4964199482722246
3414,139995,Gupton Jones College of Funeral Service,Private nonprofit,0.0004389452627902455,0,1.021097046413502,0.05838430648892881,0.20902285460401202,0.9762094881800626
3415,187745,Institute of American Indian and Alaska Native Culture and Arts Development,Public,0.0004343912155409482,0,0.43471074380165287,0.20606922157223195,0.09555839181262614,0.05862882911118413
3416,104151,Arizona State University Campus Immersion,Public,0.00038579973906922556,0,0.5025522651353076,0.667123021856496,0.06995447077908391,0.4845797974369776
3417,447050,United States University,For-profit,0.0003783610610663207,0,1.244569589702333,0.1675242477971373,0.1498944357781843,1.0
3418,239424,Nashotah House,Private nonprofit,0.0003616496832415208,0,1.280701754385965,0.07310775088154835,-1.9716823808572745,0.4976366820184348
3419,491057,Yeshiva Kollel Tifereth Elizer,Private nonprofit,0.0003477751767933623,0,1.28125,0.22663507251627438,0.2529650792134424,0.5354211673460498
3420,459204,Unitek College,For-profit,0.0003459148825798269,0,1.2622263623660923,0.09309279563396974,0.2722921491519987,1.0
3421,441423,Florida Education Institute,For-profit,0.00034357237536409657,0,1.5757575757575757,0.4581830564471139,0.05880302143778782,0.8876778575777562
3422,206516,Winebrenner Theological Seminary,Private nonprofit,0.00032929457601149837,0,1.2830188679245282,0.019219335685261598,-1.1613273743345827,0.547792249865628
3423,489335,Institute of Buddhist Studies,Private nonprofit,0.0003278380754406781,0,1.3043478260869565,0.10198811187694452,-0.06638863741844858,0.09582347304501586
3424,492704,Ponce Health Sciences University-Centro Universitario de San Juan,For-profit,0.0003083738593926472,0,1.101010101010101,0.007220273073363436,0.6447497410154973,1.0
3425,219408,Sisseton Wahpeton College,Public,0.000303491735881416,0,0.5714285714285714,0.401283921457416,0.07085355158404275,0.013232761158645995
3426,130110,Paier College,For-profit,0.0002628867837258546,0,1.4831460674157304,0.6497373861053904,-0.06012727107711362,0.7849470051887769
3427,484002,High Desert Medical College,For-profit,0.0002577419344349052,0,1.3622159090909092,0.3399806693652044,0.07612303233663771,1.0
3428,223320,Coastal Bend College,Public,0.00024527607249897633,0,0.7811786203746003,0.8631240573359924,0.20177310315254757,0.05374705337449509
3429,421708,Arizona College of Nursing-Tempe,For-profit,0.00023492815462976588,0,1.4572025052192066,0.7187425264881517,0.014613166034040377,1.0
3430,107521,Arkansas State University Three Rivers,Public,0.0002292081032479463,0,0.5916594265855778,0.20523124142951218,0.09322086714913105,0.09722430841896113
3431,198154,Cape Fear Community College,Public,0.000212499323681158,0,0.6421369799513269,0.2495582426914069,0.0856310897116282,0.09154428129321997
3432,490346,Elyon College,Private nonprofit,0.0002020760958847911,0,1.4333333333333333,0.21860705232689664,0.207180466314,0.7514935811731921
3433,454810,Auguste Escoffier School of Culinary Arts-Boulder,For-profit,0.00020084296102465565,0,1.4214538524367002,0.2710143001725969,0.18637587933391253,0.9698246529241836
3434,111045,Haven University,Private nonprofit,0.00020034850378904524,0,1.5,0.05880964908949872,0.48852893381929563,0.2744030212866059
3435,457697,City Vision University,Private nonprofit,0.0001924353663393993,0,1.1927710843373494,0.0902025947465968,0.14045224904205209,0.7384680155224173
3436,111638,Casa Loma College-Los Angeles,Private nonprofit,0.00018455808605673463,0,1.5617283950617284,0.8577235088846662,0.11084553521721925,0.6974285493899617
3437,461263,American Medical Sciences Center,For-profit,0.00016960798971638893,0,1.515625,0.6076747507497027,0.18521577465542263,1.0
3438,493080,Institute of Culinary Education,For-profit,0.00016246906162489195,0,2.037214814814815,1.813573158966663,0.023830610279184396,0.9866872118230575
3439,198914,Mayland Community College,Public,0.00016043320951330555,0,0.9624060150375939,0.4629019796222961,0.1821693224069278,0.02157172195557739
3440,423120,Compu-Med Vocational Careers Corp,For-profit,0.00015235707650006487,0,1.6423357664233578,0.7662575305794705,0.24901453163981782,0.9304778152399623
3441,198206,Carteret Community College,Public,0.00014821042570321952,0,0.7841561423650976,0.4360552137633366,0.10408930067087772,0.06503489443920026
3442,439862,Pacific Islands University,Private nonprofit,0.00014358551652800003,0,1.7321428571428572,0.27031540067370874,-0.15613010474455816,0.0
3443,446163,Community Christian College,Private nonprofit,0.00013887418166769468,0,1.3891625615763548,0.17266198636096616,0.1689998406463763,0.9274389088485808
3444,182829,University of New Hampshire-Franklin Pierce School of Law,Public,0.0001348615926383169,0,0.9317507418397626,2.5930047696427296,-0.04629002067788034,0.8290615940634667
3445,494010,Ponce Health Sciences University-St Louis,For-profit,0.00012345448430046933,0,2.037214814814815,2.5930047696427296,-0.7820181506637618,1.0
3446,493521,Global Tech College,For-profit,0.00011713961912493755,0,2.037214814814815,0.48178944336297636,0.3103677711708304,0.5072804824238859
3447,180212,Fort Peck Community College,Public,0.00011644728695566278,0,1.0144508670520231,0.20613102527542737,0.10793024055803997,0.06046055413875753
3448,488776,John Patrick University of Health and Applied Sciences,For-profit,0.00011125753460122074,0,1.6770833333333333,0.4838060516510343,0.12583855596115062,0.9974817638551375
3449,461315,Keweenaw Bay Ojibwa Community College,Public,0.00010314747952454521,0,0.9113924050632911,0.5942777886490838,0.0222081482845829,0.00919572042856125
3450,493673,Professional University Dr. Carlos J. Borrero Rios,For-profit,0.00010220100861761304,0,2.037214814814815,0.6443090544271927,0.05908338460172389,0.7957395967450386
3451,196583,Torah Temimah Talmudical Seminary,Private nonprofit,0.00010158285639433547,0,1.68,0.7843118847947417,-0.0014989321163571211,0.316486305771765
3452,196565,Tompkins Cortland Community College,Public,9.625489723316128e-05,0,1.0163413527008625,0.9471443698822587,0.03387513748069586,0.17138069023998398
3453,494588,Pima Medical Institute-San Antonio,For-profit,9.394254285974204e-05,0,2.037214814814815,2.5930047696427296,-0.4885439385281607,0.7421261302611887
3454,200208,Cankdeska Cikana Community College,Public,8.373099565938544e-05,0,0.975,0.4647786530314657,0.11788758862133938,0.0014400967649219173
3455,422835,American College of Healthcare and Technology,For-profit,7.580770708831368e-05,0,2.037214814814815,0.4754747047922579,0.18573181967925617,1.0
3456,461218,Institute of Medical Careers,For-profit,6.684735283059821e-05,0,2.037214814814815,0.25084527678619,0.2646494492365498,0.9908732457671874
3457,486372,San Francisco Film School,For-profit,6.680089650243498e-05,0,1.763157894736842,0.5202978580317699,0.2893321922892289,1.0
3458,181419,Nebraska Indian Community College,Public,6.122068503612784e-05,0,1.0973451327433628,0.016709811798657714,0.22439588855528572,0.028147226996553223
3459,488059,Med Academy,For-profit,5.923349654922191e-05,0,2.037214814814815,0.08596627612631928,0.43118469093273587,0.996525640278799
3460,481720,South University-High Point,For-profit,5.8032730945491e-05,0,2.037214814814815,0.2460171793554071,-1.446496335208647,0.7485183059720648
3461,195155,St Bernard's School of Theology and Ministry,Private nonprofit,5.709844460152566e-05,0,1.5147058823529411,0.02266605662100585,-0.3463081216446079,0.8479847150310151
3462,458113,Ascent College,Private nonprofit,5.3891259871181075e-05,0,2.037214814814815,0.6744069814604022,0.027365914129946992,0.26017538948699837
3463,444325,ATI College-Whittier,For-profit,5.0428534509015464e-05,0,2.037214814814815,1.0,0.055036383004348655,0.7880747000433813
3464,231068,SIT Graduate Institute,Private nonprofit,4.94547154819839e-05,0,2.037214814814815,0.2712989066436412,-0.08509892243500891,0.25071217451722777
3465,404338,Schiller International University,For-profit,4.918102755813007e-05,0,2.037214814814815,0.22517956893537996,-1.7549439222715542,1.0
3466,442781,Tohono O'odham Community College,Public,4.865334533767691e-05,0,1.1392111368909512,0.47972639747565904,0.08030207169989395,0.006810136957703552
3467,486415,AMG School of Nursing,For-profit,4.855620938597687e-05,0,1.8855421686746987,0.13542421640763302,0.2406380835209731,1.0
3468,202435,Davis College,For-profit,4.453607398617826e-05,0,2.037214814814815,0.42947672171599305,-0.21713525121582034,0.7646443638254375
3469,240718,WyoTech,For-profit,4.302604808795322e-05,0,2.037214814814815,0.7329365892712009,0.05895005772553311,0.8976265569109945
3470,169761,Dorsey College,For-profit,3.745667974932557e-05,0,2.037214814814815,0.3130235434174442,0.09166389478269783,0.8490474058472286
3471,457402,University of Fort Lauderdale,Private nonprofit,3.596699311554103e-05,0,2.037214814814815,0.15381899324013915,0.02198831495122105,0.45981345339726903
3472,483373,Integrity College of Health,For-profit,3.425639510165645e-05,0,2.037214814814815,0.4238267839834157,0.021881647090897145,1.0
3473,446525,SAE Institute of Technology-Nashville,For-profit,3.357504585443065e-05,0,2.037214814814815,0.007220273073363436,-0.1900286819328805,1.0
3474,434469,New Professions Technical Institute,For-profit,3.3053598315792795e-05,0,2.037214814814815,0.023426169606667876,-0.09472184252545299,0.9892706071610677
3475,485953,The Recording Conservatory of Austin,For-profit,3.2419286338632684e-05,0,2.037037037037037,0.3046168639262433,0.08659844396158968,1.0
3476,437097,University of Management and Technology,For-profit,3.20139947707427e-05,0,2.037214814814815,0.026488437885090456,0.04742746725014919,0.9747259242419937
3477,195544,St. Joseph's University-New York,Private nonprofit,3.115211439575431e-05,0,2.037214814814815,0.33034721178415755,0.014080330371558172,0.7496073542817604
3478,443650,Miller-Motte College-Chattanooga,For-profit,3.077995696936885e-05,0,2.037214814814815,1.4569467438709902,0.2851723120419711,0.9913460763188057
3479,182148,Las Vegas College,For-profit,2.734139206006819e-05,0,2.037214814814815,1.1912652830860417,-0.13344684284228195,0.9970315674854466
3480,490841,Ross College-Grand Rapids North,For-profit,2.5579756190081588e-05,0,2.037214814814815,0.5205425289572759,0.3562378728655796,1.0
3481,483595,Ana G. Mendez University,Private nonprofit,2.1172744558666386e-05,0,2.037214814814815,1.0135982596890951,-0.42623173143056803,0.9056029829328589
3482,449506,SABER College,Private nonprofit,1.9947792562101842e-05,0,2.037214814814815,0.6585934140159496,0.020869503146724196,0.9264643404304819
3483,488846,University of the People,Private nonprofit,1.972537760349613e-05,0,2.037214814814815,0.24531910697724518,0.21645019470053892,0.527042722801675
3484,444787,Nightingale College,For-profit,1.5174925127477201e-05,0,2.037214814814815,0.3776807745223299,0.14344858462735546,0.9759289749259052
3485,384412,University of the Potomac-Washington DC Campus,For-profit,1.467376304011244e-05,0,2.037214814814815,0.27923337334587517,-0.18355014920476043,1.0
3486,120166,San Francisco Bay University,Private nonprofit,1.4340570676754233e-05,0,2.037214814814815,0.007220273073363436,0.770292306394654,0.005776521376669522
3487,161572,Unity College,Private nonprofit,1.1689275073309179e-05,0,2.037214814814815,0.27472745977020097,0.09931204614155172,0.8932570037372365
3488,234137,Virginia University of Lynchburg,Private nonprofit,1.1113527425258892e-05,0,2.037214814814815,0.23754262033228965,0.4174428009817557,0.5782222594764442
3489,151962,Mid-America College of Funeral Service,Private nonprofit,9.185377623905459e-06,0,2.0344827586206895,0.21816459570229316,0.2826493009440005,0.8321399525643688
3490,224271,Dallas Institute of Funeral Service,Private nonprofit,7.662808056021318e-06,0,2.037214814814815,0.12596498992248378,0.31413778936204156,0.9567048335643848
3491,201690,Central State University,Public,4.912109019322626e-06,0,1.6728971962616823,0.2956567463836112,0.0016165129891002861,0.13200718723916952
3492,224615,Dallas College,Public,3.6107491509246836e-06,0,2.037214814814815,0.43545141044811625,0.0910781508154092,0.07526364200074216
3493,173735,Minnesota North College,Public,2.4159125766866984e-06,0,1.943907156673114,0.3465388582175575,0.11791645394756599,0.16518514069491577
